setting,label,indicators,n_sites,candidate_set,reference,tie_rule,weights,first,n_joint_first,first_score,runner_up,gap_to_runner_up,gap_in_one_position_steps
S0_developer,S0 baseline e18a184 | Developer (cost first),ppa buildar_ac daily peak_share,251,all251,mixed0,strict,ppa=0.5 buildar_ac=0.25 daily=0.15 peak_share=0.1,Braintree #1,1,76.3711,Braintree #2,4.682149,
S0_city,S0 baseline e18a184 | City (housing first),ppa buildar_ac daily peak_share,251,all251,mixed0,strict,buildar_ac=0.5 ppa=0.2 daily=0.2 peak_share=0.1,Malden Center #1,1,82.3496,Braintree #1,1.201807,
S0_transit,S0 baseline e18a184 | Transit agency (ridership first),ppa buildar_ac daily peak_share,251,all251,mixed0,strict,daily=0.4 peak_share=0.3 ppa=0.15 buildar_ac=0.15,Malden Center #1,1,78.8829,Malden Center #2,0.378416,
S0_placemaking,S0 baseline e18a184 | Place-making (all-day use first),ppa buildar_ac daily peak_share,251,all251,mixed0,strict,peak_share=0.4 buildar_ac=0.25 daily=0.2 ppa=0.15,Revere Beach #1,1,78.8752,Malden Center #1,1.1119,
S0_equal,S0 baseline e18a184 | No prior (all four equal),ppa buildar_ac daily peak_share,251,all251,mixed0,strict,ppa=0.25 buildar_ac=0.25 daily=0.25 peak_share=0.25,Malden Center #1,1,76.259,Malden Center #2,0.630693,
S1_developer,S1 + record handling | Developer (cost first),ppa buildar_ac daily peak_share,246,main,mixed0,strict,ppa=0.5 buildar_ac=0.25 daily=0.15 peak_share=0.1,Braintree #1,1,76.3711,Braintree #2,4.682149,
S1_city,S1 + record handling | City (housing first),ppa buildar_ac daily peak_share,246,main,mixed0,strict,buildar_ac=0.5 ppa=0.2 daily=0.2 peak_share=0.1,Malden Center #1,1,82.3496,Braintree #1,1.201807,
S1_transit,S1 + record handling | Transit agency (ridership first),ppa buildar_ac daily peak_share,246,main,mixed0,strict,daily=0.4 peak_share=0.3 ppa=0.15 buildar_ac=0.15,Malden Center #1,1,78.8829,Malden Center #2,0.378416,
S1_placemaking,S1 + record handling | Place-making (all-day use first),ppa buildar_ac daily peak_share,246,main,mixed0,strict,peak_share=0.4 buildar_ac=0.25 daily=0.2 ppa=0.15,Revere Beach #1,1,78.8752,Malden Center #1,1.1119,
S1_equal,S1 + record handling | No prior (all four equal),ppa buildar_ac daily peak_share,246,main,mixed0,strict,ppa=0.25 buildar_ac=0.25 daily=0.25 peak_share=0.25,Malden Center #1,1,76.259,Malden Center #2,0.630693,
S2_developer,S2 + midrank ties | Developer (cost first),ppa buildar_ac daily peak_share,246,main,mixed0,midrank,ppa=0.5 buildar_ac=0.25 daily=0.15 peak_share=0.1,Braintree #1,1,76.4647,Braintree #2,4.690406,
S2_city,S2 + midrank ties | City (housing first),ppa buildar_ac daily peak_share,246,main,mixed0,midrank,buildar_ac=0.5 ppa=0.2 daily=0.2 peak_share=0.1,Malden Center #1,1,82.6732,Braintree #1,1.324737,
S2_transit,S2 + midrank ties | Transit agency (ridership first),ppa buildar_ac daily peak_share,246,main,mixed0,midrank,daily=0.4 peak_share=0.3 ppa=0.15 buildar_ac=0.15,Malden Center #1,1,79.2016,Malden Center #2,0.375939,
S2_placemaking,S2 + midrank ties | Place-making (all-day use first),ppa buildar_ac daily peak_share,246,main,mixed0,midrank,peak_share=0.4 buildar_ac=0.25 daily=0.2 ppa=0.15,Revere Beach #1,1,78.602,Malden Center #1,1.474594,
S2_equal,S2 + midrank ties | No prior (all four equal),ppa buildar_ac daily peak_share,246,main,mixed0,midrank,ppa=0.25 buildar_ac=0.25 daily=0.25 peak_share=0.25,Malden Center #1,1,76.259,Malden Center #2,0.626565,
S2u_developer,"S2u + candidate-set reference, strict ties | Developer (cost first)",ppa buildar_ac daily peak_share,246,main,uniform,strict,ppa=0.5 buildar_ac=0.25 daily=0.15 peak_share=0.1,Malden Center #2,1,92.561,Malden Center #1,0.304878,7.5
S2u_city,"S2u + candidate-set reference, strict ties | City (housing first)",ppa buildar_ac daily peak_share,246,main,uniform,strict,buildar_ac=0.5 ppa=0.2 daily=0.2 peak_share=0.1,Malden Center #1,1,92.8049,Malden Center #2,0.365854,9.0
S2u_transit,"S2u + candidate-set reference, strict ties | Transit agency (ridership first)",ppa buildar_ac daily peak_share,246,main,uniform,strict,daily=0.4 peak_share=0.3 ppa=0.15 buildar_ac=0.15,Malden Center #1 = Malden Center #2,2,86.4634,Malden Center #4,0.853659,14.0
S2u_placemaking,"S2u + candidate-set reference, strict ties | Place-making (all-day use first)",ppa buildar_ac daily peak_share,246,main,uniform,strict,peak_share=0.4 buildar_ac=0.25 daily=0.2 ppa=0.15,Revere Beach #1,1,88.1504,Malden Center #1,2.378049,39.0
S2u_equal,"S2u + candidate-set reference, strict ties | No prior (all four equal)",ppa buildar_ac daily peak_share,246,main,uniform,strict,ppa=0.25 buildar_ac=0.25 daily=0.25 peak_share=0.25,Malden Center #1 = Malden Center #2,2,88.6179,Malden Center #4,1.422764,14.0
S3_developer,S3 main analysis | Developer (cost first),ppa buildar_ac daily peak_share,246,main,uniform,midrank,ppa=0.5 buildar_ac=0.25 daily=0.15 peak_share=0.1,Malden Center #2,1,92.6728,Malden Center #1,0.304878,7.5
S3_city,S3 main analysis | City (housing first),ppa buildar_ac daily peak_share,246,main,uniform,midrank,buildar_ac=0.5 ppa=0.2 daily=0.2 peak_share=0.1,Malden Center #1,1,93.1911,Malden Center #2,0.365854,9.0
S3_transit,S3 main analysis | Transit agency (ridership first),ppa buildar_ac daily peak_share,246,main,uniform,midrank,daily=0.4 peak_share=0.3 ppa=0.15 buildar_ac=0.15,Malden Center #1 = Malden Center #2,2,86.7886,Malden Center #4,0.853659,14.0
S3_placemaking,S3 main analysis | Place-making (all-day use first),ppa buildar_ac daily peak_share,246,main,uniform,midrank,peak_share=0.4 buildar_ac=0.25 daily=0.2 ppa=0.15,Revere Beach #1,1,87.8862,Malden Center #1,2.743902,45.0
S3_equal,S3 main analysis | No prior (all four equal),ppa buildar_ac daily peak_share,246,main,uniform,midrank,ppa=0.25 buildar_ac=0.25 daily=0.25 peak_share=0.25,Malden Center #1 = Malden Center #2,2,88.6179,Malden Center #4,1.422764,14.0
K3_developer,"K3 main rules, flagged records kept | Developer (cost first)",ppa buildar_ac daily peak_share,251,all251,uniform,midrank,ppa=0.5 buildar_ac=0.25 daily=0.15 peak_share=0.1,Malden Center #2,1,92.6195,Malden Center #1,0.298805,7.5
K3_city,"K3 main rules, flagged records kept | City (housing first)",ppa buildar_ac daily peak_share,251,all251,uniform,midrank,buildar_ac=0.5 ppa=0.2 daily=0.2 peak_share=0.1,Malden Center #1,1,93.1275,Malden Center #2,0.358566,9.0
K3_transit,"K3 main rules, flagged records kept | Transit agency (ridership first)",ppa buildar_ac daily peak_share,251,all251,uniform,midrank,daily=0.4 peak_share=0.3 ppa=0.15 buildar_ac=0.15,Malden Center #1 = Malden Center #2,2,86.4542,Malden Center #4,0.956175,16.0
K3_placemaking,"K3 main rules, flagged records kept | Place-making (all-day use first)",ppa buildar_ac daily peak_share,251,all251,uniform,midrank,peak_share=0.4 buildar_ac=0.25 daily=0.2 ppa=0.15,Revere Beach #1,1,87.6693,Malden Center #1,3.027888,50.666667
K3_equal,"K3 main rules, flagged records kept | No prior (all four equal)",ppa buildar_ac daily peak_share,251,all251,uniform,midrank,ppa=0.25 buildar_ac=0.25 daily=0.25 peak_share=0.25,Malden Center #1 = Malden Center #2,2,88.3466,Malden Center #4,1.593625,16.0
E0_equal,"E0 five indicators, baseline rules | equal",ppa buildar_ac daily peak_share jobs45tr,251,all251,mixed0,strict,ppa=0.2 buildar_ac=0.2 daily=0.2 peak_share=0.2 jobs45tr=0.2,Malden Center #1,1,78.92,Malden Center #2,0.504554,
E2_equal,"E2 five indicators, mixed reference | equal",ppa buildar_ac daily peak_share jobs45tr,246,main,mixed0,midrank,ppa=0.2 buildar_ac=0.2 daily=0.2 peak_share=0.2 jobs45tr=0.2,Malden Center #1,1,78.9596,Malden Center #2,0.501252,
E3_equal,E3 extension: jobs45tr zero as recorded | equal,ppa buildar_ac daily peak_share jobs45tr,246,main,uniform,midrank,ppa=0.2 buildar_ac=0.2 daily=0.2 peak_share=0.2 jobs45tr=0.2,Malden Center #1 = Malden Center #2,2,78.5772,Sullivan Square #1,0.284553,3.5
E3u_equal,E3u extension: jobs45tr zero as unknown | equal,ppa buildar_ac daily peak_share jobs45tr,244,main_jobs_known,uniform,midrank,ppa=0.2 buildar_ac=0.2 daily=0.2 peak_share=0.2 jobs45tr=0.2,Malden Center #1 = Malden Center #2,2,78.5656,Sullivan Square #1,0.286885,3.5
S3_no_peak_share,S3 without peak share | equal,ppa buildar_ac daily,246,main,uniform,midrank,ppa=0.3333 buildar_ac=0.3333 daily=0.3333,Malden Center #1 = Malden Center #2,2,94.7154,Malden Center #4,1.897019,14.0
S3_peak_share_reversed,S3 with peak share higher-is-better | equal,ppa buildar_ac daily peak_share,246,main,uniform,midrank,ppa=0.25 buildar_ac=0.25 daily=0.25 peak_share=0.25,Alewife #1,1,88.1098,Alewife #2,6.402439,63.0
