site_oid,objectid,sid,station,municipal,nparcels,parcelids,parceladdr,land_value,bldg_value,othr_value,total_valu,sitearea_a,buildar_ac,polygon_acres,polygon_first_ring_acres,polygon_rings,centroid_offset_m,geometry_evidence,shares_parcel_with,overlaps_with,record_classes,cost_indicator,jobs45tr_status,evidence,in_main_set,exclusion_basis,exclusion_reason
9967,3,Assembly #1,Assembly,Somerville,0,1242329,,8492300.0,5130800.0,1099000.0,14722100.0,2.25,2.25,2.254,2.254,1,0.06,"validated: one ring, area and centroid match MAPC",9949 9971,,3_whole_parcel_value_repeated;4_nparcels_field_anomaly,unreliable,as_recorded,"identical land/building/other/total values to site 9949, which lists the same parcel; recorded areas 2.25 and 1.60 ac; MAPC centroids 70 m apart; decoded polygons overlap 0 m2 | identical land/building/other/total values to site 9971, which lists the same parcel; recorded areas 2.25 and 2.25 ac; MAPC centroids 67 m apart; decoded polygons overlap 0 m2 | nparcels = 0 although one parcel id is listed (no brackets, no address)",False,valuation not allocatable,"confirmed from attributes: same parcel id and identical land, building, other and total value as 9971 and 9949, on recorded areas of 2.25, 2.25 and 1.60 ac at MAPC centroids 67-137 m apart, so one parcel value stands for three different areas; nparcels = 0 contradicts the listed parcel"
9949,7,Assembly #3,Assembly,Somerville,1,[1242329],771 MCGRATH HWY,8492300.0,5130800.0,1099000.0,14722100.0,1.6,1.6,1.604,1.604,1,0.06,"validated: one ring, area and centroid match MAPC",9967 9971,,3_whole_parcel_value_repeated,unreliable,as_recorded,"identical land/building/other/total values to site 9967, which lists the same parcel; recorded areas 1.60 and 2.25 ac; MAPC centroids 70 m apart; decoded polygons overlap 0 m2 | identical land/building/other/total values to site 9971, which lists the same parcel; recorded areas 1.60 and 2.25 ac; MAPC centroids 137 m apart; decoded polygons overlap 0 m2",False,conservative,"record internally consistent (one parcel, an address); its value may be the parcel's own, but it is identical to two other records on other areas and which record it belongs to cannot be told"
10038,11,Davis #1,Davis,Somerville,5,[1244579 1244750 1244854 1245316 1245577],"418 HIGHLAND AVE; 233, 243, 245, 255 ELM ST",7437100.0,6860700.0,338100.0,14635900.0,1.1,1.1,1.244,1.101,2,8.36,"provisional: 2 ring(s), area match False, centroid offset 8.4 m",,10046:580m2,decoded_overlap_without_shared_parcel;recorded_area_differs_from_decoded,reliable,as_recorded,"decoded polygon overlaps site 10046 by 580 m2 (12% of this site) only through a second decoded ring, provisional; parcel lists disjoint, values distinct | decoded 1.24 ac against recorded 1.10 ac; the first ring alone (1.10 ac) matches; cause unknown, not treated as a source error",True,,
9971,13,Assembly #2,Assembly,Somerville,0,1242329,,8492300.0,5130800.0,1099000.0,14722100.0,2.25,2.25,2.246,2.246,1,0.06,"validated: one ring, area and centroid match MAPC",9949 9967,,3_whole_parcel_value_repeated;4_nparcels_field_anomaly,unreliable,as_recorded,"identical land/building/other/total values to site 9949, which lists the same parcel; recorded areas 2.25 and 1.60 ac; MAPC centroids 137 m apart; decoded polygons overlap 0 m2 | identical land/building/other/total values to site 9967, which lists the same parcel; recorded areas 2.25 and 2.25 ac; MAPC centroids 67 m apart; decoded polygons overlap 0 m2 | nparcels = 0 although one parcel id is listed (no brackets, no address)",False,valuation not allocatable,as 9967
10046,46,Davis #9,Davis,Somerville,1,[1242289],5 DAVIS SQ,4330700.0,6570200.0,252400.0,11153300.0,0.41,0.41,0.408,0.408,1,0.06,"validated: one ring, area and centroid match MAPC",,10038:580m2,decoded_overlap_without_shared_parcel,reliable,as_recorded,"decoded polygon overlaps site 10038 by 580 m2 (35% of this site) only through a second decoded ring, provisional; parcel lists disjoint, values distinct",True,,
9842,56,Sullivan Square #4,Sullivan Square,Somerville,3,[1239827 1249516 1249543],"78, 80, 84 BROADWAY",914300.0,1181500.0,27300.0,2123100.0,0.28,0.28,0.241,0.241,1,2.34,"provisional: 1 ring(s), area match False, centroid offset 2.3 m",,,recorded_area_differs_from_decoded,reliable,as_recorded,"decoded 0.24 ac against recorded 0.28 ac; cause unknown, not treated as a source error",True,,
8128,468,Eliot #2,Eliot,Newton,7,[522662 525982 525983 525987 525994 525995 525996],"60, 66, 70, 72, 74, 82, 84, 88 NEEDHAM ST",7437200.0,4094600.0,159800.0,11691600.0,3.72,3.72,3.64,3.716,2,0.23,"provisional: 2 ring(s), area match False, centroid offset 0.2 m",,,recorded_area_differs_from_decoded,reliable,as_recorded,"decoded 3.64 ac against recorded 3.72 ac; the first ring alone (3.72 ac) matches; cause unknown, not treated as a source error",True,,
8229,499,Newton Highlands #3,Newton Highlands,Newton,2,[520086 520177],"35, 41, 43, 53 LINCOLN ST",2193900.0,10008300.0,27600.0,12229800.0,0.85,0.85,0.515,0.515,1,15.36,"provisional: 1 ring(s), area match False, centroid offset 15.4 m",,,recorded_area_differs_from_decoded,reliable,as_recorded,"decoded 0.52 ac against recorded 0.85 ac; cause unknown, not treated as a source error",True,,
6766,836,Quincy Center #8,Quincy Center,Quincy,0,621026,,432800.0,3234600.0,29400.0,3696800.0,0.62,0.62,0.624,0.624,1,0.08,"validated: one ring, area and centroid match MAPC",6758,6758:2523m2,2_sites_share_a_parcel;4_nparcels_field_anomaly,unverifiable,as_recorded,"lists a parcel also listed by site 6758; values differ, so how that parcel is valued between the two cannot be checked; MAPC centroids 68 m apart; decoded polygons overlap 2523 m2 (provisional where a second ring is involved) | nparcels = 0 although one parcel id is listed (no brackets, no address)",False,conservative,its own values differ from 6758's and may be parcel 621026's alone; out because the same parcel is also valued in 6758; nparcels = 0 contradicts the listed parcel
6758,855,Quincy Center #6,Quincy Center,Quincy,6,[621019 621020 621021 621022 621024 621026],"1510, 1534, 1546, 1550, 1562, 1570 HANCOCK ST",2047300.0,5679200.0,83900.0,7810400.0,0.73,0.73,1.359,0.735,2,31.33,"provisional: 2 ring(s), area match False, centroid offset 31.3 m",6766,6766:2523m2,2_sites_share_a_parcel;recorded_area_differs_from_decoded,unverifiable,as_recorded,"lists a parcel also listed by site 6766; values differ, so how that parcel is valued between the two cannot be checked; MAPC centroids 68 m apart; decoded polygons overlap 2523 m2 (provisional where a second ring is involved) | decoded 1.36 ac against recorded 0.73 ac; the first ring alone (0.73 ac) matches; cause unknown, not treated as a source error",False,valuation not allocatable,"confirmed from attributes: lists parcel 621026, which 6766 also lists; by MAPC's definition its land value sums all six listed parcels, so that parcel is valued in both sites and the split is unknown"
7329,878,North Quincy #8,North Quincy,Quincy,3,[633325 633328 633333],409 - 413 HANCOCK ST; 21 BILLINGS RD,820000.0,1259000.0,49600.0,2128600.0,0.36,0.36,0.27,0.27,1,4.81,"provisional: 1 ring(s), area match False, centroid offset 4.8 m",,,recorded_area_differs_from_decoded,reliable,as_recorded,"decoded 0.27 ac against recorded 0.36 ac; cause unknown, not treated as a source error",True,,
5992,1157,Braintree #7,Braintree,Braintree,0,2060165,,476700.0,1045200.0,10000.0,1531900.0,0.4,0.4,0.401,0.401,1,0.07,"validated: one ring, area and centroid match MAPC",,,4_nparcels_field_anomaly,reliable,as_recorded,"nparcels = 0 although one parcel id is listed (no brackets, no address)",True,,
