setting,label,n_sites,candidate_set,reference,tie_rule,indicators,flipped
S0_developer,S0 baseline e18a184 | Developer (cost first),251,all251,mixed0,strict,ppa buildar_ac daily peak_share,
S0_city,S0 baseline e18a184 | City (housing first),251,all251,mixed0,strict,ppa buildar_ac daily peak_share,
S0_transit,S0 baseline e18a184 | Transit agency (ridership first),251,all251,mixed0,strict,ppa buildar_ac daily peak_share,
S0_placemaking,S0 baseline e18a184 | Place-making (all-day use first),251,all251,mixed0,strict,ppa buildar_ac daily peak_share,
S0_equal,S0 baseline e18a184 | No prior (all four equal),251,all251,mixed0,strict,ppa buildar_ac daily peak_share,
S1_developer,S1 + record handling | Developer (cost first),246,main,mixed0,strict,ppa buildar_ac daily peak_share,
S1_city,S1 + record handling | City (housing first),246,main,mixed0,strict,ppa buildar_ac daily peak_share,
S1_transit,S1 + record handling | Transit agency (ridership first),246,main,mixed0,strict,ppa buildar_ac daily peak_share,
S1_placemaking,S1 + record handling | Place-making (all-day use first),246,main,mixed0,strict,ppa buildar_ac daily peak_share,
S1_equal,S1 + record handling | No prior (all four equal),246,main,mixed0,strict,ppa buildar_ac daily peak_share,
S2_developer,S2 + midrank ties | Developer (cost first),246,main,mixed0,midrank,ppa buildar_ac daily peak_share,
S2_city,S2 + midrank ties | City (housing first),246,main,mixed0,midrank,ppa buildar_ac daily peak_share,
S2_transit,S2 + midrank ties | Transit agency (ridership first),246,main,mixed0,midrank,ppa buildar_ac daily peak_share,
S2_placemaking,S2 + midrank ties | Place-making (all-day use first),246,main,mixed0,midrank,ppa buildar_ac daily peak_share,
S2_equal,S2 + midrank ties | No prior (all four equal),246,main,mixed0,midrank,ppa buildar_ac daily peak_share,
S2u_developer,"S2u + candidate-set reference, strict ties | Developer (cost first)",246,main,uniform,strict,ppa buildar_ac daily peak_share,
S2u_city,"S2u + candidate-set reference, strict ties | City (housing first)",246,main,uniform,strict,ppa buildar_ac daily peak_share,
S2u_transit,"S2u + candidate-set reference, strict ties | Transit agency (ridership first)",246,main,uniform,strict,ppa buildar_ac daily peak_share,
S2u_placemaking,"S2u + candidate-set reference, strict ties | Place-making (all-day use first)",246,main,uniform,strict,ppa buildar_ac daily peak_share,
S2u_equal,"S2u + candidate-set reference, strict ties | No prior (all four equal)",246,main,uniform,strict,ppa buildar_ac daily peak_share,
S3_developer,S3 main analysis | Developer (cost first),246,main,uniform,midrank,ppa buildar_ac daily peak_share,
S3_city,S3 main analysis | City (housing first),246,main,uniform,midrank,ppa buildar_ac daily peak_share,
S3_transit,S3 main analysis | Transit agency (ridership first),246,main,uniform,midrank,ppa buildar_ac daily peak_share,
S3_placemaking,S3 main analysis | Place-making (all-day use first),246,main,uniform,midrank,ppa buildar_ac daily peak_share,
S3_equal,S3 main analysis | No prior (all four equal),246,main,uniform,midrank,ppa buildar_ac daily peak_share,
K3_developer,"K3 main rules, flagged records kept | Developer (cost first)",251,all251,uniform,midrank,ppa buildar_ac daily peak_share,
K3_city,"K3 main rules, flagged records kept | City (housing first)",251,all251,uniform,midrank,ppa buildar_ac daily peak_share,
K3_transit,"K3 main rules, flagged records kept | Transit agency (ridership first)",251,all251,uniform,midrank,ppa buildar_ac daily peak_share,
K3_placemaking,"K3 main rules, flagged records kept | Place-making (all-day use first)",251,all251,uniform,midrank,ppa buildar_ac daily peak_share,
K3_equal,"K3 main rules, flagged records kept | No prior (all four equal)",251,all251,uniform,midrank,ppa buildar_ac daily peak_share,
E0_equal,"E0 five indicators, baseline rules | equal",251,all251,mixed0,strict,ppa buildar_ac daily peak_share jobs45tr,
E2_equal,"E2 five indicators, mixed reference | equal",246,main,mixed0,midrank,ppa buildar_ac daily peak_share jobs45tr,
E3_equal,E3 extension: jobs45tr zero as recorded | equal,246,main,uniform,midrank,ppa buildar_ac daily peak_share jobs45tr,
E3u_equal,E3u extension: jobs45tr zero as unknown | equal,244,main_jobs_known,uniform,midrank,ppa buildar_ac daily peak_share jobs45tr,
S3_no_peak_share,S3 without peak share | equal,246,main,uniform,midrank,ppa buildar_ac daily,
S3_peak_share_reversed,S3 with peak share higher-is-better | equal,246,main,uniform,midrank,ppa buildar_ac daily peak_share,peak_share
