site_oid,objectid,sid,station,municipal,nparcels,parcelids,record_classes,cost_indicator,in_main_set,code,mapc_station,merged_into,sid_source
9965,82,Alewife #1,Alewife,Cambridge,1,[2084914],,reliable,True,ALE-1,Alewife,,"build_2026.py at e18a184; frozen, not renumbered after exclusions"
9928,87,Alewife #2,Alewife,Cambridge,3,[2074684 2074863 2084913],,reliable,True,ALE-2,Alewife,,"build_2026.py at e18a184; frozen, not renumbered after exclusions"
8865,315,Amory Street #1,Amory Street,Brookline,2,[2071941 2071943],,reliable,True,AMO-1,Boston University West,,"build_2026.py at e18a184; frozen, not renumbered after exclusions"
8878,346,Amory Street #2,Amory Street,Brookline,1,[2072531],,reliable,True,AMO-2,Saint Paul Street,,"build_2026.py at e18a184; frozen, not renumbered after exclusions"
9967,3,Assembly #1,Assembly,Somerville,0,1242329,3_whole_parcel_value_repeated;4_nparcels_field_anomaly,unreliable,False,ASM-1,Assembly,,"build_2026.py at e18a184; frozen, not renumbered after exclusions"
9971,13,Assembly #2,Assembly,Somerville,0,1242329,3_whole_parcel_value_repeated;4_nparcels_field_anomaly,unreliable,False,ASM-2,Assembly,,"build_2026.py at e18a184; frozen, not renumbered after exclusions"
9949,7,Assembly #3,Assembly,Somerville,1,[1242329],3_whole_parcel_value_repeated,unreliable,False,ASM-3,Assembly,,"build_2026.py at e18a184; frozen, not renumbered after exclusions"
10012,72,Assembly #4,Assembly,Somerville,1,[1245817],,reliable,True,ASM-4,Assembly,,"build_2026.py at e18a184; frozen, not renumbered after exclusions"
9995,73,Assembly #5,Assembly,Somerville,1,[1245159],,reliable,True,ASM-5,Assembly,,"build_2026.py at e18a184; frozen, not renumbered after exclusions"
8902,320,Babcock Street #1,Babcock Street,Brookline,5,[2072969 2072970 2072971 2072972 2072973],,reliable,True,BAB-1,Babcock Street,,"build_2026.py at e18a184; frozen, not renumbered after exclusions"
10126,57,Ball Square #1,Ball Square,Somerville,4,[1241444 1241452 1242962 1242976],,reliable,True,BAL-1,Ball Square,,"build_2026.py at e18a184; frozen, not renumbered after exclusions"
10211,725,Ball Square #2,Ball Square,Medford,2,[1190585 1190586],,reliable,True,BAL-2,Ball Square,,"build_2026.py at e18a184; frozen, not renumbered after exclusions"
10123,60,Ball Square #3,Ball Square,Somerville,1,[1241480],,reliable,True,BAL-3,Ball Square,,"build_2026.py at e18a184; frozen, not renumbered after exclusions"
10143,64,Ball Square #4,Ball Square,Somerville,1,[1242874],,reliable,True,BAL-4,Ball Square,,"build_2026.py at e18a184; frozen, not renumbered after exclusions"
10230,722,Ball Square #5,Ball Square,Medford,3,[1190561 1190562 1190563],,reliable,True,BAL-5,Ball Square,,"build_2026.py at e18a184; frozen, not renumbered after exclusions"
10140,69,Ball Square #6,Ball Square,Somerville,2,[1191058 1243044],,reliable,True,BAL-6,Ball Square,,"build_2026.py at e18a184; frozen, not renumbered after exclusions"
10231,727,Ball Square #7,Ball Square,Medford,3,[1190545 1190548 1190549],,reliable,True,BAL-7,Ball Square,,"build_2026.py at e18a184; frozen, not renumbered after exclusions"
5973,1145,Braintree #1,Braintree,Braintree,2,[2060307 2060618],,reliable,True,BRA-1,Braintree,,"build_2026.py at e18a184; frozen, not renumbered after exclusions"
6019,1146,Braintree #2,Braintree,Braintree,3,[2059919 2060086 2060100],,reliable,True,BRA-2,Braintree,,"build_2026.py at e18a184; frozen, not renumbered after exclusions"
5966,1154,Braintree #3,Braintree,Braintree,2,[2060351 2060353],,reliable,True,BRA-3,Braintree,,"build_2026.py at e18a184; frozen, not renumbered after exclusions"
5965,1153,Braintree #4,Braintree,Braintree,2,[2060371 2060380],,reliable,True,BRA-4,Braintree,,"build_2026.py at e18a184; frozen, not renumbered after exclusions"
5982,1151,Braintree #5,Braintree,Braintree,3,[2060194 2060200 2060228],,reliable,True,BRA-5,Braintree,,"build_2026.py at e18a184; frozen, not renumbered after exclusions"
5999,1171,Braintree #6,Braintree,Braintree,1,[2060116],,reliable,True,BRA-6,Braintree,,"build_2026.py at e18a184; frozen, not renumbered after exclusions"
5992,1157,Braintree #7,Braintree,Braintree,0,2060165,4_nparcels_field_anomaly,reliable,True,BRA-7,Braintree,,"build_2026.py at e18a184; frozen, not renumbered after exclusions"
5967,1172,Braintree #8,Braintree,Braintree,5,[2060348 2060354 2060359 2060373 2060386],,reliable,True,BRA-8,Braintree,,"build_2026.py at e18a184; frozen, not renumbered after exclusions"
5991,1183,Braintree #9,Braintree,Braintree,1,[2060166],,reliable,True,BRA-9,Braintree,,"build_2026.py at e18a184; frozen, not renumbered after exclusions"
8476,330,Brookline Hills #1,Brookline Hills,Brookline,1,[2069033],,reliable,True,BRH-1,Brookline Hills,,"build_2026.py at e18a184; frozen, not renumbered after exclusions"
8399,328,Brookline Hills #2,Brookline Hills,Brookline,1,[2067866],,reliable,True,BRH-2,Brookline Hills,,"build_2026.py at e18a184; frozen, not renumbered after exclusions"
8383,336,Brookline Hills #3,Brookline Hills,Brookline,2,[2067735 2067741],,reliable,True,BRH-3,Brookline Hills,,"build_2026.py at e18a184; frozen, not renumbered after exclusions"
8487,324,Brookline Hills #4,Brookline Hills,Brookline,1,[2069199],,reliable,True,BRH-4,Brookline Hills,,"build_2026.py at e18a184; frozen, not renumbered after exclusions"
8411,347,Brookline Hills #5,Brookline Hills,Brookline,1,[2067889],,reliable,True,BRH-5,Brookline Hills,,"build_2026.py at e18a184; frozen, not renumbered after exclusions"
8452,317,Brookline Village #1,Brookline Village,Brookline,1,[2068490],,reliable,True,BRV-1,Brookline Village,,"build_2026.py at e18a184; frozen, not renumbered after exclusions"
8527,309,Brookline Village #2,Brookline Village,Brookline,1,[2069811],,reliable,True,BRV-2,Brookline Village,,"build_2026.py at e18a184; frozen, not renumbered after exclusions"
8466,314,Brookline Village #3,Brookline Village,Brookline,5,[2068650 2068653 2068670 2068706 2068816],,reliable,True,BRV-3,Brookline Village,,"build_2026.py at e18a184; frozen, not renumbered after exclusions"
8486,340,Brookline Village #4,Brookline Village,Brookline,1,[2069190],,reliable,True,BRV-4,Brookline Village,,"build_2026.py at e18a184; frozen, not renumbered after exclusions"
8419,342,Brookline Village #5,Brookline Village,Brookline,1,[2068150],,reliable,True,BRV-5,Brookline Village,,"build_2026.py at e18a184; frozen, not renumbered after exclusions"
9289,84,Central #1,Central,Cambridge,1,[2082061],,reliable,True,CEN-1,Central,,"build_2026.py at e18a184; frozen, not renumbered after exclusions"
9206,83,Central #2,Central,Cambridge,1,[2083114],,reliable,True,CEN-2,Central,,"build_2026.py at e18a184; frozen, not renumbered after exclusions"
9179,86,Central #3,Central,Cambridge,4,[2083324 2083345 2083349 2083364],,reliable,True,CEN-3,Central,,"build_2026.py at e18a184; frozen, not renumbered after exclusions"
9168,92,Central #4,Central,Cambridge,2,[2083422 2083456],,reliable,True,CEN-4,Central,,"build_2026.py at e18a184; frozen, not renumbered after exclusions"
9237,103,Central #5,Central,Cambridge,1,[2082806],,reliable,True,CEN-5,Central,,"build_2026.py at e18a184; frozen, not renumbered after exclusions"
9208,91,Central #6,Central,Cambridge,1,[2083101],,reliable,True,CEN-6,Central,,"build_2026.py at e18a184; frozen, not renumbered after exclusions"
9239,99,Central #7,Central,Cambridge,1,[2082802],,reliable,True,CEN-7,Central,,"build_2026.py at e18a184; frozen, not renumbered after exclusions"
8298,471,Chestnut Hill #1,Chestnut Hill,Newton,2,[504048 519584],,reliable,True,CHE-1,Chestnut Hill,,"build_2026.py at e18a184; frozen, not renumbered after exclusions"
8281,329,Chestnut Hill #2,Chestnut Hill,Brookline,1,[2066518],,reliable,True,CHE-2,Chestnut Hill,,"build_2026.py at e18a184; frozen, not renumbered after exclusions"
8255,348,Chestnut Hill #3,Chestnut Hill,Brookline,1,[2066455],,reliable,True,CHE-3,Chestnut Hill,,"build_2026.py at e18a184; frozen, not renumbered after exclusions"
8274,349,Chestnut Hill #4,Chestnut Hill,Brookline,1,[2066501],,reliable,True,CHE-4,Chestnut Hill,,"build_2026.py at e18a184; frozen, not renumbered after exclusions"
8547,307,Coolidge Corner #1,Coolidge Corner,Brookline,1,[2070358],,reliable,True,COO-1,Coolidge Corner,,"build_2026.py at e18a184; frozen, not renumbered after exclusions"
8611,344,Coolidge Corner #10,Coolidge Corner,Brookline,1,[2071144],,reliable,True,COO-10,Coolidge Corner,,"build_2026.py at e18a184; frozen, not renumbered after exclusions"
8600,352,Coolidge Corner #11,Coolidge Corner,Brookline,1,[2070953],,reliable,True,COO-11,Coolidge Corner,,"build_2026.py at e18a184; frozen, not renumbered after exclusions"
8624,351,Coolidge Corner #12,Coolidge Corner,Brookline,1,[2071258],,reliable,True,COO-12,Saint Paul Street,,"build_2026.py at e18a184; frozen, not renumbered after exclusions"
8617,318,Coolidge Corner #2,Coolidge Corner,Brookline,2,[2071184 2071198],,reliable,True,COO-2,Coolidge Corner,,"build_2026.py at e18a184; frozen, not renumbered after exclusions"
8640,311,Coolidge Corner #3,Coolidge Corner,Brookline,3,[2071337 2071353 2071381],,reliable,True,COO-3,Coolidge Corner,,"build_2026.py at e18a184; frozen, not renumbered after exclusions"
8650,310,Coolidge Corner #4,Coolidge Corner,Brookline,4,[2071407 2071438 2071455 2071475],,reliable,True,COO-4,Coolidge Corner,,"build_2026.py at e18a184; frozen, not renumbered after exclusions"
8626,331,Coolidge Corner #5,Coolidge Corner,Brookline,3,[2071196 2071206 2071272],,reliable,True,COO-5,Coolidge Corner,,"build_2026.py at e18a184; frozen, not renumbered after exclusions"
8649,338,Coolidge Corner #6,Coolidge Corner,Brookline,3,[2071041 2071406 2071428],,reliable,True,COO-6,Coolidge Corner,,"build_2026.py at e18a184; frozen, not renumbered after exclusions"
8657,334,Coolidge Corner #7,Coolidge Corner,Brookline,1,[2071559],,reliable,True,COO-7,Coolidge Corner,,"build_2026.py at e18a184; frozen, not renumbered after exclusions"
8647,325,Coolidge Corner #8,Coolidge Corner,Brookline,1,[2071433],,reliable,True,COO-8,Coolidge Corner,,"build_2026.py at e18a184; frozen, not renumbered after exclusions"
8593,326,Coolidge Corner #9,Coolidge Corner,Brookline,1,[2070875],,reliable,True,COO-9,Coolidge Corner,,"build_2026.py at e18a184; frozen, not renumbered after exclusions"
10038,11,Davis #1,Davis,Somerville,5,[1244579 1244750 1244854 1245316 1245577],decoded_overlap_without_shared_parcel;recorded_area_differs_from_decoded,reliable,True,DAV-1,Davis,,"build_2026.py at e18a184; frozen, not renumbered after exclusions"
10054,31,Davis #10,Davis,Somerville,3,[1240772 1244683 1244701],,reliable,True,DAV-10,Davis,,"build_2026.py at e18a184; frozen, not renumbered after exclusions"
10015,110,Davis #11,Davis,Cambridge,3,[2073868 2073885 2073904],,reliable,True,DAV-11,Davis,,"build_2026.py at e18a184; frozen, not renumbered after exclusions"
10118,42,Davis #12,Davis,Somerville,2,[1240251 1243746],,reliable,True,DAV-12,Davis,,"build_2026.py at e18a184; frozen, not renumbered after exclusions"
10017,109,Davis #13,Davis,Cambridge,1,[2084828],,reliable,True,DAV-13,Davis,,"build_2026.py at e18a184; frozen, not renumbered after exclusions"
10065,55,Davis #14,Davis,Somerville,2,[1244364 1244426],,reliable,True,DAV-14,Davis,,"build_2026.py at e18a184; frozen, not renumbered after exclusions"
10042,45,Davis #15,Davis,Somerville,1,[1240155],,reliable,True,DAV-15,Davis,,"build_2026.py at e18a184; frozen, not renumbered after exclusions"
10060,126,Davis #16,Davis,Cambridge,1,[2073432],,reliable,True,DAV-16,Davis,,"build_2026.py at e18a184; frozen, not renumbered after exclusions"
10018,21,Davis #2,Davis,Somerville,3,[1245701 1245790 1245832],,reliable,True,DAV-2,Davis,,"build_2026.py at e18a184; frozen, not renumbered after exclusions"
10034,25,Davis #3,Davis,Somerville,3,[1244783 1244870 1245349],,reliable,True,DAV-3,Davis,,"build_2026.py at e18a184; frozen, not renumbered after exclusions"
9975,95,Davis #4,Davis,Cambridge,2,[2074330 2074361],,reliable,True,DAV-4,Davis,,"build_2026.py at e18a184; frozen, not renumbered after exclusions"
10040,22,Davis #5,Davis,Somerville,2,[1240163 1240549],,reliable,True,DAV-5,Davis,,"build_2026.py at e18a184; frozen, not renumbered after exclusions"
10043,39,Davis #6,Davis,Somerville,1,[1240024],,reliable,True,DAV-6,Davis,,"build_2026.py at e18a184; frozen, not renumbered after exclusions"
10116,112,Davis #7,Davis,Cambridge,2,[2073248 2073304],,reliable,True,DAV-7,Davis,,"build_2026.py at e18a184; frozen, not renumbered after exclusions"
10021,28,Davis #8,Davis,Somerville,2,[1245667 1245715],,reliable,True,DAV-8,Davis,,"build_2026.py at e18a184; frozen, not renumbered after exclusions"
10046,46,Davis #9,Davis,Somerville,1,[1242289],decoded_overlap_without_shared_parcel,reliable,True,DAV-9,Davis,,"build_2026.py at e18a184; frozen, not renumbered after exclusions"
9475,1,East Somerville #1,East Somerville,Somerville,1,[1252601],,reliable,True,EAS-1,Washington Street,,"build_2026.py at e18a184; frozen, not renumbered after exclusions"
9653,15,East Somerville #2,East Somerville,Somerville,1,[1251489],,reliable,True,EAS-2,Washington Street,,"build_2026.py at e18a184; frozen, not renumbered after exclusions"
9588,9,East Somerville #3,East Somerville,Somerville,1,[1251875],,reliable,True,EAS-3,Washington Street,,"build_2026.py at e18a184; frozen, not renumbered after exclusions"
9667,36,East Somerville #4,East Somerville,Somerville,1,[1246534],,reliable,True,EAS-4,Washington Street,,"build_2026.py at e18a184; frozen, not renumbered after exclusions"
9548,26,East Somerville #5,East Somerville,Somerville,1,[1252141],,reliable,True,EAS-5,Washington Street,,"build_2026.py at e18a184; frozen, not renumbered after exclusions"
9628,61,East Somerville #6,East Somerville,Somerville,1,[1251737],,reliable,True,EAS-6,Washington Street,,"build_2026.py at e18a184; frozen, not renumbered after exclusions"
8165,473,Eliot #1,Eliot,Newton,4,[519735 519736 521752 521939],,reliable,True,ELI-1,Eliot,,"build_2026.py at e18a184; frozen, not renumbered after exclusions"
8128,468,Eliot #2,Eliot,Newton,7,[522662 525982 525983 525987 525994 525995 525996],recorded_area_differs_from_decoded,reliable,True,ELI-2,Eliot,,"build_2026.py at e18a184; frozen, not renumbered after exclusions"
8136,494,Eliot #3,Eliot,Newton,1,[525981],,reliable,True,ELI-3,Eliot,,"build_2026.py at e18a184; frozen, not renumbered after exclusions"
8102,514,Eliot #4,Eliot,Newton,2,[523107 523173],,reliable,True,ELI-4,Eliot,,"build_2026.py at e18a184; frozen, not renumbered after exclusions"
8140,479,Eliot #5,Eliot,Newton,4,[522403 522535 525992 525993],,reliable,True,ELI-5,Eliot,,"build_2026.py at e18a184; frozen, not renumbered after exclusions"
8116,483,Eliot #6,Eliot,Newton,1,[522906],,reliable,True,ELI-6,Eliot,,"build_2026.py at e18a184; frozen, not renumbered after exclusions"
8115,518,Eliot #7,Eliot,Newton,4,[522223 522912 522919 522962],,reliable,True,ELI-7,Eliot,,"build_2026.py at e18a184; frozen, not renumbered after exclusions"
8175,500,Eliot #8,Eliot,Newton,1,[521665],,reliable,True,ELI-8,Eliot,,"build_2026.py at e18a184; frozen, not renumbered after exclusions"
8169,523,Eliot #9,Eliot,Newton,1,[521711],,reliable,True,ELI-9,Newton Highlands,,"build_2026.py at e18a184; frozen, not renumbered after exclusions"
9986,6,Gilman Square #1,Gilman Square,Somerville,4,[1242292 1243209 1246858 1246907],,reliable,True,GIL-1,Gilman Square,,"build_2026.py at e18a184; frozen, not renumbered after exclusions"
9867,62,Gilman Square #10,Gilman Square,Somerville,1,[1248915],,reliable,True,GIL-10,Gilman Square,,"build_2026.py at e18a184; frozen, not renumbered after exclusions"
9850,51,Gilman Square #11,Gilman Square,Somerville,1,[1246489],,reliable,True,GIL-11,Gilman Square,,"build_2026.py at e18a184; frozen, not renumbered after exclusions"
10006,37,Gilman Square #2,Gilman Square,Somerville,1,[1246248],,reliable,True,GIL-2,Gilman Square,,"build_2026.py at e18a184; frozen, not renumbered after exclusions"
9989,59,Gilman Square #3,Gilman Square,Somerville,1,[1240353],,reliable,True,GIL-3,Gilman Square,,"build_2026.py at e18a184; frozen, not renumbered after exclusions"
9877,47,Gilman Square #4,Gilman Square,Somerville,2,[1245879 1249010],,reliable,True,GIL-4,Gilman Square,,"build_2026.py at e18a184; frozen, not renumbered after exclusions"
9976,65,Gilman Square #5,Gilman Square,Somerville,1,[1243329],,reliable,True,GIL-5,Gilman Square,,"build_2026.py at e18a184; frozen, not renumbered after exclusions"
9872,63,Gilman Square #6,Gilman Square,Somerville,1,[1249108],,reliable,True,GIL-6,Gilman Square,,"build_2026.py at e18a184; frozen, not renumbered after exclusions"
9905,38,Gilman Square #7,Gilman Square,Somerville,1,[1243543],,reliable,True,GIL-7,Gilman Square,,"build_2026.py at e18a184; frozen, not renumbered after exclusions"
9887,71,Gilman Square #8,Gilman Square,Somerville,1,[1248706],,reliable,True,GIL-8,Gilman Square,,"build_2026.py at e18a184; frozen, not renumbered after exclusions"
9890,58,Gilman Square #9,Gilman Square,Somerville,1,[1245464],,reliable,True,GIL-9,Gilman Square,,"build_2026.py at e18a184; frozen, not renumbered after exclusions"
9397,79,Harvard #1,Harvard,Cambridge,5,[2079904 2079908 2079933 2079959 2080030],,reliable,True,HAR-1,Harvard,,"build_2026.py at e18a184; frozen, not renumbered after exclusions"
9441,80,Harvard #2,Harvard,Cambridge,2,[2079187 2079233],,reliable,True,HAR-2,Harvard,,"build_2026.py at e18a184; frozen, not renumbered after exclusions"
9325,85,Harvard #3,Harvard,Cambridge,1,[2081316],,reliable,True,HAR-3,Central,,"build_2026.py at e18a184; frozen, not renumbered after exclusions"
9447,106,Harvard #4,Harvard,Cambridge,1,[2079132],,reliable,True,HAR-4,Harvard,,"build_2026.py at e18a184; frozen, not renumbered after exclusions"
8787,308,Harvard Avenue #1,Harvard Avenue,Brookline,1,[2072760],,reliable,True,HAV-1,Harvard Avenue,,"build_2026.py at e18a184; frozen, not renumbered after exclusions"
8728,319,Harvard Avenue #2,Harvard Avenue,Brookline,2,[2072311 2072452],,reliable,True,HAV-2,Harvard Avenue,,"build_2026.py at e18a184; frozen, not renumbered after exclusions"
9457,8,Lechmere #1,Lechmere,Somerville,2,[1252486 1252510],,reliable,True,LEC-1,Lechmere,,"build_2026.py at e18a184; frozen, not renumbered after exclusions"
9298,101,Lechmere #2,Lechmere,Cambridge,2,[2081884 2081986],,reliable,True,LEC-2,Lechmere,,"build_2026.py at e18a184; frozen, not renumbered after exclusions"
9278,96,Lechmere #3,Lechmere,Cambridge,1,[2084888],,reliable,True,LEC-3,Lechmere,,"build_2026.py at e18a184; frozen, not renumbered after exclusions"
10059,50,Magoun Square #1,Magoun Square,Somerville,6,[1240451 1242256 1244531 1244558 1244620 1244697],,reliable,True,MAG-1,Lowell Street,,"build_2026.py at e18a184; frozen, not renumbered after exclusions"
10064,54,Magoun Square #2,Magoun Square,Somerville,4,[1242252 1244393 1244523 1244630],,reliable,True,MAG-2,Lowell Street,,"build_2026.py at e18a184; frozen, not renumbered after exclusions"
10031,68,Magoun Square #3,Magoun Square,Somerville,3,[1244861 1244915 1245567],,reliable,True,MAG-3,Gilman Square,,"build_2026.py at e18a184; frozen, not renumbered after exclusions"
10667,388,Malden Center #1,Malden Center,Malden,2,[1795865 1795897],,reliable,True,MAL-1,Malden Center,,"build_2026.py at e18a184; frozen, not renumbered after exclusions"
10710,405,Malden Center #10,Malden Center,Malden,1,[1796992],,reliable,True,MAL-10,Malden Center,,"build_2026.py at e18a184; frozen, not renumbered after exclusions"
10701,412,Malden Center #11,Malden Center,Malden,1,[1796634],,reliable,True,MAL-11,Malden Center,,"build_2026.py at e18a184; frozen, not renumbered after exclusions"
10696,413,Malden Center #12,Malden Center,Malden,2,[1796484 1796506],,reliable,True,MAL-12,Malden Center,,"build_2026.py at e18a184; frozen, not renumbered after exclusions"
10670,410,Malden Center #13,Malden Center,Malden,1,[1796014],,reliable,True,MAL-13,Malden Center,,"build_2026.py at e18a184; frozen, not renumbered after exclusions"
10657,406,Malden Center #14,Malden Center,Malden,1,[1795735],,reliable,True,MAL-14,Malden Center,,"build_2026.py at e18a184; frozen, not renumbered after exclusions"
10676,425,Malden Center #15,Malden Center,Malden,1,[1796139],,reliable,True,MAL-15,Malden Center,,"build_2026.py at e18a184; frozen, not renumbered after exclusions"
10618,429,Malden Center #16,Malden Center,Malden,1,[1794994],,reliable,True,MAL-16,Malden Center,,"build_2026.py at e18a184; frozen, not renumbered after exclusions"
10616,391,Malden Center #2,Malden Center,Malden,2,[1794644 1794977],,reliable,True,MAL-2,Malden Center,,"build_2026.py at e18a184; frozen, not renumbered after exclusions"
10664,392,Malden Center #3,Malden Center,Malden,3,[1795646 1795848 1795854],,reliable,True,MAL-3,Malden Center,,"build_2026.py at e18a184; frozen, not renumbered after exclusions"
10665,393,Malden Center #4,Malden Center,Malden,2,[1795830 1795856],,reliable,True,MAL-4,Malden Center,,"build_2026.py at e18a184; frozen, not renumbered after exclusions"
10682,389,Malden Center #5,Malden Center,Malden,1,[1796302],,reliable,True,MAL-5,Malden Center,,"build_2026.py at e18a184; frozen, not renumbered after exclusions"
10648,398,Malden Center #6,Malden Center,Malden,2,[1795317 1795491],,reliable,True,MAL-6,Malden Center,,"build_2026.py at e18a184; frozen, not renumbered after exclusions"
10687,402,Malden Center #7,Malden Center,Malden,2,[1796424 1796435],,reliable,True,MAL-7,Malden Center,,"build_2026.py at e18a184; frozen, not renumbered after exclusions"
10692,423,Malden Center #8,Malden Center,Malden,1,[1796474],,reliable,True,MAL-8,Malden Center,,"build_2026.py at e18a184; frozen, not renumbered after exclusions"
10691,396,Malden Center #9,Malden Center,Malden,5,[1796409 1796419 1796462 1796470 1803149],,reliable,True,MAL-9,Malden Center,,"build_2026.py at e18a184; frozen, not renumbered after exclusions"
10364,700,Medford/Tufts #1,Medford/Tufts,Medford,7,[1188792 1188793 1188794 1188795 1188796 1188797 1188798],,reliable,True,MED-1,College Avenue,,"build_2026.py at e18a184; frozen, not renumbered after exclusions"
10366,719,Medford/Tufts #2,Medford/Tufts,Medford,3,[1188752 1188753 1188754],,reliable,True,MED-2,College Avenue,,"build_2026.py at e18a184; frozen, not renumbered after exclusions"
10316,733,Medford/Tufts #3,Medford/Tufts,Medford,2,[1189704 1189714],,reliable,True,MED-3,College Avenue,,"build_2026.py at e18a184; frozen, not renumbered after exclusions"
8427,478,Newton Centre #1,Newton Centre,Newton,3,[516882 517379 517513],,reliable,True,NEC-1,Newton Centre,,"build_2026.py at e18a184; frozen, not renumbered after exclusions"
8500,509,Newton Centre #10,Newton Centre,Newton,1,[516272],,reliable,True,NEC-10,Newton Centre,,"build_2026.py at e18a184; frozen, not renumbered after exclusions"
8394,536,Newton Centre #11,Newton Centre,Newton,1,[516620],,reliable,True,NEC-11,Newton Centre,,"build_2026.py at e18a184; frozen, not renumbered after exclusions"
8385,495,Newton Centre #2,Newton Centre,Newton,3,[503897 517472 517934],,reliable,True,NEC-2,Newton Centre,,"build_2026.py at e18a184; frozen, not renumbered after exclusions"
8400,530,Newton Centre #3,Newton Centre,Newton,1,[517643],,reliable,True,NEC-3,Newton Centre,,"build_2026.py at e18a184; frozen, not renumbered after exclusions"
8379,501,Newton Centre #4,Newton Centre,Newton,1,[506052],,reliable,True,NEC-4,Newton Centre,,"build_2026.py at e18a184; frozen, not renumbered after exclusions"
8407,504,Newton Centre #5,Newton Centre,Newton,3,[517003 517585 517624],,reliable,True,NEC-5,Newton Centre,,"build_2026.py at e18a184; frozen, not renumbered after exclusions"
8410,513,Newton Centre #6,Newton Centre,Newton,6,[505004 506054 517000 517623 517740 517762],,reliable,True,NEC-6,Newton Centre,,"build_2026.py at e18a184; frozen, not renumbered after exclusions"
8388,506,Newton Centre #7,Newton Centre,Newton,2,[503900 517894],,reliable,True,NEC-7,Newton Centre,,"build_2026.py at e18a184; frozen, not renumbered after exclusions"
8418,521,Newton Centre #8,Newton Centre,Newton,1,[517450],,reliable,True,NEC-8,Newton Centre,,"build_2026.py at e18a184; frozen, not renumbered after exclusions"
8408,511,Newton Centre #9,Newton Centre,Newton,2,[517577 517613],,reliable,True,NEC-9,Newton Centre,,"build_2026.py at e18a184; frozen, not renumbered after exclusions"
8159,496,Newton Highlands #1,Newton Highlands,Newton,3,[521913 521949 521962],,reliable,True,NEH-1,Newton Highlands,,"build_2026.py at e18a184; frozen, not renumbered after exclusions"
8205,486,Newton Highlands #2,Newton Highlands,Newton,2,[521143 521177],,reliable,True,NEH-2,Newton Highlands,,"build_2026.py at e18a184; frozen, not renumbered after exclusions"
8229,499,Newton Highlands #3,Newton Highlands,Newton,2,[520086 520177],recorded_area_differs_from_decoded,reliable,True,NEH-3,Newton Highlands,,"build_2026.py at e18a184; frozen, not renumbered after exclusions"
8214,528,Newton Highlands #4,Newton Highlands,Newton,2,[505120 520166],,reliable,True,NEH-4,Newton Highlands,,"build_2026.py at e18a184; frozen, not renumbered after exclusions"
8143,510,Newton Highlands #5,Newton Highlands,Newton,2,[522173 522174],,reliable,True,NEH-5,Newton Highlands,,"build_2026.py at e18a184; frozen, not renumbered after exclusions"
8213,532,Newton Highlands #6,Newton Highlands,Newton,1,[520162],,reliable,True,NEH-6,Newton Highlands,,"build_2026.py at e18a184; frozen, not renumbered after exclusions"
8217,534,Newton Highlands #7,Newton Highlands,Newton,1,[520863],,reliable,True,NEH-7,Newton Highlands,,"build_2026.py at e18a184; frozen, not renumbered after exclusions"
7487,845,North Quincy #1,North Quincy,Quincy,2,[634361 634364],,reliable,True,NOR-1,North Quincy,,"build_2026.py at e18a184; frozen, not renumbered after exclusions"
7360,903,North Quincy #10,North Quincy,Quincy,3,[634198 634199 634200],,reliable,True,NOR-10,North Quincy,,"build_2026.py at e18a184; frozen, not renumbered after exclusions"
7529,850,North Quincy #2,North Quincy,Quincy,2,[637582 637588],,reliable,True,NOR-2,North Quincy,,"build_2026.py at e18a184; frozen, not renumbered after exclusions"
7424,842,North Quincy #3,North Quincy,Quincy,1,[634276],,reliable,True,NOR-3,North Quincy,,"build_2026.py at e18a184; frozen, not renumbered after exclusions"
7338,880,North Quincy #4,North Quincy,Quincy,2,[633349 633359],,reliable,True,NOR-4,North Quincy,,"build_2026.py at e18a184; frozen, not renumbered after exclusions"
7340,848,North Quincy #5,North Quincy,Quincy,3,[634282 634283 634299],,reliable,True,NOR-5,North Quincy,,"build_2026.py at e18a184; frozen, not renumbered after exclusions"
7346,870,North Quincy #6,North Quincy,Quincy,3,[634205 634209 634210],,reliable,True,NOR-6,North Quincy,,"build_2026.py at e18a184; frozen, not renumbered after exclusions"
7310,869,North Quincy #7,North Quincy,Quincy,1,[636091],,reliable,True,NOR-7,North Quincy,,"build_2026.py at e18a184; frozen, not renumbered after exclusions"
7329,878,North Quincy #8,North Quincy,Quincy,3,[633325 633328 633333],recorded_area_differs_from_decoded,reliable,True,NOR-8,North Quincy,,"build_2026.py at e18a184; frozen, not renumbered after exclusions"
7241,888,North Quincy #9,North Quincy,Quincy,1,[636518],,reliable,True,NOR-9,North Quincy,,"build_2026.py at e18a184; frozen, not renumbered after exclusions"
10779,403,Oak Grove #1,Oak Grove,Malden,2,[1799656 1799814],,reliable,True,OAK-1,Oak Grove,,"build_2026.py at e18a184; frozen, not renumbered after exclusions"
10771,404,Oak Grove #2,Oak Grove,Malden,1,[1799310],,reliable,True,OAK-2,Oak Grove,,"build_2026.py at e18a184; frozen, not renumbered after exclusions"
9921,74,Porter #1,Porter,Cambridge,1,[2086091],,reliable,True,POR-1,Porter,,"build_2026.py at e18a184; frozen, not renumbered after exclusions"
9957,120,Porter #10,Porter,Cambridge,2,[2074496 2074525],,reliable,True,POR-10,Porter,,"build_2026.py at e18a184; frozen, not renumbered after exclusions"
9704,121,Porter #11,Porter,Cambridge,2,[2076695 2076740],,reliable,True,POR-11,Porter,,"build_2026.py at e18a184; frozen, not renumbered after exclusions"
9784,122,Porter #12,Porter,Cambridge,1,[2075785],,reliable,True,POR-12,Porter,,"build_2026.py at e18a184; frozen, not renumbered after exclusions"
9766,5,Porter #2,Porter,Somerville,1,[1250640],,reliable,True,POR-2,Porter,,"build_2026.py at e18a184; frozen, not renumbered after exclusions"
9768,88,Porter #3,Porter,Cambridge,2,[2075960 2076157],,reliable,True,POR-3,Porter,,"build_2026.py at e18a184; frozen, not renumbered after exclusions"
9817,29,Porter #4,Porter,Somerville,1,[1249629],,reliable,True,POR-4,Porter,,"build_2026.py at e18a184; frozen, not renumbered after exclusions"
9808,114,Porter #5,Porter,Cambridge,1,[2075377],,reliable,True,POR-5,Porter,,"build_2026.py at e18a184; frozen, not renumbered after exclusions"
9895,102,Porter #6,Porter,Cambridge,1,[2074900],,reliable,True,POR-6,Porter,,"build_2026.py at e18a184; frozen, not renumbered after exclusions"
9919,117,Porter #7,Porter,Cambridge,1,[2074713],,reliable,True,POR-7,Porter,,"build_2026.py at e18a184; frozen, not renumbered after exclusions"
9706,104,Porter #8,Porter,Cambridge,1,[2076683],,reliable,True,POR-8,Porter,,"build_2026.py at e18a184; frozen, not renumbered after exclusions"
9862,107,Porter #9,Porter,Cambridge,1,[2075061],,reliable,True,POR-9,Porter,,"build_2026.py at e18a184; frozen, not renumbered after exclusions"
6474,911,Quincy Adams #1,Quincy Adams,Quincy,1,[624943],,reliable,True,QUA-1,Quincy Adams,,"build_2026.py at e18a184; frozen, not renumbered after exclusions"
6472,875,Quincy Adams #2,Quincy Adams,Quincy,2,[625038 625039],,reliable,True,QUA-2,Quincy Adams,,"build_2026.py at e18a184; frozen, not renumbered after exclusions"
6465,919,Quincy Adams #3,Quincy Adams,Quincy,1,[625800],,reliable,True,QUA-3,Quincy Adams,,"build_2026.py at e18a184; frozen, not renumbered after exclusions"
6760,835,Quincy Center #1,Quincy Center,Quincy,2,[621246 621247],,reliable,True,QUC-1,Quincy Center,,"build_2026.py at e18a184; frozen, not renumbered after exclusions"
6710,854,Quincy Center #10,Quincy Center,Quincy,1,[620788],,reliable,True,QUC-10,Quincy Center,,"build_2026.py at e18a184; frozen, not renumbered after exclusions"
6857,872,Quincy Center #11,Quincy Center,Quincy,1,[621049],,reliable,True,QUC-11,Quincy Center,,"build_2026.py at e18a184; frozen, not renumbered after exclusions"
6886,837,Quincy Center #12,Quincy Center,Quincy,1,[620856],,reliable,True,QUC-12,Quincy Center,,"build_2026.py at e18a184; frozen, not renumbered after exclusions"
6762,887,Quincy Center #13,Quincy Center,Quincy,1,[621040],,reliable,True,QUC-13,Quincy Center,,"build_2026.py at e18a184; frozen, not renumbered after exclusions"
6781,894,Quincy Center #14,Quincy Center,Quincy,3,[637808 637809 637812],,reliable,True,QUC-14,Quincy Center,,"build_2026.py at e18a184; frozen, not renumbered after exclusions"
6730,833,Quincy Center #2,Quincy Center,Quincy,3,[637815 637816 637817],,reliable,True,QUC-2,Quincy Center,,"build_2026.py at e18a184; frozen, not renumbered after exclusions"
6782,838,Quincy Center #3,Quincy Center,Quincy,4,[620793 620794 620796 620799],,reliable,True,QUC-3,Quincy Center,,"build_2026.py at e18a184; frozen, not renumbered after exclusions"
6771,834,Quincy Center #4,Quincy Center,Quincy,2,[621279 621316],,reliable,True,QUC-4,Quincy Center,,"build_2026.py at e18a184; frozen, not renumbered after exclusions"
6736,862,Quincy Center #5,Quincy Center,Quincy,1,[620798],,reliable,True,QUC-5,Quincy Center,,"build_2026.py at e18a184; frozen, not renumbered after exclusions"
6758,855,Quincy Center #6,Quincy Center,Quincy,6,[621019 621020 621021 621022 621024 621026],2_sites_share_a_parcel;recorded_area_differs_from_decoded,unverifiable,False,QUC-6,Quincy Center,,"build_2026.py at e18a184; frozen, not renumbered after exclusions"
6729,856,Quincy Center #7,Quincy Center,Quincy,1,[621221],,reliable,True,QUC-7,Quincy Center,,"build_2026.py at e18a184; frozen, not renumbered after exclusions"
6766,836,Quincy Center #8,Quincy Center,Quincy,0,621026,2_sites_share_a_parcel;4_nparcels_field_anomaly,unverifiable,False,QUC-8,Quincy Center,,"build_2026.py at e18a184; frozen, not renumbered after exclusions"
6755,852,Quincy Center #9,Quincy Center,Quincy,1,[621278],,reliable,True,QUC-9,Quincy Center,,"build_2026.py at e18a184; frozen, not renumbered after exclusions"
10369,782,Revere Beach #1,Revere Beach,Revere,1,[663613],,reliable,True,REV-1,Revere Beach,,"build_2026.py at e18a184; frozen, not renumbered after exclusions"
10358,789,Revere Beach #2,Revere Beach,Revere,1,[659023],,reliable,True,REV-2,Revere Beach,,"build_2026.py at e18a184; frozen, not renumbered after exclusions"
10273,802,Revere Beach #3,Revere Beach,Revere,3,[659217 659555 659601],,reliable,True,REV-3,Revere Beach,,"build_2026.py at e18a184; frozen, not renumbered after exclusions"
10326,797,Revere Beach #4,Revere Beach,Revere,1,[660185],,reliable,True,REV-4,Revere Beach,,"build_2026.py at e18a184; frozen, not renumbered after exclusions"
10281,805,Revere Beach #5,Revere Beach,Revere,2,[659646 659657],,reliable,True,REV-5,Revere Beach,,"build_2026.py at e18a184; frozen, not renumbered after exclusions"
10262,806,Revere Beach #6,Revere Beach,Revere,3,[663215 663217 663218],,reliable,True,REV-6,Revere Beach,,"build_2026.py at e18a184; frozen, not renumbered after exclusions"
10285,808,Revere Beach #7,Revere Beach,Revere,2,[658913 658919],,reliable,True,REV-7,Revere Beach,,"build_2026.py at e18a184; frozen, not renumbered after exclusions"
8704,316,Saint Mary's Street #1,Saint Mary's Street,Brookline,3,[2072213 2072219 2072239],,reliable,True,SAI-1,Saint Marys Street,,"build_2026.py at e18a184; frozen, not renumbered after exclusions"
8708,322,Saint Mary's Street #2,Saint Mary's Street,Brookline,1,[2072268],,reliable,True,SAI-2,Saint Marys Street,,"build_2026.py at e18a184; frozen, not renumbered after exclusions"
8685,332,Saint Mary's Street #3,Saint Mary's Street,Brookline,2,[2072031 2072086],,reliable,True,SAI-3,Saint Marys Street,,"build_2026.py at e18a184; frozen, not renumbered after exclusions"
9863,32,Sullivan Square #1,Sullivan Square,Somerville,1,[1243581],,reliable,True,SUL-1,Sullivan Square,,"build_2026.py at e18a184; frozen, not renumbered after exclusions"
9810,40,Sullivan Square #2,Sullivan Square,Somerville,2,[1249684 1249732],,reliable,True,SUL-2,Sullivan Square,,"build_2026.py at e18a184; frozen, not renumbered after exclusions"
9818,67,Sullivan Square #3,Sullivan Square,Somerville,1,[1245254],,reliable,True,SUL-3,Sullivan Square,,"build_2026.py at e18a184; frozen, not renumbered after exclusions"
9842,56,Sullivan Square #4,Sullivan Square,Somerville,3,[1239827 1249516 1249543],recorded_area_differs_from_decoded,reliable,True,SUL-4,Sullivan Square,,"build_2026.py at e18a184; frozen, not renumbered after exclusions"
9845,66,Sullivan Square #5,Sullivan Square,Somerville,1,[1241387],,reliable,True,SUL-5,Sullivan Square,,"build_2026.py at e18a184; frozen, not renumbered after exclusions"
8672,327,Summit Avenue #1,Summit Avenue,Brookline,4,[2071742 2071766 2071812 2071887],,reliable,True,SUM-1,Summit Ave/Winchester St,,"build_2026.py at e18a184; frozen, not renumbered after exclusions"
8596,333,Summit Avenue #2,Summit Avenue,Brookline,1,[2070925],,reliable,True,SUM-2,Summit Ave/Winchester St,,"build_2026.py at e18a184; frozen, not renumbered after exclusions"
8680,337,Summit Avenue #3,Summit Avenue,Brookline,2,[2071949 2072011],,reliable,True,SUM-3,Summit Ave/Winchester St,,"build_2026.py at e18a184; frozen, not renumbered after exclusions"
8598,343,Summit Avenue #4,Summit Avenue,Brookline,2,[2070906 2070942],,reliable,True,SUM-4,Summit Ave/Winchester St,,"build_2026.py at e18a184; frozen, not renumbered after exclusions"
8539,313,Tappan Street #1,Tappan Street,Brookline,1,[2070186],,reliable,True,TAP-1,Tappan Street,,"build_2026.py at e18a184; frozen, not renumbered after exclusions"
8555,345,Tappan Street #2,Tappan Street,Brookline,1,[2069535],,reliable,True,TAP-2,Tappan Street,,"build_2026.py at e18a184; frozen, not renumbered after exclusions"
9577,2,Union Square #1,Union Square,Somerville,1,[1252026],,reliable,True,UNI-1,Washington Street,,"build_2026.py at e18a184; frozen, not renumbered after exclusions"
9608,24,Union Square #10,Union Square,Somerville,2,[1251816 1251827],,reliable,True,UNI-10,Union Square,,"build_2026.py at e18a184; frozen, not renumbered after exclusions"
9640,30,Union Square #11,Union Square,Somerville,2,[1247769 1251724],,reliable,True,UNI-11,Union Square,,"build_2026.py at e18a184; frozen, not renumbered after exclusions"
9639,48,Union Square #12,Union Square,Somerville,2,[1247781 1251622],,reliable,True,UNI-12,Union Square,,"build_2026.py at e18a184; frozen, not renumbered after exclusions"
9406,108,Union Square #13,Union Square,Cambridge,1,[2079684],,reliable,True,UNI-13,Union Square,,"build_2026.py at e18a184; frozen, not renumbered after exclusions"
9643,35,Union Square #14,Union Square,Somerville,2,[1247774 1251562],,reliable,True,UNI-14,Union Square,,"build_2026.py at e18a184; frozen, not renumbered after exclusions"
9463,41,Union Square #15,Union Square,Somerville,3,[1248449 1248536 1252492],,reliable,True,UNI-15,Union Square,,"build_2026.py at e18a184; frozen, not renumbered after exclusions"
9438,116,Union Square #16,Union Square,Cambridge,2,[2079229 2079253],,reliable,True,UNI-16,Union Square,,"build_2026.py at e18a184; frozen, not renumbered after exclusions"
9449,100,Union Square #17,Union Square,Cambridge,4,[2079080 2079197 2085314 2085315],,reliable,True,UNI-17,Union Square,,"build_2026.py at e18a184; frozen, not renumbered after exclusions"
9696,44,Union Square #18,Union Square,Somerville,3,[1248501 1251220 1251236],,reliable,True,UNI-18,Union Square,,"build_2026.py at e18a184; frozen, not renumbered after exclusions"
9700,43,Union Square #19,Union Square,Somerville,3,[1246562 1246573 1251183],,reliable,True,UNI-19,Union Square,,"build_2026.py at e18a184; frozen, not renumbered after exclusions"
9695,4,Union Square #2,Union Square,Somerville,1,[1251240],,reliable,True,UNI-2,Union Square,,"build_2026.py at e18a184; frozen, not renumbered after exclusions"
9382,98,Union Square #20,Union Square,Cambridge,2,[2080105 2080261],,reliable,True,UNI-20,Union Square,,"build_2026.py at e18a184; frozen, not renumbered after exclusions"
9679,12,Union Square #3,Union Square,Somerville,8,[1246541 1247763 1248781 1251146 1251154 1251430 1251455 1251462],,reliable,True,UNI-3,Union Square,,"build_2026.py at e18a184; frozen, not renumbered after exclusions"
9620,16,Union Square #4,Union Square,Somerville,5,[1251783 1251785 1251786 1251788 1251804],,reliable,True,UNI-4,Union Square,,"build_2026.py at e18a184; frozen, not renumbered after exclusions"
9427,77,Union Square #5,Union Square,Cambridge,3,[2079398 2079561 2084935],,reliable,True,UNI-5,Union Square,,"build_2026.py at e18a184; frozen, not renumbered after exclusions"
9525,18,Union Square #6,Union Square,Somerville,1,[1252239],,reliable,True,UNI-6,Union Square,,"build_2026.py at e18a184; frozen, not renumbered after exclusions"
9471,19,Union Square #7,Union Square,Somerville,1,[1252439],,reliable,True,UNI-7,Union Square,,"build_2026.py at e18a184; frozen, not renumbered after exclusions"
9591,27,Union Square #8,Union Square,Somerville,2,[1251715 1251866],,reliable,True,UNI-8,Union Square,,"build_2026.py at e18a184; frozen, not renumbered after exclusions"
9660,17,Union Square #9,Union Square,Somerville,1,[1251431],,reliable,True,UNI-9,Union Square,,"build_2026.py at e18a184; frozen, not renumbered after exclusions"
8341,502,Waban #1,Waban,Newton,1,[517222],,reliable,True,WAB-1,Waban,,"build_2026.py at e18a184; frozen, not renumbered after exclusions"
8568,312,Washington Square #1,Washington Square,Brookline,3,[2070582 2070621 2070668],,reliable,True,WAS-1,Washington Square,,"build_2026.py at e18a184; frozen, not renumbered after exclusions"
8553,323,Washington Square #2,Washington Square,Brookline,3,[2070384 2070412 2070440],,reliable,True,WAS-2,Washington Square,,"build_2026.py at e18a184; frozen, not renumbered after exclusions"
8558,341,Washington Square #3,Washington Square,Brookline,5,[2070453 2070481 2070487 2070493 2070496],,reliable,True,WAS-3,Washington Square,,"build_2026.py at e18a184; frozen, not renumbered after exclusions"
8575,335,Washington Square #4,Washington Square,Brookline,1,[2070699],,reliable,True,WAS-4,Washington Square,,"build_2026.py at e18a184; frozen, not renumbered after exclusions"
10236,695,Wellington #1,Wellington,Medford,2,[1190371 1190372],,reliable,True,WEL-1,Wellington,,"build_2026.py at e18a184; frozen, not renumbered after exclusions"
10200,707,Wellington #2,Wellington,Medford,1,[1177287],,reliable,True,WEL-2,Wellington,,"build_2026.py at e18a184; frozen, not renumbered after exclusions"
7300,857,Wollaston #1,Wollaston,Quincy,3,[631183 633322 633324],,reliable,True,WOL-1,Wollaston,,"build_2026.py at e18a184; frozen, not renumbered after exclusions"
7088,918,Wollaston #10,Wollaston,Quincy,1,[631819],,reliable,True,WOL-10,Wollaston,,"build_2026.py at e18a184; frozen, not renumbered after exclusions"
7173,847,Wollaston #2,Wollaston,Quincy,2,[631012 631026],,reliable,True,WOL-2,Wollaston,,"build_2026.py at e18a184; frozen, not renumbered after exclusions"
7196,853,Wollaston #3,Wollaston,Quincy,2,[629674 629683],,reliable,True,WOL-3,Wollaston,,"build_2026.py at e18a184; frozen, not renumbered after exclusions"
7180,864,Wollaston #4,Wollaston,Quincy,2,[631022 631029],,reliable,True,WOL-4,Wollaston,,"build_2026.py at e18a184; frozen, not renumbered after exclusions"
7176,849,Wollaston #5,Wollaston,Quincy,2,[631024 631030],,reliable,True,WOL-5,Wollaston,,"build_2026.py at e18a184; frozen, not renumbered after exclusions"
7163,906,Wollaston #6,Wollaston,Quincy,1,[630928],,reliable,True,WOL-6,Wollaston,,"build_2026.py at e18a184; frozen, not renumbered after exclusions"
7190,931,Wollaston #7,Wollaston,Quincy,1,[631039],,reliable,True,WOL-7,Wollaston,,"build_2026.py at e18a184; frozen, not renumbered after exclusions"
7183,901,Wollaston #8,Wollaston,Quincy,2,[631048 631057],,reliable,True,WOL-8,Wollaston,,"build_2026.py at e18a184; frozen, not renumbered after exclusions"
7194,932,Wollaston #9,Wollaston,Quincy,2,[631079 631080],,reliable,True,WOL-9,Wollaston,,"build_2026.py at e18a184; frozen, not renumbered after exclusions"
10381,791,Wonderland #1,Wonderland,Revere,1,[660600],,reliable,True,WON-1,Revere Beach,,"build_2026.py at e18a184; frozen, not renumbered after exclusions"
10520,800,Wonderland #2,Wonderland,Revere,1,[663396],,reliable,True,WON-2,Wonderland,,"build_2026.py at e18a184; frozen, not renumbered after exclusions"
