setting,indicators,n_sites,candidate_set,reference,tie_rule,alpha,seed,n_draws,draws_won_outright,draws_tied_identical_vectors,draws_tied_numerical,split_shares_sum,sites_ever_first,sites_above_1pct,leader,leader_share,second,second_share,all_sites_ever_first
S0,4,251,all251,mixed0,strict,"(1,1,1,1)",7,200000,1.0,0,0,1.0,10,7,Braintree #1,0.3341,Malden Center #1,0.3108,Braintree #1 0.3341; Malden Center #1 0.3108; Revere Beach #1 0.1440; Wonderland #1 0.1018; Harvard #1 0.0592; Malden Center #2 0.0265; Harvard #4 0.0138; Malden Center #4 0.0043; Quincy Adams #1 0.0037; Alewife #1 0.0018
S1,4,246,main,mixed0,strict,"(1,1,1,1)",7,200000,1.0,0,0,1.0,10,7,Braintree #1,0.3341,Malden Center #1,0.3108,Braintree #1 0.3341; Malden Center #1 0.3108; Revere Beach #1 0.1440; Wonderland #1 0.1018; Harvard #1 0.0592; Malden Center #2 0.0265; Harvard #4 0.0138; Malden Center #4 0.0043; Quincy Adams #1 0.0037; Alewife #1 0.0018
S2,4,246,main,mixed0,midrank,"(1,1,1,1)",7,200000,1.0,0,0,1.0,10,7,Braintree #1,0.3298,Malden Center #1,0.3156,Braintree #1 0.3298; Malden Center #1 0.3156; Revere Beach #1 0.1445; Wonderland #1 0.1023; Harvard #1 0.0539; Malden Center #2 0.0310; Harvard #4 0.0126; Malden Center #4 0.0059; Quincy Adams #1 0.0036; Alewife #1 0.0009
S2u,4,246,main,uniform,strict,"(1,1,1,1)",7,200000,1.0,0,0,1.0,12,8,Malden Center #1,0.266,Revere Beach #1,0.2603,Malden Center #1 0.2660; Revere Beach #1 0.2603; Malden Center #2 0.2014; Braintree #1 0.1014; Wonderland #1 0.0585; Malden Center #4 0.0405; Harvard #1 0.0362; Harvard #4 0.0299; Harvard #3 0.0040; Alewife #1 0.0013; Central #1 0.0004; Quincy Adams #1 0.0000
S3,4,246,main,uniform,midrank,"(1,1,1,1)",7,200000,1.0,0,0,1.0,12,8,Malden Center #1,0.2679,Revere Beach #1,0.261,Malden Center #1 0.2679; Revere Beach #1 0.2610; Malden Center #2 0.2011; Braintree #1 0.0996; Wonderland #1 0.0634; Malden Center #4 0.0424; Harvard #1 0.0332; Harvard #4 0.0274; Harvard #3 0.0033; Alewife #1 0.0006; Central #1 0.0001; Quincy Adams #1 0.0000
K3,4,251,all251,uniform,midrank,"(1,1,1,1)",7,200000,0.999935,13,0,1.0,14,8,Revere Beach #1,0.2699,Malden Center #1,0.2674,Revere Beach #1 0.2699; Malden Center #1 0.2674; Malden Center #2 0.2076; Braintree #1 0.0911; Wonderland #1 0.0579; Malden Center #4 0.0382; Harvard #1 0.0340; Harvard #4 0.0301; Harvard #3 0.0029; Alewife #1 0.0006; Central #1 0.0001; Quincy Adams #1 0.0000; Assembly #2 0.0000; Assembly #1 0.0000
E0,5,251,all251,mixed0,strict,"(1,1,1,1,1)",7,200000,0.99007,1986,0,1.0,29,9,Malden Center #1,0.3425,Wonderland #1,0.1671,Malden Center #1 0.3425; Wonderland #1 0.1671; Revere Beach #1 0.1305; Braintree #1 0.1208; Harvard #1 0.0965; Wollaston #1 0.0561; Harvard #4 0.0231; Malden Center #2 0.0207; Wollaston #2 0.0132; Assembly #2 0.0050; Assembly #1 0.0050; Porter #1 0.0030; Quincy Adams #1 0.0027; Malden Center #4 0.0026; Revere Beach #2 0.0019; Amory Street #1 0.0018; Malden Center #10 0.0014; Sullivan Square #1 0.0014; East Somerville #1 0.0013; Central #1 0.0007; Union Square #1 0.0006; Alewife #1 0.0006; Sullivan Square #2 0.0005; Union Square #16 0.0005; Lechmere #2 0.0002; Revere Beach #3 0.0001; Sullivan Square #3 0.0001; Central #2 0.0000; Revere Beach #5 0.0000
E2,5,246,main,mixed0,midrank,"(1,1,1,1,1)",7,200000,1.0,0,0,1.0,27,9,Malden Center #1,0.3497,Wonderland #1,0.1673,Malden Center #1 0.3497; Wonderland #1 0.1673; Revere Beach #1 0.1318; Braintree #1 0.1192; Harvard #1 0.0937; Wollaston #1 0.0551; Malden Center #2 0.0254; Harvard #4 0.0217; Wollaston #2 0.0129; Amory Street #1 0.0040; Malden Center #4 0.0037; Porter #1 0.0034; Quincy Adams #1 0.0028; Malden Center #10 0.0020; Revere Beach #2 0.0017; East Somerville #1 0.0014; Sullivan Square #1 0.0014; Central #1 0.0008; Union Square #1 0.0006; Union Square #16 0.0005; Sullivan Square #2 0.0004; Alewife #1 0.0003; Lechmere #2 0.0002; Sullivan Square #3 0.0001; Revere Beach #3 0.0001; Central #2 0.0001; Revere Beach #5 0.0000
E3,5,246,main,uniform,midrank,"(1,1,1,1,1)",7,200000,1.0,0,0,1.0,31,17,Malden Center #1,0.1566,Malden Center #2,0.1199,Malden Center #1 0.1566; Malden Center #2 0.1199; Central #1 0.1145; Harvard #1 0.1139; Revere Beach #1 0.1065; Sullivan Square #1 0.0872; Harvard #4 0.0840; Wonderland #1 0.0570; Porter #1 0.0249; Lechmere #2 0.0236; Union Square #1 0.0197; Wollaston #1 0.0138; Malden Center #10 0.0132; Malden Center #4 0.0123; Union Square #16 0.0122; Braintree #1 0.0112; Amory Street #1 0.0110; Sullivan Square #2 0.0072; Lechmere #1 0.0036; Central #2 0.0018; Revere Beach #2 0.0018; Sullivan Square #3 0.0018; East Somerville #1 0.0014; Harvard #3 0.0005; Wollaston #2 0.0002; Revere Beach #3 0.0001; Alewife #1 0.0001; Union Square #5 0.0001; Revere Beach #5 0.0000; Central #5 0.0000; Quincy Adams #1 0.0000
E3u,5,244,main_jobs_known,uniform,midrank,"(1,1,1,1,1)",7,200000,1.0,0,0,1.0,31,17,Malden Center #1,0.1574,Malden Center #2,0.119,Malden Center #1 0.1574; Malden Center #2 0.1190; Central #1 0.1152; Harvard #1 0.1126; Revere Beach #1 0.1032; Sullivan Square #1 0.0867; Harvard #4 0.0818; Wonderland #1 0.0621; Porter #1 0.0252; Lechmere #2 0.0235; Union Square #1 0.0199; Wollaston #1 0.0145; Malden Center #10 0.0130; Union Square #16 0.0123; Malden Center #4 0.0119; Braintree #1 0.0116; Amory Street #1 0.0111; Sullivan Square #2 0.0073; Lechmere #1 0.0034; Central #2 0.0020; Sullivan Square #3 0.0019; Revere Beach #2 0.0017; East Somerville #1 0.0014; Harvard #3 0.0006; Wollaston #2 0.0003; Revere Beach #3 0.0001; Alewife #1 0.0001; Union Square #5 0.0001; Revere Beach #5 0.0000; Central #5 0.0000; Quincy Adams #1 0.0000
