sid,municipal,station,line,type,pareto,sitearea_a,buildar_ac,ppa,daily,peak_share,jobs45tr,regipctile,station_km,long,lat,Developer (cost first),City (housing first),Transit agency (ridership first),Place-making (all-day use first),No prior (all four equal)
Malden Center #1,Malden,Malden Center,Orange,Big and cheap,True,10.02,10.02,595818.3632734531,13356.142857142857,0.481742765693383,431396.0,99.1,0.3853560440197747,-71.07077673,42.42447225,68.64379115825271,82.34956780877782,78.88290693491206,77.76329028920954,76.25902815845238
Malden Center #2,Malden,Malden Center,Orange,"Small, expensive, busy",True,6.85,6.06,584175.1824817519,13356.142857142857,0.481742765693383,431396.0,95.7,0.5509878469581336,-71.07401826,42.42177144,68.29059588827336,80.75518534147301,78.50449128654705,77.02159855101625,75.62833541117736
Braintree #1,Braintree,Braintree,Red,Big and cheap,True,17.35,13.3,363717.57925072045,5210.714285714285,0.47550147977638935,39255.0,84.1,0.7854017770013302,-71.00069218,42.20036416,76.37111531984186,81.14776089002447,69.78117623336593,77.2198495454018,75.13330169040402
Wollaston #1,Quincy,Wollaston,Red,Big and cheap,True,10.19,10.19,465073.6015701669,5372.285714285715,0.47572189062752057,381308.0,78.8,0.6678322078654734,-71.0235497,42.2708479,70.76072552054666,79.03928418212489,69.2913278310523,74.96113210142128,72.55725953249751
Braintree #2,Braintree,Braintree,Red,Big and cheap,False,11.49,8.74,431644.908616188,5210.714285714285,0.47550147977638935,78818.0,82.2,0.39636339561569306,-71.00052738,42.20389859,71.68896606905507,78.4030385741219,68.21305721770716,75.43376487584608,72.51976999763943
Quincy Center #1,Quincy,Quincy Center,Red,"Small, expensive, busy",True,5.13,5.13,638089.6686159844,7972.285714285715,0.4712013165112452,245645.0,93.2,0.568580364994149,-71.00466681,42.24687897,63.36089525494158,75.63108438048216,71.97786640708871,76.44197825559957,71.42393405165515
Malden Center #4,Malden,Malden Center,Orange,"Small, expensive, busy",True,1.66,1.66,571506.0240963856,13356.142857142857,0.481742765693383,431396.0,93.0,0.6711452618855897,-71.06655747,42.42490675,64.30555615817939,71.81638741508932,75.93183273607896,72.61274449196165,71.34057116039723
Wollaston #2,Quincy,Wollaston,Red,"Small, expensive, busy",True,2.37,2.37,390506.32911392406,5372.285714285715,0.47572189062752057,288233.0,83.8,0.1889499810190846,-71.01733312,42.2661258,71.35846259588033,73.39991137685544,68.36843627201435,72.56862363353261,71.01910693410093
Revere Beach #1,Revere,Revere Beach,Blue,"Small, expensive, busy",True,5.03,4.94,753121.2723658051,5289.285714285715,0.3830693237949242,314846.0,95.0,0.7056898899039377,-71.00029932,42.41060561,59.06067100107245,73.1441702987801,70.82190800586416,78.8751902533603,70.29414946528489
Wonderland #1,Revere,Wonderland,Blue,"Small, expensive, busy",True,1.41,0.75,402269.5035460993,8363.285714285714,0.46718965334464113,482051.0,87.1,0.5736028648204967,-70.99825733,42.41154527,66.19947223526353,61.59764244686926,73.25121212008881,72.12629303816026,69.56211316163541
Malden Center #3,Malden,Malden Center,Orange,"Small, expensive, busy",False,1.95,1.95,766153.8461538461,13356.142857142857,0.481742765693383,431396.0,94.2,0.5302705881293343,-71.06845129,42.42478161,57.86365678286808,70.74557218279836,74.28162752057936,71.33902540592044,68.59022913456455
Malden Center #5,Malden,Malden Center,Orange,"Small, expensive, busy",False,1.25,1.25,648640.0,13356.142857142857,0.481742765693383,431396.0,99.1,0.7461451858957744,-71.06531646,42.42602756,59.04514553167337,66.4889734947379,73.74935023504922,69.62444957349466,67.70310032534765
Malden Center #6,Malden,Malden Center,Orange,"Small, expensive, busy",False,0.93,0.93,614731.1827956989,13356.142857142857,0.481742765693383,431396.0,88.1,0.7049102437611788,-71.06666682,42.42389719,58.01125331546595,62.40302559108188,72.75060925446705,67.70761083861922,66.03853202437736
Malden Center #8,Malden,Malden Center,Orange,"Small, expensive, busy",False,0.64,0.64,581562.5,13356.142857142857,0.481742765693383,431396.0,63.2,0.2831206015944599,-71.07090584,42.42680989,56.296367004897164,56.57836565073812,71.27263609577462,64.94496132589772,63.57524342655664
North Quincy #2,Quincy,North Quincy,Red,"Small, expensive, busy",True,1.87,1.47,472887.7005347593,7065.142857142857,0.5035117461855171,199950.0,82.6,0.6783548182935023,-71.03534216,42.28056021,62.58550328720075,64.99398174402239,60.66452415925385,60.90944934622065,61.79811131455987
Assembly #2,Somerville,Assembly,Orange,"Small, expensive, busy",True,2.25,2.25,3774355.5555555555,8828.42857142857,0.4617740471869328,700445.0,98.1,0.7039456480612551,-71.0858053,42.39144233,41.537105444701595,64.41350222724725,69.26949593051532,71.10959918986893,61.763900920048776
Assembly #1,Somerville,Assembly,Orange,"Small, expensive, busy",True,2.25,2.25,3774355.5555555555,8828.42857142857,0.4617740471869328,700445.0,99.8,0.6684442348040012,-71.08525206,42.39099618,41.537105444701595,64.41350222724725,69.26949593051532,71.10959918986893,61.763900920048776
Malden Center #10,Malden,Malden Center,Orange,"Small, expensive, busy",False,0.53,0.53,588490.5660377358,13356.142857142857,0.481742765693383,523607.0,82.1,0.242386233565523,-71.07371827,42.42884203,54.06106322952738,52.645935025662865,70.0323620041148,62.94510995550607,61.50811994045695
Quincy Adams #1,Quincy,Quincy Adams,Red,"Small, expensive, busy",True,0.94,0.94,335106.38297872344,3705.1428571428573,0.49873475960432484,96126.0,44.7,0.6727352892873919,-71.00345735,42.23787323,65.40618250338295,59.1477419651282,57.22940144666295,58.7167545441804,60.09017106980344
Quincy Center #5,Quincy,Quincy Center,Red,"Small, expensive, busy",False,0.78,0.78,715000.0,7972.285714285715,0.4712013165112452,245645.0,77.6,0.6452438916300849,-71.00265417,42.24656044,50.54415200736909,54.62591944605026,65.15563075117892,65.65012569083905,60.0535412918055
North Quincy #1,Quincy,North Quincy,Red,"Small, expensive, busy",False,2.34,2.34,669102.5641025641,7065.142857142857,0.5035117461855171,385177.0,85.6,0.3064397675218896,-71.03083213,42.27851276,56.298054291150436,66.6269545894596,59.55603054366201,60.837943841593145,59.95062195524012
Braintree #4,Braintree,Braintree,Red,"Small, expensive, busy",False,0.92,0.92,545108.6956521738,5210.714285714285,0.47550147977638935,78818.0,54.5,0.7564668193691698,-71.00622312,42.20161967,56.21222493651078,56.57165519904341,60.637406080057474,63.94794200768119,59.893684768223295
Quincy Center #9,Quincy,Quincy Center,Red,"Small, expensive, busy",False,0.62,0.62,619354.8387096775,7972.285714285715,0.4712013165112452,103011.0,81.0,0.4918233699679517,-71.00550612,42.24752605,51.96416461755828,51.65363386925407,64.9178300428222,64.52725232726436,59.65720677787765
Assembly #3,Somerville,Assembly,Orange,"Small, expensive, busy",False,1.6,1.6,5307687.5,8828.42857142857,0.4617740471869328,700445.0,98.9,0.6277091682840148,-71.08459038,42.39060509,39.19233174161156,60.450493670714,67.99885774297009,69.08268623349937,59.64617060747338
Malden Center #7,Malden,Malden Center,Orange,"Small, expensive, busy",False,0.7,0.7,900571.4285714286,13356.142857142857,0.481742765693383,431396.0,84.2,0.3955289694102516,-71.06953553,42.4266942,46.58473566053458,54.08076727415557,68.61921934768381,62.638308118097534,59.152882179738626
Harvard #1,Cambridge,Harvard,Red,"Small, expensive, busy",True,0.7,0.7,24324142.85714286,25122.85714285714,0.4559519193485847,771194.0,99.4,0.20256336744989353,-71.12113097,42.37218289,35.51960499584052,52.06108951026998,73.60844508851463,67.66737449637856,58.968922425080834
Braintree #3,Braintree,Braintree,Red,"Small, expensive, busy",False,1.08,1.08,660555.5555555555,5210.714285714285,0.47550147977638935,78818.0,54.1,0.6715009130814942,-71.00460933,42.20185609,52.546225103580234,57.25849172558057,59.94133796637383,63.790183008924885,58.733571245417195
Quincy Center #2,Quincy,Quincy Center,Red,"Small, expensive, busy",False,1.33,1.27,1293082.7067669171,7972.285714285715,0.4712013165112452,245645.0,96.1,0.7854861995659103,-71.00006487,42.24617638,43.96439811489517,58.1498963566961,64.33593179611839,66.36939635268736,58.68737636670461
Quincy Center #4,Quincy,Quincy Center,Red,"Small, expensive, busy",False,0.84,0.83,860952.380952381,7972.285714285715,0.4712013165112452,247507.0,95.8,0.43096395302179535,-71.00482429,42.24811068,46.93654039408688,53.92263702002404,64.2120526833105,64.8914881777923,58.480911178691485
Quincy Center #8,Quincy,Quincy Center,Red,"Small, expensive, busy",False,0.62,0.62,698064.5161290322,7972.285714285715,0.4712013165112452,245645.0,92.1,0.5784984008093121,-71.0009721,42.248008,48.987373497477556,50.46291742122178,64.02479270679798,63.63421499124014,58.16881121783727
Quincy Center #7,Quincy,Quincy Center,Red,"Small, expensive, busy",False,0.65,0.65,743384.6153846154,7972.285714285715,0.4712013165112452,245645.0,78.9,0.6480386884239429,-71.0033141,42.24636417,47.96882190078678,50.874519239612845,63.87279393849089,63.686971837199884,57.91547993732544
Wellington #1,Medford,Wellington,Orange,"Small, expensive, busy",False,1.34,1.34,716343.2835820895,8481.285714285714,0.5147833130822195,356397.0,94.5,0.491198886929016,-71.08089956,42.40531028,52.57899237406784,61.49842185607795,60.430450489749596,57.170662692457924,57.52352638065837
Harvard #2,Cambridge,Harvard,Red,"Small, expensive, busy",True,0.6,0.6,21194833.333333336,25122.85714285714,0.4559519193485847,765727.0,99.3,0.12513426379129602,-71.12076848,42.37369439,34.0007559177662,48.99648250783814,72.69209023299193,66.13675279805533,57.44166433254301
Sullivan Square #1,Somerville,Sullivan Square,Orange,"Small, expensive, busy",True,0.66,0.66,1213939.3939393938,8268.57142857143,0.44920652056569144,704348.0,92.0,0.748991121875022,-71.08468237,42.38761165,41.0619286211048,49.754659294679165,66.47231502762044,65.94422922025545,57.40073752943381
Revere Beach #2,Revere,Revere Beach,Blue,"Small, expensive, busy",False,0.62,0.62,845000.0,5289.285714285715,0.3830693237949242,482051.0,88.8,0.6158467565355308,-70.99888062,42.41081699,44.424789658598286,48.01636994144697,62.81737213680752,66.0522924292178,56.95325635019048
Malden Center #11,Malden,Malden Center,Orange,"Small, expensive, busy",False,0.47,0.47,762978.7234042553,13356.142857142857,0.481742765693383,523607.0,73.7,0.20795383748330057,-71.07662546,42.42753121,46.241265743478344,47.28551933375316,67.2678296275207,59.62245340453945,56.90056597946679
Harvard Avenue #1,Brookline,Harvard Avenue,Green,"Small, expensive, busy",False,2.54,2.27,2122125.9842519686,1916.142857142857,0.42435959400676654,476181.0,99.8,0.27541075458583963,-71.128865,42.3483472,40.333120963530774,59.873194808438825,59.29071807604602,68.27550547861541,56.88559254374205
Harvard #3,Cambridge,Harvard,Red,"Small, expensive, busy",True,0.54,0.54,5172962.962962963,25122.85714285714,0.4559519193485847,751404.0,97.1,0.7815929817295239,-71.11127151,42.36964326,33.82766296449811,47.17031005572509,72.31073698373542,65.31616573109737,56.80607558378216
Quincy Center #3,Quincy,Quincy Center,Red,"Small, expensive, busy",False,1.11,1.11,1846756.7567567567,7972.285714285715,0.4712013165112452,245645.0,90.2,0.463417998562907,-71.00237737,42.2485098,39.20640666298607,54.66149502031819,62.611308468867975,64.2484718365334,55.8130041546206
North Quincy #3,Quincy,North Quincy,Red,"Small, expensive, busy",False,0.98,0.96,594897.9591836735,7065.142857142857,0.5035117461855171,385177.0,87.3,0.2380257644775195,-71.0273209,42.27598396,53.319932947183304,56.09620803337869,56.911438262004225,55.858477055311845,55.542968152477165
Porter #2,Somerville,Porter,Red,"Small, expensive, busy",False,2.07,2.07,1264927.5362318843,9779.714285714286,0.5170454545454546,604928.0,99.5,0.8024503893992264,-71.11184932,42.3834498,45.1985551482975,62.99153582354874,59.45120540516281,56.47803862709674,55.22744061551038
Quincy Center #10,Quincy,Quincy Center,Red,"Small, expensive, busy",False,0.78,0.61,974230.7692307692,7972.285714285715,0.4712013165112452,245645.0,81.5,0.7632364953107023,-71.00158996,42.24574817,41.47246388160844,47.219172861532,61.7257359382856,61.275713044392226,54.337049936983306
Braintree #5,Braintree,Braintree,Red,"Small, expensive, busy",False,0.86,0.86,812558.1395348838,5210.714285714285,0.47550147977638935,78818.0,59.8,0.5919777076746496,-71.00436902,42.20255833,45.59239503632145,51.531120861160545,57.30284416416185,60.415229497333776,54.336081575063886
Porter #1,Cambridge,Porter,Red,"Small, expensive, busy",False,5.18,5.18,4457007.722007723,9779.714285714286,0.5170454545454546,707974.0,100.0,0.14573477901445156,-71.1184516,42.389571,39.90460010775428,65.64277811380437,58.75717345046351,56.97621274901567,54.070720691011566
Malden Center #9,Malden,Malden Center,Orange,"Small, expensive, busy",False,0.6,0.6,1857500.0,13356.142857142857,0.481742765693383,522427.0,89.3,0.5531719268467844,-71.06761827,42.426814,36.01778701972902,47.39692044663123,64.98843462334173,58.393256550954945,53.101574305835186
Medford/Tufts #1,Medford,Medford/Tufts,Green,"Small, expensive, busy",False,1.23,1.12,1403089.430894309,1394.857142857143,0.44568868980963045,407624.0,90.6,0.44061181494689133,-71.12077937,42.4111798,39.1460871298365,51.43627461573278,55.401872289882235,63.639160916090745,52.92742327198168
Central #1,Cambridge,Central,Red,"Small, expensive, busy",True,0.61,0.61,1670163.9344262294,19337.0,0.49156951536756915,803175.0,97.4,0.34756487431036576,-71.10249607,42.36804995,37.0418044138622,48.227785568457406,64.58378909397767,55.64771042319185,52.559967215062386
Harvard #4,Cambridge,Harvard,Red,"Small, expensive, busy",True,0.32,0.32,2132187.5,25122.85714285714,0.4559519193485847,772196.0,85.8,0.5097636485203975,-71.11312481,42.37379719,31.080403503412633,36.40165726204387,69.67348120617598,60.261472701226154,52.41064928784972
Sullivan Square #2,Somerville,Sullivan Square,Orange,"Small, expensive, busy",False,0.57,0.57,2959473.6842105268,8268.57142857143,0.44920652056569144,771434.0,87.2,0.23697884424869103,-71.0785209,42.38582532,32.04132220341605,43.768609594182266,63.320294264797305,62.19775667407697,52.14736959139525
Lechmere #1,Somerville,Lechmere,Green,"Small, expensive, busy",False,1.12,1.12,2663749.9999999995,2060.8571428571427,0.4548959136468774,702779.0,98.8,0.5944643551338792,-71.08209984,42.37422836,34.883447141522005,51.10173654869383,57.22268188701338,62.910169716409136,52.110844313681
Quincy Center #11,Quincy,Quincy Center,Red,"Small, expensive, busy",False,0.57,0.57,1374736.8421052634,7972.285714285715,0.4712013165112452,332219.0,70.2,0.09361612944486522,-71.00442123,42.25198527,36.54904978618957,44.15337393406458,60.043130467916214,59.318999251697875,51.532707486367656
Alewife #1,Cambridge,Alewife,Red,Big and cheap,True,16.94,16.89,1467479.3388429752,12830.0,0.5727989037341555,242978.0,97.6,0.6847242546177557,-71.14029097,42.39037995,45.96885039877202,70.06044694715348,53.48380721402813,45.921954229664394,51.39067470598313
Braintree #6,Braintree,Braintree,Red,"Small, expensive, busy",False,0.46,0.46,628695.652173913,5210.714285714285,0.47550147977638935,78818.0,24.9,0.5231938388085979,-71.00460851,42.20334535,45.597785359001,41.61253722801308,55.4443225555496,56.076522948166705,51.238545560710136
Quincy Center #6,Quincy,Quincy Center,Red,"Small, expensive, busy",False,0.73,0.73,2804520.5479452056,7972.285714285715,0.4712013165112452,245645.0,81.2,0.6395965204099109,-71.00078896,42.24740978,32.97969807788217,46.70185517940741,59.71786656704883,59.98779083299693,50.990600984922025
Assembly #4,Somerville,Assembly,Orange,"Small, expensive, busy",True,0.54,0.54,3749814.8148148144,8828.42857142857,0.4617740471869328,0.0,32.1,0.5652214246047546,-71.08384513,42.39398399,30.639433708632232,42.56434106254209,62.7208020715175,60.18838221330175,50.84941115505241
Revere Beach #3,Revere,Revere Beach,Blue,"Small, expensive, busy",False,0.43,0.43,1091162.7906976745,5289.285714285715,0.3830693237949242,514784.0,62.8,0.08493260584067597,-70.99328701,42.4072301,35.67964511463792,37.952922427693736,58.9628182055877,60.55639107395571,50.52899979815746
Malden Center #13,Malden,Malden Center,Orange,"Small, expensive, busy",False,0.33,0.33,947272.7272727272,13356.142857142857,0.481742765693383,431396.0,75.8,0.6888845718980052,-71.06614121,42.42545467,37.38726223057645,37.13889811353295,63.37318735832649,54.07655618158038,50.409495530809764
Wollaston #3,Quincy,Wollaston,Red,"Small, expensive, busy",False,0.67,0.67,1061194.0298507463,5372.285714285715,0.47572189062752057,246007.0,80.8,0.40694348110939743,-71.01555915,42.26781262,38.898889182851306,45.937878577033544,55.91590110411621,56.496537606981896,50.26488165427071
Quincy Center #12,Quincy,Quincy Center,Red,"Small, expensive, busy",False,0.52,0.52,1472500.0,7972.285714285715,0.4712013165112452,332219.0,92.1,0.19455079552982743,-71.00454227,42.2535224,34.85010672266007,42.047112428599945,59.26594424634746,58.1851419601159,50.2373971170864
Quincy Center #13,Quincy,Quincy Center,Red,"Small, expensive, busy",False,0.47,0.45,1062765.9574468085,7972.285714285715,0.4712013165112452,245645.0,62.1,0.5197944310838232,-71.00327748,42.2475899,36.63308994328818,39.82767691896479,59.250971312932194,57.43701182722904,50.21244222806095
North Quincy #4,Quincy,North Quincy,Red,"Small, expensive, busy",False,0.76,0.76,786710.5263157894,7065.142857142857,0.5035117461855171,268434.0,64.6,0.5206436502568268,-71.02474089,42.2734426,44.517647094900255,49.49735445864776,53.693638899978495,51.871192884831686,50.17996921576761
Wollaston #6,Quincy,Wollaston,Red,"Small, expensive, busy",False,0.49,0.49,800000.0,5372.285714285715,0.47572189062752057,288233.0,46.8,0.41657427958712845,-71.01449008,42.26594283,41.24326576273517,41.93507438732262,55.69286004901929,55.038357846468855,49.893146562442496
Coolidge Corner #1,Brookline,Coolidge Corner,Green,"Small, expensive, quiet",False,2.22,1.85,1617252.252252252,1973.5714285714287,0.48815399802566634,600323.0,99.9,0.46378406715464865,-71.12060622,42.33806906,38.85640858167544,55.93928565869343,50.6481406612047,56.03616583922446,49.719012655792696
Lechmere #2,Cambridge,Lechmere,Green,"Small, expensive, busy",False,0.6,0.6,1461666.6666666667,2060.8571428571427,0.4548959136468774,757650.0,89.2,0.3587524673247639,-71.07783458,42.36829306,34.60508599068006,42.337816130629186,55.516815549686825,59.04115938965061,49.26773375147007
Malden Center #12,Malden,Malden Center,Orange,"Small, expensive, busy",False,0.37,0.37,1415675.6756756757,13356.142857142857,0.481742765693383,522427.0,74.2,0.48088014381337296,-71.06851097,42.42701647,33.71239516409836,37.861817865541454,62.681889721870505,53.93347518977433,49.25733280338313
Harvard Avenue #2,Brookline,Harvard Avenue,Green,"Small, expensive, busy",False,0.84,0.84,3297261.904761905,1916.142857142857,0.42435959400676654,476181.0,97.9,0.4233251231751786,-71.12818723,42.3470373,31.100203593150674,45.25532508617847,54.47246109478668,60.726072803828984,48.85516424164315
Quincy Adams #2,Quincy,Quincy Adams,Red,"Small, expensive, busy",False,0.7,0.7,697285.7142857143,3705.1428571428573,0.49873475960432484,129609.0,68.1,0.6253409394597956,-71.00447211,42.2378346,45.31165107321953,47.21296770217776,50.470361700572965,50.983474375369155,48.82510482632014
Malden Center #15,Malden,Malden Center,Orange,"Small, expensive, busy",False,0.28,0.28,911071.4285714285,13356.142857142857,0.481742765693383,431396.0,58.6,0.6068565354203135,-71.06706433,42.4258182,35.97267326809109,33.09882210581754,62.297390590320646,52.13219930789421,48.61650091746668
Malden Center #14,Malden,Malden Center,Orange,"Small, expensive, busy",False,0.35,0.3,1057428.5714285716,13356.142857142857,0.481742765693383,431396.0,80.7,0.2238195148918501,-71.07463668,42.42471565,34.390878773296244,33.998468904993395,62.11017060383727,52.32807047068429,48.30446760666106
Malden Center #16,Malden,Malden Center,Orange,"Small, expensive, busy",False,0.27,0.27,897037.037037037,13356.142857142857,0.481742765693383,422519.0,47.7,0.6211443355945873,-71.08018422,42.42316816,35.7708485897109,32.29154005480893,62.100614653120985,51.75378532578043,48.28854102213392
Wellington #2,Medford,Wellington,Orange,"Small, expensive, busy",False,0.83,0.83,1338674.6987951808,8481.285714285714,0.5147833130822195,356397.0,80.9,0.27084850909398833,-71.07910199,42.40383721,38.00258231453158,49.43271912684733,54.8884389646232,50.06986649097749,48.2868405054477
Wollaston #4,Quincy,Wollaston,Red,"Small, expensive, busy",False,0.59,0.59,1213050.847457627,5372.285714285715,0.47572189062752057,288233.0,76.0,0.36879246349027983,-71.01541613,42.26694464,36.04500075236664,42.894077498102554,54.703063504957605,54.80813858113901,48.24348565567303
Amory Street #1,Brookline,Amory Street,Green,"Small, expensive, busy",False,1.69,1.69,4306272.189349112,608.4285714285714,0.4208955223880597,685730.0,98.8,0.07499642538159425,-71.11447044,42.35034801,32.189449278809384,50.91563087490194,48.25743436681607,61.40883142060883,48.091739880948424
Central #2,Cambridge,Central,Red,"Small, expensive, busy",False,0.5,0.5,4465000.0,19337.0,0.49156951536756915,849654.0,97.5,0.036840339704143736,-71.10338155,42.36466934,29.729594258261002,42.07965183646791,61.785766734219365,52.043875645996295,47.896596615465214
Wonderland #2,Revere,Wonderland,Blue,"Small, expensive, busy",False,0.32,0.32,1295312.5,8363.285714285714,0.46718965334464113,482051.0,63.6,0.5505577862530345,-70.9908032,42.41839067,31.910704901252146,33.06047104827131,60.185519832699136,55.35518463452223,47.78595934931928
Revere Beach #4,Revere,Revere Beach,Blue,"Small, expensive, busy",False,0.35,0.35,1212571.4285714286,5289.285714285715,0.3830693237949242,507841.0,69.8,0.6113850494269706,-70.99963406,42.40958625,32.14720642490678,32.960026212039054,57.23185145996294,57.930444143390396,47.644055222116194
Wollaston #5,Quincy,Wollaston,Red,"Small, expensive, busy",False,0.57,0.57,1270350.8771929825,5372.285714285715,0.47572189062752057,288233.0,82.6,0.40619269645253553,-71.01474376,42.26651492,35.093399129482385,41.90577502596338,54.303646426282555,54.256806046717585,47.577790524547936
Alewife #2,Cambridge,Alewife,Red,"Small, expensive, busy",False,4.2,4.2,2286595.238095238,12830.0,0.5727989037341555,242978.0,97.0,0.7598176108159276,-71.14345406,42.38965949,39.3694125252818,63.64260046354339,50.79558747681594,42.2892166588987,46.910308477296155
Revere Beach #5,Revere,Revere Beach,Blue,"Small, expensive, busy",False,0.3,0.3,1061333.3333333335,5289.285714285715,0.3830693237949242,514784.0,49.9,0.18746152625959048,-70.99483971,42.4074822,31.879612033997127,29.81467934074785,56.58189018364117,56.52090558833679,46.56078642824657
Sullivan Square #3,Somerville,Sullivan Square,Orange,"Small, expensive, busy",False,0.31,0.31,1998387.0967741935,8268.57142857143,0.44920652056569144,771434.0,61.9,0.31724599480600385,-71.07951388,42.38617371,27.503078738786563,30.81724880014025,59.870809336372794,55.9642558936049,46.39822804402107
Central #3,Cambridge,Central,Red,"Small, expensive, busy",False,0.45,0.45,6754444.444444444,19337.0,0.49156951536756915,809223.0,96.9,0.15650684065852208,-71.10207612,42.36399017,27.81292492559239,39.08048740591038,60.792172803639396,50.4921575410438,46.24060673116526
Wollaston #7,Quincy,Wollaston,Red,"Small, expensive, busy",False,0.45,0.45,1070000.0,5372.285714285715,0.47572189062752057,288233.0,27.4,0.34410330644564513,-71.0161191,42.26742234,34.43744601379257,37.28408070174822,53.289489289462004,52.15282064041224,45.88752862984702
Central #4,Cambridge,Central,Red,"Small, expensive, busy",False,0.41,0.41,3730000.0,19337.0,0.49156951536756915,809223.0,94.9,0.22247105834379363,-71.10149845,42.36357879,27.697014936927342,37.422498575569854,60.455220150500914,49.752298679186694,45.67901897593445
Davis #1,Somerville,Davis,Red,"Small, expensive, busy",False,1.1,1.1,6760999.999999999,11228.142857142857,0.5234490702649334,707621.0,98.4,0.19281300639488394,-71.12144726,42.39535223,31.991906261951925,51.17053820778119,53.463969563934015,46.9538278323136,45.547518994338894
Revere Beach #7,Revere,Revere Beach,Blue,"Small, expensive, busy",False,0.28,0.28,1121428.5714285714,5289.285714285715,0.3830693237949242,514784.0,48.0,0.3309580006569071,-70.99662527,42.40772618,30.232344974806114,27.623407919977655,55.80039170392878,55.35631595935095,45.258288962059254
Central #5,Cambridge,Central,Red,"Small, expensive, busy",False,0.36,0.36,2653333.3333333335,19337.0,0.49156951536756915,821261.0,89.1,0.11168013211334808,-71.10320162,42.36599247,27.682310269957636,35.05201961499069,60.007446795324135,48.7133760505621,44.93273005063982
Wollaston #8,Quincy,Wollaston,Red,"Small, expensive, busy",False,0.4,0.4,1059500.0,5372.285714285715,0.47572189062752057,306663.0,51.0,0.24364534596143766,-71.01742964,42.26717895,33.31825839790479,34.72279931457409,52.5574318157921,50.89236158153758,44.66743284039719
North Quincy #5,Quincy,North Quincy,Red,"Small, expensive, busy",False,0.68,0.68,1426617.6470588234,7065.142857142857,0.5035117461855171,381308.0,82.9,0.42639483665725875,-71.02602224,42.27353826,34.320397942355626,43.714359685344576,50.31494632066161,48.06647652744347,44.54881491690613
Coolidge Corner #2,Brookline,Coolidge Corner,Green,"Small, expensive, quiet",False,1.29,1.29,5659457.364341085,1973.5714285714287,0.48815399802566634,632698.0,98.2,0.0696666316098705,-71.12026995,42.34180384,30.56691154071543,48.832205468465304,47.45042629132092,51.89063112587965,44.3894887059864
Union Square #1,Somerville,Union Square,Green,Big and cheap,False,7.69,7.69,954629.3888166449,769.5714285714286,0.5254629629629629,702421.0,99.8,0.32582235967858636,-71.09036212,42.37677163,43.66078998539418,60.43417499935222,37.84034452323565,45.044960668956605,44.3421412704658
Assembly #5,Somerville,Assembly,Orange,"Small, expensive, busy",False,0.31,0.31,4896774.193548387,8828.42857142857,0.4617740471869328,0.0,15.7,0.5241037135505823,-71.08355528,42.39338006,23.795601215311684,29.54939723298137,58.74063779247774,53.63886522620387,44.21580402331948
North Quincy #9,Quincy,North Quincy,Red,"Small, expensive, busy",False,0.36,0.36,673333.3333333334,7065.142857142857,0.5035117461855171,320797.0,59.6,0.7408829743535135,-71.03391887,42.26974015,40.32736409435062,34.95466265869211,50.024070512363146,44.98497984728238,44.06402190307536
Porter #3,Cambridge,Porter,Red,"Small, expensive, busy",False,0.74,0.74,3511756.756756757,9779.714285714286,0.5170454545454546,678386.0,95.9,0.5051474539894999,-71.11989888,42.38384103,30.031614549931135,45.0357239170952,52.67192903807033,46.72650334322751,43.928646670356265
Saint Mary's Street #1,Brookline,Saint Mary's Street,Green,"Small, expensive, quiet",False,0.83,0.83,4399156.626506024,822.7142857142857,0.4697674418604651,733121.0,98.6,0.07688903720860385,-71.10821905,42.34625263,27.964838905389804,42.05507196239381,47.81137889008784,54.825475739151294,43.795857247091945
Braintree #9,Braintree,Braintree,Red,"Small, expensive, busy",False,0.25,0.25,656800.0,5210.714285714285,0.47550147977638935,78818.0,7.6,0.5712589769156792,-71.00478989,42.20292469,37.49778551451778,26.919432930906716,50.86686553483342,48.63578983762226,43.609450526183196
Coolidge Corner #3,Brookline,Coolidge Corner,Green,"Small, expensive, quiet",False,1.22,1.22,8534180.327868853,1973.5714285714287,0.48815399802566634,632698.0,99.2,0.05667306095186668,-71.12117415,42.34269376,29.49972207106764,47.61272730279905,46.98165650458775,51.223710744694685,43.60820572809777
Sullivan Square #4,Somerville,Sullivan Square,Orange,"Small, expensive, busy",False,0.28,0.28,3265357.1428571427,8268.57142857143,0.44920652056569144,741001.0,79.9,0.534623632661837,-71.08216641,42.38691781,23.2740831683488,26.87994383484493,58.18104065203143,53.713060524983476,43.581946903452106
North Quincy #6,Quincy,North Quincy,Red,"Small, expensive, busy",False,0.61,0.61,1408360.655737705,7065.142857142857,0.5035117461855171,381308.0,71.1,0.4565674848285112,-71.02531401,42.27386329,33.39018820798273,41.61176060004984,49.71141180193494,47.03031321083041,43.54292405236169
Braintree #7,Braintree,Braintree,Red,"Small, expensive, busy",False,0.4,0.4,1191750.0,5210.714285714285,0.47550147977638935,78818.0,49.8,0.6049884277769897,-71.00552782,42.20290714,31.307934406282982,33.24137888127198,50.65951390117408,50.627909802377715,43.263864470084286
North Quincy #7,Quincy,North Quincy,Red,"Small, expensive, busy",False,0.51,0.4,817450.9803921569,7065.142857142857,0.5035117461855171,320797.0,72.9,0.4534022180940411,-71.02703416,42.27246813,36.74881467933809,35.38585848053386,49.29974611058065,44.72630934246158,42.856814566771206
Revere Beach #6,Revere,Revere Beach,Blue,"Small, expensive, busy",False,0.42,0.28,1802857.142857143,5289.285714285715,0.3830693237949242,399857.0,49.6,0.136505842165121,-70.99172045,42.40675985,25.00193797850608,25.531245121457644,54.231269605038776,53.78719386046094,42.64308546390924
Wollaston #10,Quincy,Wollaston,Red,"Small, expensive, busy",False,0.29,0.29,873793.103448276,5372.285714285715,0.47572189062752057,236962.0,37.9,0.6382979312070297,-71.02534743,42.26185098,33.002620430304724,28.44066565989866,51.30851321283045,48.10447336166706,42.58590183546109
Sullivan Square #5,Somerville,Sullivan Square,Orange,"Small, expensive, busy",False,0.26,0.26,4137307.692307692,8268.57142857143,0.44920652056569144,704348.0,65.4,0.5833624013635347,-71.08273611,42.38708448,21.584618297145575,24.685003328899967,57.389359711146014,52.54159094473215,42.2624786686431
Lechmere #3,Cambridge,Lechmere,Green,"Small, expensive, busy",False,0.39,0.39,2293076.923076923,2060.8571428571427,0.4548959136468774,757650.0,93.0,0.45099365614167786,-71.07824229,42.36752066,25.403088688674032,30.876303867686744,51.29733260743376,52.87649811186254,42.23526218104829
Coolidge Corner #4,Brookline,Coolidge Corner,Green,"Small, expensive, quiet",False,0.98,0.98,9069387.75510204,1973.5714285714287,0.48815399802566634,632698.0,99.1,0.1716399647913542,-71.12244116,42.34326096,27.897088327747646,44.48818635500871,46.03521248463006,49.65639486212142,42.030799028168296
Central #6,Cambridge,Central,Red,"Small, expensive, busy",False,0.31,0.31,7932903.225806451,19337.0,0.49156951536756915,821261.0,94.8,0.11095063005279987,-71.10207961,42.36479607,23.392457650988412,30.535550165817796,58.195391934336136,46.2011890891778,41.91263861565983
Medford/Tufts #2,Medford,Medford/Tufts,Green,"Small, expensive, busy",False,0.41,0.41,1792682.9268292685,1394.857142857143,0.44568868980963045,431232.0,65.7,0.5688754244327641,-71.12235197,42.41166578,26.669989503511328,30.924038999813014,48.74870614597412,53.1055456308352,41.83881303213481
Wollaston #9,Quincy,Wollaston,Red,"Small, expensive, busy",False,0.37,0.37,1563783.783783784,5372.285714285715,0.47572189062752057,306663.0,25.6,0.3156497728684463,-71.01681437,42.26763842,28.119026961831743,31.401363014913695,50.76483543648934,48.78932927092703,41.67977220822592
Coolidge Corner #5,Brookline,Coolidge Corner,Green,"Small, expensive, quiet",False,0.89,0.89,8857191.011235954,1973.5714285714287,0.48815399802566634,554692.0,93.1,0.12425689846340247,-71.1223987,42.34218091,26.972996512418042,42.586185031783074,45.47066657807609,48.708757806294,41.08988918391168
Davis #2,Somerville,Davis,Red,"Small, expensive, busy",False,0.64,0.64,6295625.0,11228.142857142857,0.5234490702649334,707621.0,95.7,0.29620185268249544,-71.12087925,42.39452361,27.46930056497237,41.96387373612279,50.720133693677674,42.36058641384061,40.97445921057831
Union Square #2,Somerville,Union Square,Green,"Small, expensive, quiet",False,3.37,3.37,1245459.940652819,769.5714285714286,0.5254629629629629,619365.0,99.5,0.7367134531140109,-71.10157346,42.38099986,38.063102342179896,55.05111051009821,35.57154021177731,41.99015899950619,40.560800751368575
Brookline Village #1,Brookline,Brookline Village,Green,"Small, expensive, quiet",False,1.31,1.31,4468091.603053435,999.4285714285714,0.5009157509157509,673768.0,98.5,0.09513972969074318,-71.11581107,42.33232974,28.777915934713267,46.61754666513774,41.61422745952581,46.900782691701465,40.33978148964792
Davis #4,Cambridge,Davis,Red,"Small, expensive, busy",False,0.51,0.51,2235686.274509804,11228.142857142857,0.5234490702649334,610651.0,93.6,0.5563780512511971,-71.12490233,42.39222751,28.344712851064592,38.60201751449627,50.28675341649345,40.999200852640534,40.25215874860461
Gilman Square #1,Somerville,Gilman Square,Green,"Small, expensive, quiet",False,2.72,2.72,1098676.4705882352,1544.857142857143,0.5510835913312694,578332.0,99.0,0.6416653714588073,-71.09221676,42.39260159,39.358488704023195,55.32563192552977,36.36666614364524,38.63672724665723,40.22598407739014
Saint Mary's Street #2,Brookline,Saint Mary's Street,Green,"Small, expensive, quiet",False,0.57,0.57,5730350.877192983,822.7142857142857,0.4697674418604651,733121.0,97.0,0.05267452566742443,-71.10743708,42.34641549,24.119561550099277,34.90269417747707,45.605120650475584,51.215650788838914,40.11876018107152
Davis #3,Somerville,Davis,Red,"Small, expensive, busy",False,0.59,0.59,6914406.7796610175,11228.142857142857,0.5234490702649334,707621.0,94.2,0.1601938639103828,-71.12237363,42.39546399,26.484360032367388,40.20926344117855,50.1695326435395,41.469826843226876,40.056790793681365
Coolidge Corner #6,Brookline,Coolidge Corner,Green,"Small, expensive, quiet",False,0.74,0.74,6654594.594594595,1973.5714285714287,0.48815399802566634,554692.0,89.7,0.2414256968238943,-71.12355643,42.34313518,25.864509006413982,39.83103309411064,44.70466590091159,47.3648178953118,39.81322138863753
Central #7,Cambridge,Central,Red,"Small, expensive, busy",False,0.26,0.26,5647307.692307692,19337.0,0.49156951536756915,849243.0,91.4,0.20680816284197318,-71.10546396,42.36606105,21.52714218075677,26.024562683141255,56.92988580053217,43.99446763172786,39.80346172598655
Quincy Center #14,Quincy,Quincy Center,Red,"Small, expensive, busy",False,0.28,0.28,4055714.2857142854,7972.285714285715,0.4712013165112452,245645.0,57.4,0.48863966190399927,-71.00165739,42.24863652,20.751874659632236,24.45273373813121,52.79489602770331,48.72532227515735,39.45231675267949
Porter #4,Somerville,Porter,Red,"Small, expensive, busy",False,0.45,0.45,2470666.6666666665,9779.714285714286,0.5170454545454546,702868.0,92.3,0.4596706831867896,-71.1142633,42.38617303,26.354178679497053,35.07069408675511,49.9760628740339,41.90712330864946,39.435536396962206
Babcock Street #1,Brookline,Babcock Street,Green,"Small, expensive, busy",False,0.55,0.55,8187090.909090908,682.8571428571429,0.4102209944751381,630137.0,96.9,0.16181004093549461,-71.12185672,42.35145263,22.65474598948645,32.76635138963165,43.991008733190384,52.749791304358816,39.38740499356432
East Somerville #1,Somerville,East Somerville,Green,Big and cheap,False,11.59,11.46,2741630.716134599,457.85714285714283,0.5063520871143375,702779.0,100.0,0.6536374406894312,-71.08497095,42.3740341,32.497945505613835,55.057923406369596,32.14037845713868,46.05347113267169,39.158266884075765
Oak Grove #2,Malden,Oak Grove,Orange,"Small, expensive, quiet",False,0.48,0.48,630833.3333333334,7995.285714285715,0.5575403269459781,403997.0,81.9,0.4991668690267958,-71.06831223,42.43288122,41.95585346935304,39.656477603775365,42.354242238682836,32.1185930257591,38.950297489438185
Davis #7,Cambridge,Davis,Red,"Small, expensive, busy",False,0.44,0.44,1947045.4545454546,11228.142857142857,0.5234490702649334,440565.0,80.3,0.76575691020112,-71.13145215,42.39880135,27.556065042807013,35.221829197005654,49.475522350106004,39.42178748770619,38.900106971292196
Brookline Village #2,Brookline,Brookline Village,Green,"Small, expensive, quiet",False,0.99,0.99,2935353.5353535353,999.4285714285714,0.5009157509157509,600323.0,99.5,0.5362194918516215,-71.12054341,42.3365154,27.975810370811647,42.94135437352689,40.744467652970904,45.192185368634014,38.89018181205642
Braintree #8,Braintree,Braintree,Red,"Small, expensive, busy",False,0.31,0.31,1616451.612903226,5210.714285714285,0.47550147977638935,78818.0,22.5,0.6887084990909462,-71.00545985,42.20199343,24.979409540705028,26.046824945608826,47.8866169434822,46.689226847327845,38.64236954059783
Davis #5,Somerville,Davis,Red,"Small, expensive, busy",False,0.49,0.49,5596326.530612245,11228.142857142857,0.5234490702649334,707621.0,95.4,0.15738326333750327,-71.12370646,42.39580229,24.972231500859024,36.56610291364786,49.146211125038114,39.68692804599365,38.35125492951239
Gilman Square #2,Somerville,Gilman Square,Green,"Small, expensive, quiet",False,1.27,1.27,867401.5748031496,1544.857142857143,0.5510835913312694,595520.0,89.7,0.6724512983658589,-71.09452332,42.39372836,39.31988166337866,48.46738858087037,35.07205893237658,35.631419903288176,38.068305391942374
Brookline Village #3,Brookline,Brookline Village,Green,"Small, expensive, quiet",False,0.94,0.94,7185106.382978723,999.4285714285714,0.5009157509157509,544621.0,98.9,0.2256044271240343,-71.1192803,42.33356039,25.563789545781795,41.13110350718733,39.862340929900526,44.09869801148174,37.41997060693912
Medford/Tufts #3,Medford,Medford/Tufts,Green,"Small, expensive, busy",False,0.28,0.28,1846785.714285714,1394.857142857143,0.44568868980963045,451299.0,50.1,0.6188915833412212,-71.11000538,42.40945735,21.735494837514715,21.53940890091767,45.878826702582,48.38295812931891,37.05568062648128
Davis #6,Somerville,Davis,Red,"Small, expensive, busy",False,0.44,0.44,4552500.0,11228.142857142857,0.5234490702649334,672859.0,88.6,0.2481822393412664,-71.11986754,42.39580868,23.620646273886724,33.64766168943754,48.294896719429914,38.2411618570301,36.93239758683205
Davis #11,Cambridge,Davis,Red,"Small, expensive, busy",False,0.37,0.37,2064324.3243243243,11228.142857142857,0.5234490702649334,653437.0,83.1,0.42666143764322184,-71.1263733,42.39434904,25.319233870490415,31.42088800945286,48.259558863668616,37.479271821612265,36.87350116056322
Porter #5,Cambridge,Porter,Red,"Small, expensive, busy",False,0.37,0.37,3694324.3243243243,9779.714285714286,0.5170454545454546,734064.0,78.4,0.2696953299272416,-71.11971251,42.38596364,22.474373821952646,30.16342207768715,48.18299327938617,39.275216197489186,36.447087072549316
Davis #8,Somerville,Davis,Red,"Small, expensive, busy",False,0.43,0.43,6768837.209302326,11228.142857142857,0.5234490702649334,707621.0,92.7,0.24729488942550998,-71.12189131,42.39472448,22.851904613474048,32.917443757108664,47.9850139835254,37.82559880408464,36.41592636032453
Amory Street #2,Brookline,Amory Street,Green,"Small, expensive, busy",False,0.43,0.43,5506511.627906977,608.4285714285714,0.4208955223880597,660536.0,81.4,0.19030765942654376,-71.11700452,42.35085178,19.79250413935305,26.498464443954283,40.889903004635705,49.17670296463718,35.812520943981156
Davis #9,Somerville,Davis,Red,"Small, expensive, busy",False,0.41,0.41,10562682.92682927,11228.142857142857,0.5234490702649334,707621.0,84.7,0.11095226929535339,-71.12183236,42.3960338,22.019556590025676,31.844742328442656,47.59660416037464,37.25224842611221,35.76857665507326
Chestnut Hill #1,Newton,Chestnut Hill,Green,Big and cheap,True,14.93,13.93,1890107.1667782988,568.0,0.5273311897106109,121705.0,94.6,0.5709725909630328,-71.16908853,42.32295841,33.49919246385121,55.204484176854486,27.796525621391282,37.40310590527555,35.570570590765016
Quincy Adams #3,Quincy,Quincy Adams,Red,"Small, expensive, busy",False,0.26,0.26,816923.0769230769,3705.1428571428573,0.49873475960432484,94671.0,38.5,0.6920943325662309,-71.01404087,42.23727533,30.083786776273122,22.86554721457489,42.47895089233449,38.42799487492461,35.506086812589345
Coolidge Corner #7,Brookline,Coolidge Corner,Green,"Small, expensive, quiet",False,0.48,0.48,6570416.666666667,1973.5714285714287,0.48815399802566634,555350.0,90.8,0.27276688062858995,-71.1234407,42.34379516,21.530270232170587,31.135646699340626,42.09907722768746,43.0188065008195,35.470573599930624
North Quincy #8,Quincy,North Quincy,Red,"Small, expensive, busy",False,0.36,0.36,2277777.777777778,7065.142857142857,0.5035117461855171,381308.0,66.2,0.48833177468070166,-71.02555848,42.27307093,22.802977952406458,27.944908201914444,44.7667546697799,39.727664004699136,35.301828832103276
Porter #10,Cambridge,Porter,Red,"Small, expensive, busy",False,0.29,0.29,1938620.6896551726,9779.714285714286,0.5170454545454546,610651.0,69.7,0.5166902217355668,-71.12376698,42.3913815,22.884371595841024,25.413286444838278,47.38459234735189,37.248281579853845,35.11641885249219
Porter #6,Cambridge,Porter,Red,"Small, expensive, busy",False,0.33,0.33,3679393.9393939395,9779.714285714286,0.5170454545454546,739444.0,89.4,0.15463275131178222,-71.12049338,42.38920373,21.154286297108836,27.442520489149892,47.37580453844558,37.91981081189866,35.101772504314994
Davis #10,Somerville,Davis,Red,"Small, expensive, busy",False,0.38,0.38,7658157.894736842,11228.142857142857,0.5234490702649334,696341.0,91.7,0.1207220186507231,-71.12126278,42.39631585,21.463017575975403,30.30112275981066,47.181954213094826,36.50734748807943,35.07749340960691
Porter #7,Cambridge,Porter,Red,"Small, expensive, busy",False,0.32,0.32,3576562.5,9779.714285714286,0.5170454545454546,739444.0,75.6,0.23697610739111183,-71.12034648,42.390226,20.85033152760915,26.70006671873443,47.168204633355245,37.55699294115443,34.75577266249778
Oak Grove #1,Malden,Oak Grove,Orange,"Small, expensive, quiet",False,0.5,0.5,957800.0,7995.285714285715,0.5575403269459781,403997.0,83.4,0.4280810431247344,-71.06821598,42.43364113,32.82397757263217,36.703859345483316,39.74595423849088,29.685338050666218,34.603150822451596
North Quincy #10,Quincy,North Quincy,Red,"Small, expensive, busy",False,0.33,0.33,2147878.7878787876,7065.142857142857,0.5035117461855171,381308.0,49.9,0.5012708164592548,-71.02448675,42.27424899,22.257750007018622,26.154822307775163,44.30843727691652,38.87634793283972,34.53796651066431
Porter #9,Cambridge,Porter,Red,"Small, expensive, busy",False,0.3,0.3,3030666.666666667,9779.714285714286,0.5170454545454546,734064.0,85.7,0.07460466793498875,-71.11971084,42.38789166,20.61333506317206,25.284264169947704,46.849417450959386,36.907954768005595,34.22446069183802
Coolidge Corner #8,Brookline,Coolidge Corner,Green,"Small, expensive, quiet",False,0.43,0.43,6727441.860465117,1973.5714285714287,0.48815399802566634,632698.0,94.7,0.11204121881926453,-71.12028967,42.34313339,19.993992166390544,28.11690826034697,41.18740120557563,41.506073675537266,33.95111356307759
Saint Mary's Street #3,Brookline,Saint Mary's Street,Green,"Small, expensive, quiet",False,0.33,0.33,6076666.666666666,822.7142857142857,0.4697674418604651,737088.0,91.6,0.04819155068759534,-71.10688406,42.34571723,17.826447299918996,22.47791875481579,41.859524552436035,44.993172260152065,33.876100017672265
Davis #13,Cambridge,Davis,Red,"Small, expensive, busy",False,0.29,0.29,2058275.8620689656,11228.142857142857,0.5234490702649334,593353.0,83.2,0.49951405089039536,-71.12778559,42.39468696,22.264717685414784,25.28494679301838,46.421803743945134,34.41298301628773,33.810575961024085
Porter #8,Cambridge,Porter,Red,"Small, expensive, busy",False,0.3,0.3,5297333.333333334,9779.714285714286,0.5170454545454546,682614.0,87.1,0.6959729729944261,-71.11920277,42.38208233,19.335164864719317,24.772996090566608,46.465966391423564,36.52450370846977,33.58537559261165
Porter #12,Cambridge,Porter,Red,"Small, expensive, busy",False,0.29,0.29,3608965.5172413797,9779.714285714286,0.5170454545454546,678386.0,67.1,0.423463625807565,-71.11983174,42.38457559,19.503947781512068,24.061116919106695,46.3704652030532,36.234154435555155,33.426206945327706
Porter #11,Cambridge,Porter,Red,"Small, expensive, busy",False,0.29,0.29,3680000.0000000005,9779.714285714286,0.5170454545454546,678386.0,68.7,0.7096409362472449,-71.12009493,42.38200712,19.436675665804025,24.03420807282348,46.35028356834079,36.21397280084275,33.39257088747369
Newton Centre #1,Newton,Newton Centre,Green,"Small, expensive, quiet",False,1.46,1.46,2511506.8493150687,571.8571428571429,0.521259842519685,161995.0,91.8,0.20598025320512028,-71.19314637,42.33123158,26.922734681818007,43.14112227168093,29.423966167596234,37.889483227494026,32.93768597653821
Union Square #16,Cambridge,Union Square,Green,"Small, expensive, quiet",False,0.34,0.34,482941.1764705882,769.5714285714286,0.5254629629629629,734966.0,76.3,0.5223591109527717,-71.09848283,42.37361792,40.47570635513488,27.72024722756554,30.98983924921731,30.33448181501752,32.924632480435235
Davis #15,Somerville,Davis,Red,"Small, expensive, busy",False,0.45,0.28,2443111.111111111,11228.142857142857,0.5234490702649334,696341.0,85.3,0.4440963455052935,-71.11732769,42.3957492,20.566393911920088,23.852645024703726,45.77112431334984,33.574060520963236,32.72611024336525
Union Square #3,Somerville,Union Square,Green,"Small, expensive, quiet",False,1.41,1.41,3344751.7730496456,769.5714285714286,0.5254629629629629,619365.0,98.3,0.4935291330428477,-71.09768089,42.38080306,26.19072085596379,43.657507981661965,30.763953903296894,35.52141020753832,32.5481569039012
Coolidge Corner #9,Brookline,Coolidge Corner,Green,"Small, expensive, quiet",False,0.38,0.38,8331578.947368421,1973.5714285714287,0.48815399802566634,583332.0,94.4,0.17299917526305136,-71.12113768,42.34068675,18.420106810694783,25.426587935770122,40.32884193968593,40.132322864072925,32.520181453261415
East Somerville #2,Somerville,East Somerville,Green,"Small, expensive, quiet",False,0.94,0.94,1307021.2765957448,457.85714285714283,0.5063520871143375,702779.0,97.4,0.1632871679550111,-71.08885691,42.38011555,28.872713285736204,37.68973276412528,28.06816546224541,38.0017336992051,32.371245225920305
Davis #16,Cambridge,Davis,Red,"Small, expensive, busy",False,0.26,0.26,2211923.076923077,11228.142857142857,0.5234490702649334,593353.0,59.2,0.60413219311046,-71.12983901,42.39662124,20.272825441658668,22.216063079135484,45.39821229274696,32.82135986099445,32.10459020902714
Coolidge Corner #10,Brookline,Coolidge Corner,Green,"Small, expensive, quiet",False,0.36,0.36,9423888.88888889,1973.5714285714287,0.48815399802566634,583332.0,83.0,0.07955432997074774,-71.12145192,42.34164844,17.6669529303956,24.081733252871054,39.90722206357504,39.449804705267184,31.81748165974326
Davis #14,Somerville,Davis,Red,"Small, expensive, busy",False,0.29,0.29,8063448.27586207,11228.142857142857,0.5234490702649334,735911.0,80.1,0.015619751964540834,-71.12240243,42.3970204,18.06021045366234,23.603143900317402,45.160451574419405,33.151630846762004,31.708322345147867
Davis #12,Somerville,Davis,Red,"Small, expensive, busy",False,0.29,0.29,8177586.206896552,11228.142857142857,0.5234490702649334,665958.0,86.6,0.26710757648799943,-71.1242126,42.3989391,18.043392424735334,23.5964166887466,45.155406165741304,33.1465854380839,31.699913330684364
Union Square #5,Cambridge,Union Square,Green,"Small, expensive, quiet",False,0.9,0.9,1904555.5555555555,769.5714285714286,0.5254629629629629,765534.0,99.6,0.5974521624274396,-71.09893876,42.37301851,25.827691926732367,37.818769329388154,29.587508896918486,32.9215834310146,30.587415226603852
Union Square #4,Somerville,Union Square,Green,"Small, expensive, quiet",False,1.07,1.07,3157289.7196261683,769.5714285714286,0.5254629629629629,702421.0,97.3,0.253805752445212,-71.0955098,42.37923899,24.211964225950204,39.45781510508586,29.531291247185816,33.43669999528458,30.493719143716074
Coolidge Corner #11,Brookline,Coolidge Corner,Green,"Small, expensive, quiet",False,0.3,0.3,9664333.333333334,1973.5714285714287,0.48815399802566634,583332.0,66.6,0.11924022857166677,-71.1206856,42.34116956,15.453965812961329,19.682667864285722,38.58447520179258,37.24859020808182,29.612903556772494
Newton Centre #2,Newton,Newton Centre,Green,"Small, expensive, quiet",False,0.96,0.96,2858125.0,571.8571428571429,0.521259842519685,184739.0,75.4,0.0778583581093004,-71.19326962,42.32985076,22.98725759410521,36.48106617900004,27.289723305483186,34.483774050982035,29.380614539683137
Coolidge Corner #12,Brookline,Coolidge Corner,Green,"Small, expensive, quiet",False,0.28,0.28,11843571.428571427,1973.5714285714287,0.48815399802566634,632698.0,71.7,0.12870441411276246,-71.11932988,42.34231363,14.445783852996678,17.74703048320607,37.9947022518481,36.2757261088639,28.629948640198357
Eliot #1,Newton,Eliot,Green,"Small, expensive, quiet",False,3.82,3.76,1219842.9319371728,344.0,0.5721518987341773,66445.0,93.8,0.4061107435655636,-71.2115276,42.31826629,32.33739278996699,48.20304723898227,18.300538519912305,27.633497305641253,28.542066191885713
Magoun Square #1,Somerville,Magoun Square,Green,"Small, expensive, quiet",False,0.59,0.59,3175932.203389831,672.8571428571429,0.5166051660516605,493384.0,81.7,0.3964154772909037,-71.10330668,42.39632864,19.976298769179305,29.805242123154308,29.657353308407775,34.02537659176049,28.34658486328254
Union Square #6,Somerville,Union Square,Green,"Small, expensive, quiet",False,0.67,0.67,1795820.895522388,769.5714285714286,0.5254629629629629,699283.0,96.5,0.7183276502482,-71.10288203,42.37597357,23.815596386998052,32.85276863000698,28.203662269344292,30.49744618256854,28.281004180646864
Brookline Village #4,Brookline,Brookline Village,Green,"Small, expensive, quiet",False,0.37,0.37,6247837.837837838,999.4285714285714,0.5009157509157509,544621.0,87.6,0.3756899606399449,-71.12000844,42.33500163,16.394428550900958,22.4963842083103,34.30522483751289,34.79983819386292,28.158110452959733
Magoun Square #2,Somerville,Magoun Square,Green,"Small, expensive, quiet",False,0.56,0.56,2824821.428571428,672.8571428571429,0.5166051660516605,494333.0,81.4,0.38519095243855306,-71.10418348,42.39669006,19.95335448995293,28.871361637355434,29.47708825449455,33.61393584432019,28.046143106760503
Newton Centre #3,Newton,Newton Centre,Green,"Small, expensive, quiet",False,0.74,0.74,2346216.2162162163,571.8571428571429,0.521259842519685,107241.0,37.1,0.23409175018978706,-71.19000946,42.33045992,21.85857512337902,32.55535276798829,26.29969848500509,32.62518912482363,27.730573172219643
East Somerville #3,Somerville,East Somerville,Green,"Small, expensive, quiet",False,0.72,0.72,2240555.5555555555,457.85714285714283,0.5063520871143375,702421.0,98.7,0.30719359352224085,-71.08986953,42.378006,21.445220762760822,31.284125451104213,25.1959282733845,34.27084393438646,27.584183244485455
Newton Centre #4,Newton,Newton Centre,Green,"Small, expensive, quiet",False,0.62,0.62,2204838.709677419,571.8571428571429,0.521259842519685,184739.0,68.3,0.15556434834043062,-71.19437203,42.32963772,20.64642179805258,29.269963036272507,25.410953412109933,31.03631195153217,26.24933138406105
Gilman Square #3,Somerville,Gilman Square,Green,"Small, expensive, quiet",False,0.61,0.61,2215573.7704918035,1544.857142857143,0.5510835913312694,595520.0,77.3,0.6333961481137286,-71.09350352,42.39307314,21.691721395783155,31.48217467198276,27.920995264251165,25.99686878470041,26.149865945066683
Eliot #2,Newton,Eliot,Green,"Small, expensive, quiet",False,3.72,3.72,1999247.311827957,344.0,0.5721518987341773,90535.0,97.6,0.7012714468193328,-71.21028676,42.31449315,27.225322954934732,46.10537914644889,16.75701003968004,26.076758785778868,25.969518724831936
East Somerville #4,Somerville,East Somerville,Green,"Small, expensive, quiet",False,0.51,0.51,1536078.431372549,457.85714285714283,0.5063520871143375,702779.0,89.3,0.10658279810035858,-71.08666678,42.38065729,21.551569246538868,25.76523816033538,24.185065315215404,31.869624305147354,25.89941164753696
Union Square #7,Somerville,Union Square,Green,"Small, expensive, quiet",False,0.56,0.56,2108035.714285714,769.5714285714286,0.5254629629629629,699283.0,96.6,0.7360443355313886,-71.10266254,42.3748032,20.736947330162888,28.794360526427464,26.750014712135222,28.337061505148114,25.858258251965083
Union Square #8,Somerville,Union Square,Green,"Small, expensive, quiet",False,0.52,0.52,1958461.5384615385,769.5714285714286,0.5254629629629629,702421.0,92.6,0.20142289520390094,-71.09216424,42.37804031,20.59841520417297,27.629304347101513,26.500396950163875,27.81003291094427,25.442228648679503
Washington Square #1,Brookline,Washington Square,Green,"Small, expensive, quiet",False,0.95,0.95,5661157.894736842,659.2857142857143,0.5327868852459017,442993.0,99.0,0.09804645300478064,-71.13653646,42.33948533,20.232335481821103,34.96287056349373,23.35432765828793,27.125596611537024,25.07925791653566
Brookline Village #5,Brookline,Brookline Village,Green,"Small, expensive, quiet",False,0.28,0.28,3632857.1428571427,999.4285714285714,0.5009157509157509,560637.0,85.2,0.16564565654698452,-71.11811281,42.33128856,13.777478266060866,15.782497093053262,32.45755718931318,31.535393795332954,25.078664372626868
Tappan Street #1,Brookline,Tappan Street,Green,"Small, expensive, quiet",False,1.15,1.15,2633565.2173913047,539.0,0.5398981324278438,510070.0,99.0,0.11385999997890976,-71.13918274,42.33750908,22.15461746332071,36.63800260064772,20.16068931726701,26.007118659343885,24.47100277977437
Union Square #9,Somerville,Union Square,Green,"Small, expensive, quiet",False,0.49,0.49,2331836.7346938774,769.5714285714286,0.5254629629629629,619365.0,97.4,0.5143062782319049,-71.09869388,42.38042609,18.62549600758154,25.83617365657591,25.720278126457252,26.778923334265386,24.142030609168465
Newton Centre #5,Newton,Newton Centre,Green,"Small, expensive, quiet",False,0.53,0.53,3224150.943396226,571.8571428571429,0.521259842519685,161995.0,62.2,0.1573372307034947,-71.19189235,42.33078409,17.05834420317735,25.430504785640778,23.883737531269556,28.90803926752138,23.703971582660422
Gilman Square #5,Somerville,Gilman Square,Green,"Small, expensive, quiet",False,0.42,0.42,1601904.761904762,1544.857142857143,0.5510835913312694,579709.0,68.3,0.5479607278400466,-71.09347955,42.39220069,20.482275728680595,24.327326391931695,26.307335936643515,22.71544195379025,23.460433732387262
Newton Centre #6,Newton,Newton Centre,Green,"Small, expensive, quiet",False,0.51,0.51,4712745.098039215,571.8571428571429,0.521259842519685,149233.0,53.0,0.25761633199324735,-71.19508397,42.33075031,15.678646541127756,24.20491369968488,23.343507228691667,28.19938095965948,22.803587745030605
Eliot #4,Newton,Eliot,Green,"Small, expensive, quiet",False,2.28,1.27,1350000.0,344.0,0.5721518987341773,90535.0,53.9,0.74494300066343,-71.21332468,42.31259243,26.044600681688195,37.205084953134424,14.822542366953105,22.03528979204797,22.745405936953713
Gilman Square #6,Somerville,Gilman Square,Green,"Small, expensive, quiet",False,0.41,0.41,1740975.6097560977,1544.857142857143,0.5510835913312694,504626.0,71.3,0.5844438267419533,-71.10386641,42.38822314,19.275959836776313,23.448498846266418,25.87113469615281,22.180165416073656,22.733431664902756
Newton Centre #7,Newton,Newton Centre,Green,"Small, expensive, quiet",False,0.48,0.48,3147500.0,571.8571428571429,0.521259842519685,184739.0,60.0,0.07001709872365952,-71.19237296,42.33006592,16.027531774631754,23.26124454341673,23.245068439429787,27.830136357980162,22.63952309626081
Chestnut Hill #2,Brookline,Chestnut Hill,Green,"Small, expensive, quiet",False,0.85,0.85,3832823.529411765,568.0,0.5273311897106109,133759.0,93.7,0.36678282035208043,-71.16471842,42.32364915,18.62543154379618,31.645996981884,20.032713065321932,25.23704764246909,22.6308829973161
Eliot #3,Newton,Eliot,Green,"Small, expensive, quiet",False,1.33,1.33,1545789.4736842103,344.0,0.5721518987341773,90535.0,74.4,0.6008156308324941,-71.21089208,42.31533824,24.95204809146736,37.441775938182154,14.621097593849868,22.00227302422875,22.409664648448317
Newton Centre #8,Newton,Newton Centre,Green,"Small, expensive, quiet",False,0.46,0.46,2787391.304347826,571.8571428571429,0.521259842519685,149233.0,46.3,0.3001411127765649,-71.19500328,42.33140483,16.081032324050327,22.29189179092524,23.075352421956815,27.412732097442458,22.35666306713918
Newton Highlands #1,Newton,Newton Highlands,Green,"Small, expensive, quiet",False,1.23,1.13,2039105.6910569107,477.57142857142856,0.5533807829181495,90535.0,73.6,0.5585470134500349,-71.20822498,42.31788692,22.25088180802431,35.402660532922,16.626518969875754,22.702295125491077,22.265977831599034
Waban #1,Newton,Waban,Green,"Small, expensive, quiet",False,1.24,1.04,1234758.064516129,286.0,0.5688073394495413,131090.0,67.5,0.12005373378425344,-71.23108916,42.32683684,25.413088408779235,34.54280040058928,14.153385305731238,20.89120285982135,21.6965452306676
Newton Highlands #2,Newton,Newton Highlands,Green,"Small, expensive, quiet",False,0.91,0.91,1674945.054945055,477.57142857142856,0.5533807829181495,244733.0,85.4,0.22509076212546159,-71.20570872,42.32048114,22.14994030943796,32.4560752148613,16.051322385557448,21.400546361516227,21.307316857735184
Union Square #10,Somerville,Union Square,Green,"Small, expensive, quiet",False,0.42,0.42,3400952.380952381,769.5714285714286,0.5254629629629629,702421.0,94.6,0.19827031223594135,-71.09458538,42.37891185,14.877791546338326,21.193102440110327,24.00646876959023,24.27911661940629,21.285681681056765
Union Square #13,Cambridge,Union Square,Green,"Small, expensive, quiet",False,0.36,0.36,1901388.888888889,769.5714285714286,0.5254629629629629,744873.0,84.5,0.5073801800526426,-71.09439234,42.37258675,16.46538181827496,19.067240266190133,23.965077423165937,23.547500702308287,21.216696103682942
Brookline Hills #1,Brookline,Brookline Hills,Green,"Small, expensive, quiet",False,0.75,0.75,2500800.0,507.85714285714283,0.536283185840708,544621.0,93.7,0.412782990739865,-71.12398127,42.3345208,18.83995638008351,29.57813889364187,17.95172389739935,23.00210362025167,21.12139905874659
Union Square #17,Cambridge,Union Square,Green,"Small, expensive, quiet",False,0.33,0.33,1620606.0606060605,769.5714285714286,0.5254629629629629,734966.0,90.9,0.5947530990527096,-71.10003158,42.37389352,17.147869984558834,17.768240816719533,23.875074863804073,23.064499463950387,21.066691838079834
Union Square #11,Somerville,Union Square,Green,"Small, expensive, quiet",False,0.41,0.41,3469024.390243903,769.5714285714286,0.5254629629629629,679229.0,92.1,0.30610787128021794,-71.09432061,42.37989372,14.562831187565553,20.67081710769765,23.83767418903898,24.01124674162915,21.004357380138014
Gilman Square #4,Somerville,Gilman Square,Green,"Small, expensive, quiet",False,0.43,0.43,3827674.418604651,1544.857142857143,0.5510835913312694,507699.0,84.8,0.5132762769981458,-71.10295464,42.38854754,15.113353268902795,22.523218438403667,24.761058141907004,21.255029416649514,20.88330407449308
Washington Square #2,Brookline,Washington Square,Green,"Small, expensive, quiet",False,0.6,0.6,7899666.666666667,659.2857142857143,0.5327868852459017,464618.0,96.4,0.1006317654884825,-71.13635694,42.33870636,15.691698169613172,26.58122594244147,20.761125896593846,22.891047425800668,20.757254980378853
Eliot #6,Newton,Eliot,Green,"Small, expensive, quiet",False,0.92,0.91,1327500.0,344.0,0.5721518987341773,90535.0,87.9,0.6626344411632972,-71.21226177,42.31377842,23.529186191701037,31.93207635661115,13.267884994857882,19.413921719820646,20.15431031679501
Brookline Hills #5,Brookline,Brookline Hills,Green,"Small, expensive, quiet",False,0.46,0.46,1148043.4782608696,507.85714285714283,0.536283185840708,620767.0,80.5,0.23473068141089795,-71.12395011,42.33074704,21.120082313128655,22.37922493396693,17.114955864895457,20.137594504524525,19.7267856712401
Union Square #12,Somerville,Union Square,Green,"Small, expensive, quiet",False,0.36,0.36,3608888.888888889,769.5714285714286,0.5254629629629629,619365.0,85.0,0.37795086500555025,-71.0969446,42.37991668,13.000867859310954,17.68143468260453,22.925723235476738,22.508146514619085,19.48443912420094
Eliot #5,Newton,Eliot,Green,"Small, expensive, quiet",False,1.13,1.13,2275044.2477876106,344.0,0.5721518987341773,90535.0,90.2,0.6571908441606412,-71.20951653,42.31588435,20.14879570239637,33.48612887951545,12.798681982808887,19.671270887428193,19.37230529671335
Newton Highlands #3,Newton,Newton Highlands,Green,"Small, expensive, quiet",False,0.85,0.85,2581058.823529412,477.57142857142856,0.5533807829181495,150122.0,68.9,0.17861209436327896,-71.20749112,42.32177387,18.32581601331801,30.028142801565238,14.735657091437446,19.86031039368421,19.114541367535185
Union Square #14,Somerville,Union Square,Green,"Small, expensive, quiet",False,0.34,0.34,3746470.588235294,769.5714285714286,0.5254629629629629,620888.0,90.1,0.3597435577195835,-71.09614828,42.38007028,12.221417757758495,16.418531788614985,22.513552670004394,21.8581952358046,18.797488181747035
Brookline Hills #2,Brookline,Brookline Hills,Green,"Small, expensive, quiet",False,0.62,0.62,3104677.419354839,507.85714285714283,0.536283185840708,617706.0,93.9,0.12797482876866995,-71.12674156,42.33024071,15.830106835903194,25.415150198823113,16.493947369680264,20.804564873245926,18.691771512548115
Union Square #20,Cambridge,Union Square,Green,"Small, expensive, quiet",False,0.29,0.29,1892758.6206896552,769.5714285714286,0.5254629629629629,788100.0,91.3,0.7053849739037326,-71.09891455,42.37180648,13.849364634115103,13.727570512737548,22.37528547795761,20.884393037152797,18.567042861669066
Union Square #15,Somerville,Union Square,Green,"Small, expensive, quiet",False,0.34,0.34,5839117.647058823,769.5714285714286,0.5254629629629629,702421.0,87.3,0.5514262983920794,-71.08853941,42.374599,11.548696600678106,16.14944332578283,22.311736322880275,21.656378888680482,18.46112760320684
Gilman Square #8,Somerville,Gilman Square,Green,"Small, expensive, quiet",False,0.3,0.3,2029333.3333333335,1544.857142857143,0.5510835913312694,516401.0,54.5,0.09597506580595176,-71.09717766,42.38872787,14.290111308342738,15.57569179949008,23.273167455984694,18.112581267054814,18.403486264622565
Brookline Hills #3,Brookline,Brookline Hills,Green,"Small, expensive, quiet",False,0.54,0.54,2157222.222222222,507.85714285714283,0.536283185840708,560637.0,90.1,0.1863136224714811,-71.12663813,42.32971546,16.511364753373552,23.494786787211524,16.28716226143392,20.049563120349646,18.347129665470874
Magoun Square #3,Somerville,Magoun Square,Green,"Small, expensive, quiet",False,0.26,0.26,4061923.076923077,672.8571428571429,0.5166051660516605,595520.0,60.2,0.7680383035799193,-71.09745782,42.39517005,9.52662088886413,10.116784445268662,23.614589970733302,24.105466622646126,18.275312633825088
Union Square #18,Somerville,Union Square,Green,"Small, expensive, quiet",False,0.33,0.33,4463636.363636363,769.5714285714286,0.5254629629629629,619365.0,86.4,0.6878596139586712,-71.10006317,42.38161707,11.497012265083558,15.507897728929422,22.179817547961488,21.3692421481078,18.241262978342196
Gilman Square #9,Somerville,Gilman Square,Green,"Small, expensive, quiet",False,0.29,0.29,1951034.4827586208,1544.857142857143,0.5510835913312694,651214.0,77.4,0.7583062192211397,-71.0876359,42.38886329,14.072079559814256,14.709086761901673,23.06162186801796,17.706187594543824,18.050910284678004
Gilman Square #7,Somerville,Gilman Square,Green,"Small, expensive, quiet",False,0.32,0.32,3074062.5,1544.857142857143,0.5510835913312694,648967.0,88.5,0.6700053721814355,-71.08895585,42.38962781,12.626670504027722,16.231319440775962,23.021823457754916,18.19148825957801,17.98457960090627
Gilman Square #10,Somerville,Gilman Square,Green,"Small, expensive, quiet",False,0.29,0.29,2027241.379310345,1544.857142857143,0.5510835913312694,507699.0,70.5,0.5358718240381881,-71.10328113,42.38813286,13.836627154836123,14.614905799910419,22.99098614652452,17.635551873050385,17.933184082188937
Washington Square #3,Brookline,Washington Square,Green,"Small, expensive, quiet",False,0.47,0.46,11623617.021276597,659.2857142857143,0.5327868852459017,464618.0,87.9,0.04192053730897674,-71.13514463,42.33892437,12.49193764323775,20.585337583938855,18.916950710940135,19.867876203158843,17.683629670956005
East Somerville #5,Somerville,East Somerville,Green,"Small, expensive, quiet",False,0.32,0.32,3379687.5,457.85714285714283,0.5063520871143375,702779.0,94.1,0.363678931258873,-71.08872654,42.37673217,10.460742892576459,12.544231264721352,19.21069059264623,24.699080494070916,17.60878710992167
Newton Centre #9,Newton,Newton Centre,Green,"Small, expensive, quiet",False,0.31,0.31,3348064.5161290322,571.8571428571429,0.521259842519685,161995.0,55.6,0.1919882550706892,-71.19118756,42.33086985,10.649336626844153,12.800851556956905,20.073650846216363,22.58144003293054,17.353827107571764
Newton Centre #10,Newton,Newton Centre,Green,"Small, expensive, quiet",False,0.3,0.3,2789666.666666667,571.8571428571429,0.521259842519685,161995.0,58.6,0.76393233056592,-71.18965147,42.33597546,11.010763177824115,12.23208003732247,20.048327160255397,22.37778081196297,17.31162096430349
Union Square #19,Somerville,Union Square,Green,"Small, expensive, quiet",False,0.3,0.3,4199666.666666667,769.5714285714286,0.5254629629629629,619365.0,87.0,0.7383421717350308,-71.10065433,42.38182425,10.367430018701441,13.114189004749099,21.476841156741703,20.180796800481147,17.06963565964255
East Somerville #6,Somerville,East Somerville,Green,"Small, expensive, quiet",False,0.3,0.3,3085666.666666667,457.85714285714283,0.5063520871143375,702421.0,71.8,0.27365739828811625,-71.09027159,42.37968888,9.937839936380204,11.01406611923096,18.806131462722625,23.96427037339434,16.934521893382332
Gilman Square #11,Somerville,Gilman Square,Green,"Small, expensive, quiet",False,0.26,0.26,2123846.153846154,1544.857142857143,0.5510835913312694,594369.0,80.7,0.20100366392177432,-71.09444291,42.38736677,12.029733229277117,11.620021413306368,22.022894190785482,16.099428213216235,16.319697489290544
Chestnut Hill #3,Brookline,Chestnut Hill,Green,"Small, expensive, quiet",False,0.45,0.45,5821111.111111111,568.0,0.5273311897106109,133759.0,79.3,0.45001754842166064,-71.16481445,42.32290202,11.696897947061844,18.650012869478243,16.037045984980626,18.68523789369978,15.971437863413927
Brookline Hills #4,Brookline,Brookline Hills,Green,"Small, expensive, quiet",False,0.48,0.48,3656250.0,507.85714285714283,0.536283185840708,544621.0,95.4,0.5052960715843244,-71.12295656,42.33500571,12.708021386986236,20.005153535768883,14.77710376935128,18.047430652045076,15.830365511999807
Ball Square #2,Medford,Ball Square,Green,"Small, expensive, quiet",False,0.31,0.31,954516.1290322581,745.4285714285714,0.5854189336235038,510366.0,60.8,0.5685409191230962,-71.10808634,42.40457891,19.624783644692712,15.442823192781587,15.760308855953404,12.371683700038096,15.775813564703217
Newton Centre #11,Newton,Newton Centre,Green,"Small, expensive, quiet",False,0.26,0.26,3079230.769230769,571.8571428571429,0.521259842519685,149233.0,30.7,0.2728737078709507,-71.19559801,42.33031765,8.582204809488395,8.209137535430719,18.747599808275158,20.314173671343365,15.143742044336422
Eliot #7,Newton,Eliot,Green,"Small, expensive, quiet",False,0.88,0.67,2317500.0,344.0,0.5721518987341773,90535.0,48.4,0.7274944547557788,-71.21125222,42.31357113,15.505714488423498,24.469054914401855,10.063287341206193,15.145915875944388,14.813314227375528
Summit Avenue #1,Brookline,Summit Avenue,Green,"Small, expensive, quiet",False,0.45,0.45,7848222.222222222,594.1428571428571,0.5519877675840978,554692.0,94.4,0.4707883772484086,-71.12687225,42.34498642,11.187459079591937,18.661376764721354,15.208915519958778,15.626031731466776,14.690822015336344
Washington Square #4,Brookline,Washington Square,Green,"Small, expensive, quiet",False,0.34,0.34,7090294.117647058,659.2857142857143,0.5327868852459017,442993.0,89.9,0.05679141962367705,-71.13546536,42.33976278,9.427018496411685,13.890413518339209,16.97204564060434,16.55573203110574,14.442121220396341
Chestnut Hill #4,Brookline,Chestnut Hill,Green,"Small, expensive, quiet",False,0.36,0.36,4063611.1111111115,568.0,0.5273311897106109,214384.0,77.3,0.4235810835124459,-71.1625129,42.3235073,9.649027993747985,13.85464295948691,14.677143387361633,16.331279813914342,13.704933534048939
Newton Highlands #4,Newton,Newton Highlands,Green,"Small, expensive, quiet",False,0.4,0.4,2011500.0,477.57142857142856,0.5533807829181495,244733.0,39.9,0.18967116171866938,-71.2071444,42.32126559,12.296258271937088,15.278142690481825,10.613381578798597,12.653490627412598,12.244082179803772
Summit Avenue #2,Brookline,Summit Avenue,Green,"Small, expensive, quiet",False,0.36,0.36,8215555.555555556,594.1428571428571,0.5519877675840978,539350.0,91.2,0.091483901148699,-71.12407993,42.34105467,8.601412200613758,13.650736084464297,13.687559844640491,13.110620573982043,12.155229223139198
Summit Avenue #3,Brookline,Summit Avenue,Green,"Small, expensive, quiet",False,0.32,0.32,6075625.0,594.1428571428571,0.5519877675840978,555350.0,90.1,0.5191661096319987,-71.12672759,42.34546766,7.634503283237161,11.071105938913922,12.986324685940062,11.861168770631679,10.98650395863848
Newton Highlands #5,Newton,Newton Highlands,Green,"Small, expensive, quiet",False,0.37,0.37,2523243.243243243,477.57142857142856,0.5533807829181495,90535.0,59.3,0.6953024555479892,-71.20832589,42.31659938,9.989727811309717,13.113786780999702,9.68859549212954,11.418268609435748,10.702772035355343
Eliot #8,Newton,Eliot,Green,"Small, expensive, quiet",False,0.39,0.39,1614615.3846153845,344.0,0.5721518987341773,123828.0,69.3,0.21521431781244843,-71.21378145,42.31903141,12.814110594994265,14.000075180015632,7.4947427649871985,10.22928675547176,10.53240660034387
Ball Square #1,Somerville,Ball Square,Green,"Small, expensive, quiet",False,0.32,0.32,5206250.0,745.4285714285714,0.5854189336235038,511186.0,77.7,0.11651872314556676,-71.11249487,42.39978518,7.7274111673415025,11.291536024826572,12.305033704557818,9.068324004388876,10.017021645710571
Ball Square #3,Somerville,Ball Square,Green,"Small, expensive, quiet",False,0.3,0.3,2923000.0,745.4285714285714,0.5854189336235038,511186.0,75.5,0.0754745918616977,-71.11180485,42.3995459,8.3144981203279,10.205366843009243,12.233471547389009,8.666510856467095,9.897751383762554
Ball Square #5,Medford,Ball Square,Green,"Small, expensive, quiet",False,0.28,0.28,2656785.714285714,745.4285714285714,0.5854189336235038,510366.0,62.0,0.646589847686944,-71.10830418,42.4054113,7.878129143881576,8.498454655336923,11.815242492500024,7.865190652304664,9.200702958947584
Ball Square #4,Somerville,Ball Square,Green,"Small, expensive, quiet",False,0.28,0.28,3052857.1428571427,745.4285714285714,0.5854189336235038,735911.0,67.6,0.5383725190834673,-71.11759033,42.40064633,7.154953900020157,8.209184557792355,11.5982899193416,7.648238079146238,8.839115337016874
Ball Square #6,Somerville,Ball Square,Green,"Small, expensive, quiet",False,0.27,0.27,2838888.8888888885,745.4285714285714,0.5854189336235038,510366.0,57.5,0.12259352021283083,-71.1125366,42.40028643,7.037219366275015,7.43553856463776,11.426741025532456,7.295051140422959,8.553200514001635
Ball Square #7,Medford,Ball Square,Green,"Small, expensive, quiet",False,0.27,0.27,2916666.6666666665,745.4285714285714,0.5854189336235038,431598.0,57.3,0.6724010543239367,-71.10780954,42.40551208,6.9194931637859485,7.388448083642133,11.391423164785737,7.25973327967624,8.494337412757101
Newton Highlands #6,Newton,Newton Highlands,Green,"Small, expensive, quiet",False,0.28,0.28,1806785.714285714,477.57142857142856,0.5533807829181495,244733.0,34.6,0.1458903936898712,-71.20525371,42.32120865,8.852764072046487,6.991894283973406,8.284923807602883,8.597820174578839,8.363319227810916
Tappan Street #2,Brookline,Tappan Street,Green,"Small, expensive, quiet",False,0.26,0.26,5679615.384615384,539.0,0.5398981324278438,442993.0,82.3,0.043231843480287496,-71.13888868,42.33883285,4.504576540190879,4.809161924922867,10.221522482864389,9.87574574832303,7.905724722436668
Summit Avenue #4,Brookline,Summit Avenue,Green,"Small, expensive, quiet",False,0.28,0.25,7526428.571428571,594.1428571428571,0.5519877675840978,506374.0,85.1,0.09651151692251243,-71.12632056,42.34115436,4.401412178397077,5.035465269765206,11.127196561885658,8.816439589774106,7.887957085214476
Newton Highlands #7,Newton,Newton Highlands,Green,"Small, expensive, quiet",False,0.26,0.25,1852692.3076923075,477.57142857142856,0.5533807829181495,244733.0,31.5,0.14105938788172287,-71.20622045,42.32133196,7.453482404053477,4.5431459496692,7.510945119622418,7.351582569821622,7.073354747843473
Eliot #9,Newton,Eliot,Green,"Small, expensive, quiet",False,0.3,0.3,1875000.0,344.0,0.5721518987341773,66445.0,41.7,0.5242059183035546,-71.21002057,42.31892363,8.145674591704413,7.165725877774988,5.16290417007686,6.6557044353302475,6.646008942159974
