site_oid,objectid,sid,station,municipal,nparcels,parcelids,parceladdr,land_value,bldg_value,othr_value,total_valu,sitearea_a,buildar_ac,polygon_acres,polygon_first_ring_acres,polygon_rings,centroid_offset_m,geometry_evidence,shares_parcel_with,overlaps_with,record_classes,cost_indicator,jobs45tr_status,evidence,in_main_set,exclusion_basis,exclusion_reason,line,ppa,daily,peak_share,jobs45tr,excl_p,fz100_p,regipctile,straight_line_km,frontier4_all251,frontier4_main
9965,82,Alewife #1,Alewife,Cambridge,1,[2084914],168-210 ALEWIFE BROOK PKWY,24859100.0,21598600.0,509200.0,46966900.0,16.94,16.89,16.943,16.943,1,0.06,"validated: one ring, area and centroid match MAPC",,,,reliable,as_recorded,,True,,,Red,1467479.3388429752,12830.0,0.5727989037341555,242978.0,0.3,0.0,97.6,0.6847,True,True
9928,87,Alewife #2,Alewife,Cambridge,3,[2074684 2074863 2084913],"201, 211, 321 ALEWIFE BROOK PKWY",9603700.0,7659200.0,14800.0,17277700.0,4.2,4.2,4.197,4.197,1,0.06,"validated: one ring, area and centroid match MAPC",,,,reliable,as_recorded,,True,,,Red,2286595.238095238,12830.0,0.5727989037341555,242978.0,0.0,0.0,97.0,0.7598,False,False
8865,315,Amory Street #1,Amory Street,Brookline,2,[2071941 2071943],"860, 872, 874, 880 COMMONWEALTH AVE",7277600.0,2536300.0,99800.0,9913700.0,1.69,1.69,1.692,1.692,1,0.07,"validated: one ring, area and centroid match MAPC",,,,reliable,as_recorded,,True,,,Green,4306272.189349112,608.4285714285714,0.4208955223880597,685730.0,0.0,0.0,98.8,0.075,False,False
8878,346,Amory Street #2,Amory Street,Brookline,1,[2072531],916-922 COMMONWEALTH AVE,2367800.0,4726300.0,17500.0,7111600.0,0.43,0.43,0.435,0.435,1,0.07,"validated: one ring, area and centroid match MAPC",,,,reliable,as_recorded,,True,,,Green,5506511.627906977,608.4285714285714,0.4208955223880597,660536.0,0.0,0.0,81.4,0.1903,False,False
9967,3,Assembly #1,Assembly,Somerville,0,1242329,,8492300.0,5130800.0,1099000.0,14722100.0,2.25,2.25,2.254,2.254,1,0.06,"validated: one ring, area and centroid match MAPC",9949 9971,,3_whole_parcel_value_repeated;4_nparcels_field_anomaly,unreliable,as_recorded,"identical land/building/other/total values to site 9949, which lists the same parcel; recorded areas 2.25 and 1.60 ac; MAPC centroids 70 m apart; decoded polygons overlap 0 m2 | identical land/building/other/total values to site 9971, which lists the same parcel; recorded areas 2.25 and 2.25 ac; MAPC centroids 67 m apart; decoded polygons overlap 0 m2 | nparcels = 0 although one parcel id is listed (no brackets, no address)",False,valuation not allocatable,"confirmed from attributes: same parcel id and identical land, building, other and total value as 9971 and 9949, on recorded areas of 2.25, 2.25 and 1.60 ac at MAPC centroids 67-137 m apart, so one parcel value stands for three different areas; nparcels = 0 contradicts the listed parcel",Orange,3774355.5555555555,8828.42857142857,0.4617740471869328,700445.0,0.0,0.0,99.8,0.6684,True,
9971,13,Assembly #2,Assembly,Somerville,0,1242329,,8492300.0,5130800.0,1099000.0,14722100.0,2.25,2.25,2.246,2.246,1,0.06,"validated: one ring, area and centroid match MAPC",9949 9967,,3_whole_parcel_value_repeated;4_nparcels_field_anomaly,unreliable,as_recorded,"identical land/building/other/total values to site 9949, which lists the same parcel; recorded areas 2.25 and 1.60 ac; MAPC centroids 137 m apart; decoded polygons overlap 0 m2 | identical land/building/other/total values to site 9967, which lists the same parcel; recorded areas 2.25 and 2.25 ac; MAPC centroids 67 m apart; decoded polygons overlap 0 m2 | nparcels = 0 although one parcel id is listed (no brackets, no address)",False,valuation not allocatable,as 9967,Orange,3774355.5555555555,8828.42857142857,0.4617740471869328,700445.0,0.0,0.0,98.1,0.7039,True,
9949,7,Assembly #3,Assembly,Somerville,1,[1242329],771 MCGRATH HWY,8492300.0,5130800.0,1099000.0,14722100.0,1.6,1.6,1.604,1.604,1,0.06,"validated: one ring, area and centroid match MAPC",9967 9971,,3_whole_parcel_value_repeated,unreliable,as_recorded,"identical land/building/other/total values to site 9967, which lists the same parcel; recorded areas 1.60 and 2.25 ac; MAPC centroids 70 m apart; decoded polygons overlap 0 m2 | identical land/building/other/total values to site 9971, which lists the same parcel; recorded areas 1.60 and 2.25 ac; MAPC centroids 137 m apart; decoded polygons overlap 0 m2",False,conservative,"record internally consistent (one parcel, an address); its value may be the parcel's own, but it is identical to two other records on other areas and which record it belongs to cannot be told",Orange,5307687.5,8828.42857142857,0.4617740471869328,700445.0,0.0,0.0,98.9,0.6277,False,
10012,72,Assembly #4,Assembly,Somerville,1,[1245817],20 CUMMINGS ST,2024900.0,1117400.0,182100.0,3324400.0,0.54,0.54,0.541,0.541,1,0.06,"validated: one ring, area and centroid match MAPC",,,,reliable,recorded_zero_unverified,,True,,,Orange,3749814.8148148144,8828.42857142857,0.4617740471869328,0.0,0.0,0.0,32.1,0.5652,True,True
9995,73,Assembly #5,Assembly,Somerville,1,[1245159],74 MIDDLESEX AVE,1518000.0,286900.0,45200.0,1850100.0,0.31,0.31,0.307,0.307,1,0.06,"validated: one ring, area and centroid match MAPC",,,,reliable,recorded_zero_unverified,,True,,,Orange,4896774.193548387,8828.42857142857,0.4617740471869328,0.0,0.0,0.0,15.7,0.5241,False,False
8902,320,Babcock Street #1,Babcock Street,Brookline,5,[2072969 2072970 2072971 2072972 2072973],"1016, 1018, 1020, 1022, 1024, 1028, 1030 COMMONWEALTH AVE",4502900.0,2469600.0,37400.0,7009900.0,0.55,0.55,0.546,0.546,1,0.07,"validated: one ring, area and centroid match MAPC",,,,reliable,as_recorded,,True,,,Green,8187090.909090908,682.8571428571429,0.4102209944751381,630137.0,0.0,0.0,96.9,0.1618,False,False
10126,57,Ball Square #1,Ball Square,Somerville,4,[1241444 1241452 1242962 1242976],"698, 704, 710, 714 BROADWAY",1666000.0,1942600.0,87700.0,3696300.0,0.32,0.32,0.317,0.317,1,0.06,"validated: one ring, area and centroid match MAPC",,,,reliable,as_recorded,,True,,,Green,5206250.0,745.4285714285714,0.5854189336235038,511186.0,0.0,0.0,77.7,0.1165,False,False
10211,725,Ball Square #2,Ball Square,Medford,2,[1190585 1190586],391 MAIN ST  U3; 393 MAIN ST,295900.0,1431900.0,0.0,1727800.0,0.31,0.31,0.31,0.31,1,0.06,"validated: one ring, area and centroid match MAPC",,,,reliable,as_recorded,,True,,,Green,954516.1290322581,745.4285714285714,0.5854189336235038,510366.0,0.0,0.0,60.8,0.5685,False,False
10123,60,Ball Square #3,Ball Square,Somerville,1,[1241480],692 BROADWAY,876900.0,939900.0,14200.0,1831000.0,0.3,0.3,0.3,0.3,1,0.06,"validated: one ring, area and centroid match MAPC",,,,reliable,as_recorded,,True,,,Green,2923000.0,745.4285714285714,0.5854189336235038,511186.0,0.0,0.0,75.5,0.0755,False,False
10143,64,Ball Square #4,Ball Square,Somerville,1,[1242874],852 BROADWAY,854800.0,1163700.0,65400.0,2083900.0,0.28,0.28,0.277,0.277,1,0.06,"validated: one ring, area and centroid match MAPC",,,,reliable,as_recorded,,True,,,Green,3052857.1428571427,745.4285714285714,0.5854189336235038,735911.0,0.0,0.0,67.6,0.5384,False,False
10230,722,Ball Square #5,Ball Square,Medford,3,[1190561 1190562 1190563],"363, 369, 373 MAIN ST",743900.0,946500.0,17000.0,1707400.0,0.28,0.28,0.282,0.282,1,0.06,"validated: one ring, area and centroid match MAPC",,,,reliable,as_recorded,,True,,,Green,2656785.714285714,745.4285714285714,0.5854189336235038,510366.0,0.0,0.0,62.0,0.6466,False,False
10140,69,Ball Square #6,Ball Square,Somerville,2,[1191058 1243044],0 BRISTOL RD; 725 BROADWAY,766500.0,1688100.0,19600.0,2474200.0,0.27,0.27,0.269,0.269,1,0.06,"validated: one ring, area and centroid match MAPC",,,,reliable,as_recorded,,True,,,Green,2838888.8888888885,745.4285714285714,0.5854189336235038,510366.0,0.0,0.0,57.5,0.1226,False,False
10231,727,Ball Square #7,Ball Square,Medford,3,[1190545 1190548 1190549],"368, 372, 376 MAIN ST",787500.0,1097500.0,10200.0,1895200.0,0.27,0.27,0.275,0.275,1,0.06,"validated: one ring, area and centroid match MAPC",,,,reliable,as_recorded,,True,,,Green,2916666.6666666665,745.4285714285714,0.5854189336235038,431598.0,0.0,0.0,57.3,0.6724,False,False
5973,1145,Braintree #1,Braintree,Braintree,2,[2060307 2060618],121 PEARL ST; 535 JOHN MAHAR HWY,6310500.0,12358400.0,194700.0,18863600.0,17.35,13.3,17.349,17.349,1,0.07,"validated: one ring, area and centroid match MAPC",,,,reliable,as_recorded,,True,,,Red,363717.57925072045,5210.714285714285,0.47550147977638935,39255.0,23.3,1.4,84.1,0.7854,True,True
6019,1146,Braintree #2,Braintree,Braintree,3,[2059919 2060086 2060100],"100, 120, 180 PEARL ST",4959600.0,9559200.0,231600.0,14750400.0,11.49,8.74,11.495,11.495,1,0.07,"validated: one ring, area and centroid match MAPC",,,,reliable,as_recorded,,True,,,Red,431644.908616188,5210.714285714285,0.47550147977638935,78818.0,24.0,14.4,82.2,0.3964,False,False
5966,1154,Braintree #3,Braintree,Braintree,2,[2060351 2060353],25 PEARL ST; 15 CRESCENT AV,713400.0,1918400.0,20300.0,2652100.0,1.08,1.08,1.078,1.078,1,0.06,"validated: one ring, area and centroid match MAPC",,,,reliable,as_recorded,,True,,,Red,660555.5555555555,5210.714285714285,0.47550147977638935,78818.0,0.0,0.0,54.1,0.6715,False,False
5965,1153,Braintree #4,Braintree,Braintree,2,[2060371 2060380],970 - 1000 WASHINGTON ST,501500.0,1021600.0,16200.0,1539300.0,0.92,0.92,0.924,0.924,1,0.07,"validated: one ring, area and centroid match MAPC",,,,reliable,as_recorded,,True,,,Red,545108.6956521738,5210.714285714285,0.47550147977638935,78818.0,0.0,0.0,54.5,0.7565,False,False
5982,1151,Braintree #5,Braintree,Braintree,3,[2060194 2060200 2060228],16 - 40 PEARL ST; 924 WASHINGTON ST,698800.0,1025700.0,38400.0,1762900.0,0.86,0.86,0.864,0.864,1,0.07,"validated: one ring, area and centroid match MAPC",,,,reliable,as_recorded,,True,,,Red,812558.1395348838,5210.714285714285,0.47550147977638935,78818.0,0.0,0.0,59.8,0.592,False,False
5999,1171,Braintree #6,Braintree,Braintree,1,[2060116],884 WASHINGTON ST,289200.0,714500.0,9800.0,1013500.0,0.46,0.46,0.464,0.464,1,0.07,"validated: one ring, area and centroid match MAPC",,,,reliable,as_recorded,,True,,,Red,628695.652173913,5210.714285714285,0.47550147977638935,78818.0,0.0,0.0,24.9,0.5232,False,False
5992,1157,Braintree #7,Braintree,Braintree,0,2060165,,476700.0,1045200.0,10000.0,1531900.0,0.4,0.4,0.401,0.401,1,0.07,"validated: one ring, area and centroid match MAPC",,,4_nparcels_field_anomaly,reliable,as_recorded,"nparcels = 0 although one parcel id is listed (no brackets, no address)",True,,,Red,1191750.0,5210.714285714285,0.47550147977638935,78818.0,0.0,0.0,49.8,0.605,False,False
5967,1172,Braintree #8,Braintree,Braintree,5,[2060348 2060354 2060359 2060373 2060386],"950, 956, 960 WASHINGTON ST; 17 - 21 HANCOCK ST",501100.0,715900.0,4300.0,1221300.0,0.31,0.31,0.309,0.309,1,0.07,"validated: one ring, area and centroid match MAPC",,,,reliable,as_recorded,,True,,,Red,1616451.612903226,5210.714285714285,0.47550147977638935,78818.0,0.0,0.0,22.5,0.6887,False,False
5991,1183,Braintree #9,Braintree,Braintree,1,[2060166],900 WASHINGTON ST,164200.0,816100.0,0.0,980300.0,0.25,0.25,0.251,0.251,1,0.07,"validated: one ring, area and centroid match MAPC",,,,reliable,as_recorded,,True,,,Red,656800.0,5210.714285714285,0.47550147977638935,78818.0,0.0,0.0,7.6,0.5713,False,False
8476,330,Brookline Hills #1,Brookline Hills,Brookline,1,[2069033],400 WASHINGTON ST,1875600.0,161800.0,100200.0,2137600.0,0.75,0.75,0.746,0.746,1,0.07,"validated: one ring, area and centroid match MAPC",,,,reliable,as_recorded,,True,,,Green,2500800.0,507.85714285714283,0.536283185840708,544621.0,0.0,0.0,93.7,0.4128,False,False
8399,328,Brookline Hills #2,Brookline Hills,Brookline,1,[2067866],361-375 BOYLSTON ST,1924900.0,1713000.0,102300.0,3740200.0,0.62,0.62,0.618,0.618,1,0.07,"validated: one ring, area and centroid match MAPC",,,,reliable,as_recorded,,True,,,Green,3104677.419354839,507.85714285714283,0.536283185840708,617706.0,0.0,0.0,93.9,0.128,False,False
8383,336,Brookline Hills #3,Brookline Hills,Brookline,2,[2067735 2067741],"358, 366, 374 BOYLSTON ST",1164900.0,1755400.0,0.0,2920300.0,0.54,0.54,0.543,0.543,1,0.07,"validated: one ring, area and centroid match MAPC",,,,reliable,as_recorded,,True,,,Green,2157222.222222222,507.85714285714283,0.536283185840708,560637.0,0.0,0.0,90.1,0.1863,False,False
8487,324,Brookline Hills #4,Brookline Hills,Brookline,1,[2069199],385-397 WASHINGTON ST,1755000.0,45800.0,107000.0,1907800.0,0.48,0.48,0.477,0.477,1,0.07,"validated: one ring, area and centroid match MAPC",,,,reliable,as_recorded,,True,,,Green,3656250.0,507.85714285714283,0.536283185840708,544621.0,0.0,0.0,95.4,0.5053,False,False
8411,347,Brookline Hills #5,Brookline Hills,Brookline,1,[2067889],265 BOYLSTON ST,528100.0,264700.0,93200.0,886000.0,0.46,0.46,0.46,0.46,1,0.07,"validated: one ring, area and centroid match MAPC",,,,reliable,as_recorded,,True,,,Green,1148043.4782608696,507.85714285714283,0.536283185840708,620767.0,0.0,0.0,80.5,0.2347,False,False
8452,317,Brookline Village #1,Brookline Village,Brookline,1,[2068490],2 BROOKLINE PL,5853200.0,4857000.0,121600.0,10831800.0,1.31,1.31,1.313,1.313,1,0.07,"validated: one ring, area and centroid match MAPC",,,,reliable,as_recorded,,True,,,Green,4468091.603053435,999.4285714285714,0.5009157509157509,673768.0,0.0,0.0,98.5,0.0951,False,False
8527,309,Brookline Village #2,Brookline Village,Brookline,1,[2069811],99 HARVARD ST,2906000.0,368300.0,157300.0,3431600.0,0.99,0.99,0.987,0.987,1,0.07,"validated: one ring, area and centroid match MAPC",,,,reliable,as_recorded,,True,,,Green,2935353.5353535353,999.4285714285714,0.5009157509157509,600323.0,0.0,0.0,99.5,0.5362,False,False
8466,314,Brookline Village #3,Brookline Village,Brookline,5,[2068650 2068653 2068670 2068706 2068816],"279, 295, 303, 307, 311 WASHINGTON ST; 14 - 24 HARVARD ST",6754000.0,2433800.0,62000.0,9249800.0,0.94,0.94,0.935,0.935,1,0.07,"validated: one ring, area and centroid match MAPC",,,,reliable,as_recorded,,True,,,Green,7185106.382978723,999.4285714285714,0.5009157509157509,544621.0,0.0,0.0,98.9,0.2256,False,False
8486,340,Brookline Village #4,Brookline Village,Brookline,1,[2069190],60-64 HARVARD ST,2311700.0,2212800.0,10000.0,4534500.0,0.37,0.37,0.367,0.367,1,0.07,"validated: one ring, area and centroid match MAPC",,,,reliable,as_recorded,,True,,,Green,6247837.837837838,999.4285714285714,0.5009157509157509,544621.0,0.0,0.0,87.6,0.3757,False,False
8419,342,Brookline Village #5,Brookline Village,Brookline,1,[2068150],20 BOYLSTON ST,1017200.0,10700.0,37100.0,1065000.0,0.28,0.28,0.284,0.284,1,0.07,"validated: one ring, area and centroid match MAPC",,,,reliable,as_recorded,,True,,,Green,3632857.1428571427,999.4285714285714,0.5009157509157509,560637.0,0.0,0.0,85.2,0.1656,False,False
9289,84,Central #1,Central,Cambridge,1,[2082061],107 PROSPECT ST,1018800.0,914200.0,5000.0,1938000.0,0.61,0.61,0.613,0.613,1,0.06,"validated: one ring, area and centroid match MAPC",,,,reliable,as_recorded,,True,,,Red,1670163.9344262294,19337.0,0.49156951536756915,803175.0,0.0,0.0,97.4,0.3476,True,True
9206,83,Central #2,Central,Cambridge,1,[2083114],596 MASS AVE,2232500.0,1662800.0,0.0,3895300.0,0.5,0.5,0.498,0.498,1,0.06,"validated: one ring, area and centroid match MAPC",,,,reliable,as_recorded,,True,,,Red,4465000.0,19337.0,0.49156951536756915,849654.0,0.0,0.0,97.5,0.0368,False,False
9179,86,Central #3,Central,Cambridge,4,[2083324 2083345 2083349 2083364],"502, 512, 516, 522 MASS AVE",3039500.0,2153800.0,0.0,5193300.0,0.45,0.45,0.448,0.448,1,0.06,"validated: one ring, area and centroid match MAPC",,,,reliable,as_recorded,,True,,,Red,6754444.444444444,19337.0,0.49156951536756915,809223.0,0.0,0.0,96.9,0.1565,False,False
9168,92,Central #4,Central,Cambridge,2,[2083422 2083456],6 BROOKLINE ST; 464 MASS AVE,1529300.0,1501800.0,0.0,3031100.0,0.41,0.41,0.415,0.415,1,0.06,"validated: one ring, area and centroid match MAPC",,,,reliable,as_recorded,,True,,,Red,3730000.0,19337.0,0.49156951536756915,809223.0,0.0,0.0,94.9,0.2225,False,False
9237,103,Central #5,Central,Cambridge,1,[2082806],30 PROSPECT ST,955200.0,1419000.0,0.0,2374200.0,0.36,0.36,0.36,0.36,1,0.06,"validated: one ring, area and centroid match MAPC",,,,reliable,as_recorded,,True,,,Red,2653333.3333333335,19337.0,0.49156951536756915,821261.0,0.0,0.0,89.1,0.1117,False,False
9208,91,Central #6,Central,Cambridge,1,[2083101],561 MASS AVE,2459200.0,484300.0,0.0,2943500.0,0.31,0.31,0.313,0.313,1,0.06,"validated: one ring, area and centroid match MAPC",,,,reliable,as_recorded,,True,,,Red,7932903.225806451,19337.0,0.49156951536756915,821261.0,0.0,0.0,94.8,0.111,False,False
9239,99,Central #7,Central,Cambridge,1,[2082802],744 MASS AVE,1468300.0,639500.0,0.0,2107800.0,0.26,0.26,0.264,0.264,1,0.06,"validated: one ring, area and centroid match MAPC",,,,reliable,as_recorded,,True,,,Red,5647307.692307692,19337.0,0.49156951536756915,849243.0,0.0,0.0,91.4,0.2068,False,False
8298,471,Chestnut Hill #1,Chestnut Hill,Newton,2,[504048 519584],"27, 33, 55 BOYLSTON ST",28219300.0,102837300.0,2480000.0,133536600.0,14.93,13.93,14.932,14.932,1,0.07,"validated: one ring, area and centroid match MAPC",,,,reliable,as_recorded,,True,,,Green,1890107.1667782988,568.0,0.5273311897106109,121705.0,6.7,0.0,94.6,0.571,True,True
8281,329,Chestnut Hill #2,Chestnut Hill,Brookline,1,[2066518],1195 BOYLSTON ST,3257900.0,832200.0,296600.0,4386700.0,0.85,0.85,0.854,0.854,1,0.07,"validated: one ring, area and centroid match MAPC",,,,reliable,as_recorded,,True,,,Green,3832823.529411765,568.0,0.5273311897106109,133759.0,0.0,0.0,93.7,0.3668,False,False
8255,348,Chestnut Hill #3,Chestnut Hill,Brookline,1,[2066455],1198-1210 BOYLSTON ST,2619500.0,887600.0,62300.0,3569400.0,0.45,0.45,0.452,0.452,1,0.07,"validated: one ring, area and centroid match MAPC",,,,reliable,as_recorded,,True,,,Green,5821111.111111111,568.0,0.5273311897106109,133759.0,0.0,0.0,79.3,0.45,False,False
8274,349,Chestnut Hill #4,Chestnut Hill,Brookline,1,[2066501],1160-1154 BOYLSTON ST,1462900.0,371100.0,54200.0,1888200.0,0.36,0.36,0.36,0.36,1,0.07,"validated: one ring, area and centroid match MAPC",,,,reliable,as_recorded,,True,,,Green,4063611.1111111115,568.0,0.5273311897106109,214384.0,0.0,0.0,77.3,0.4236,False,False
8547,307,Coolidge Corner #1,Coolidge Corner,Brookline,1,[2070358],155 HARVARD ST,3590300.0,1526600.0,200900.0,5317800.0,2.22,1.85,2.22,2.22,1,0.07,"validated: one ring, area and centroid match MAPC",,,,reliable,as_recorded,,True,,,Green,1617252.252252252,1973.5714285714287,0.48815399802566634,600323.0,16.9,0.0,99.9,0.4638,False,False
8611,344,Coolidge Corner #10,Coolidge Corner,Brookline,1,[2071144],1329-1337 BEACON ST,3392600.0,3537800.0,1100.0,6931500.0,0.36,0.36,0.362,0.362,1,0.07,"validated: one ring, area and centroid match MAPC",,,,reliable,as_recorded,,True,,,Green,9423888.88888889,1973.5714285714287,0.48815399802566634,583332.0,0.0,0.0,83.0,0.0796,False,False
8600,352,Coolidge Corner #11,Coolidge Corner,Brookline,1,[2070953],5 LONGWOOD AVE,2899300.0,1259400.0,32500.0,4191200.0,0.3,0.3,0.297,0.297,1,0.07,"validated: one ring, area and centroid match MAPC",,,,reliable,as_recorded,,True,,,Green,9664333.333333334,1973.5714285714287,0.48815399802566634,583332.0,0.0,0.0,66.6,0.1192,False,False
8624,351,Coolidge Corner #12,Coolidge Corner,Brookline,1,[2071258],1285 BEACON ST,3316200.0,5257500.0,0.0,8573700.0,0.28,0.28,0.281,0.281,1,0.07,"validated: one ring, area and centroid match MAPC",,,,reliable,as_recorded,,True,,,Green,11843571.428571427,1973.5714285714287,0.48815399802566634,632698.0,0.0,0.0,71.7,0.1287,False,False
8617,318,Coolidge Corner #2,Coolidge Corner,Brookline,2,[2071184 2071198],"1297, 1299, 1309 BEACON ST",7300700.0,6568700.0,162900.0,14032300.0,1.29,1.29,1.287,1.287,1,0.07,"validated: one ring, area and centroid match MAPC",,,,reliable,as_recorded,,True,,,Green,5659457.364341085,1973.5714285714287,0.48815399802566634,632698.0,0.0,0.0,98.2,0.0697,False,False
8640,311,Coolidge Corner #3,Coolidge Corner,Brookline,3,[2071337 2071353 2071381],"1292, 1308, 1310, 1322 BEACON ST; 279 - 287 HARVARD ST",10411700.0,7533700.0,88000.0,18033400.0,1.22,1.22,1.216,1.216,1,0.07,"validated: one ring, area and centroid match MAPC",,,,reliable,as_recorded,,True,,,Green,8534180.327868853,1973.5714285714287,0.48815399802566634,632698.0,0.0,0.0,99.2,0.0567,False,False
8650,310,Coolidge Corner #4,Coolidge Corner,Brookline,4,[2071407 2071438 2071455 2071475],"289, 297, 299, 301, 303, 305, 313 HARVARD ST",8888000.0,3998700.0,47700.0,12934400.0,0.98,0.98,0.98,0.98,1,0.07,"validated: one ring, area and centroid match MAPC",,,,reliable,as_recorded,,True,,,Green,9069387.75510204,1973.5714285714287,0.48815399802566634,632698.0,0.0,0.0,99.1,0.1716,False,False
8626,331,Coolidge Corner #5,Coolidge Corner,Brookline,3,[2071196 2071206 2071272],"1356, 1360, 1364 BEACON ST; 274 - 278 HARVARD ST",7882900.0,18093300.0,38800.0,26015000.0,0.89,0.89,0.891,0.891,1,0.07,"validated: one ring, area and centroid match MAPC",,,,reliable,as_recorded,,True,,,Green,8857191.011235954,1973.5714285714287,0.48815399802566634,554692.0,0.0,0.0,93.1,0.1243,False,False
8649,338,Coolidge Corner #6,Coolidge Corner,Brookline,3,[2071041 2071406 2071428],"308, 312, 314, 320, 326 HARVARD ST",4924400.0,6191700.0,0.0,11116100.0,0.74,0.74,0.736,0.736,1,0.07,"validated: one ring, area and centroid match MAPC",,,,reliable,as_recorded,,True,,,Green,6654594.594594595,1973.5714285714287,0.48815399802566634,554692.0,0.0,0.0,89.7,0.2414,False,False
8657,334,Coolidge Corner #7,Coolidge Corner,Brookline,1,[2071559],315-335 HARVARD ST,3153800.0,3913900.0,21500.0,7089200.0,0.48,0.48,0.48,0.48,1,0.07,"validated: one ring, area and centroid match MAPC",,,,reliable,as_recorded,,True,,,Green,6570416.666666667,1973.5714285714287,0.48815399802566634,555350.0,0.0,0.0,90.8,0.2728,False,False
8647,325,Coolidge Corner #8,Coolidge Corner,Brookline,1,[2071433],10-18 PLEASANT ST,2892800.0,1217300.0,500.0,4110600.0,0.43,0.43,0.425,0.425,1,0.07,"validated: one ring, area and centroid match MAPC",,,,reliable,as_recorded,,True,,,Green,6727441.860465117,1973.5714285714287,0.48815399802566634,632698.0,0.0,0.0,94.7,0.112,False,False
8593,326,Coolidge Corner #9,Coolidge Corner,Brookline,1,[2070875],224-236 HARVARD ST,3166000.0,500800.0,1200.0,3668000.0,0.38,0.38,0.378,0.378,1,0.07,"validated: one ring, area and centroid match MAPC",,,,reliable,as_recorded,,True,,,Green,8331578.947368421,1973.5714285714287,0.48815399802566634,583332.0,0.0,0.0,94.4,0.173,False,False
10038,11,Davis #1,Davis,Somerville,5,[1244579 1244750 1244854 1245316 1245577],"418 HIGHLAND AVE; 233, 243, 245, 255 ELM ST",7437100.0,6860700.0,338100.0,14635900.0,1.1,1.1,1.244,1.101,2,8.36,"provisional: 2 ring(s), area match False, centroid offset 8.4 m",,10046:580m2,decoded_overlap_without_shared_parcel;recorded_area_differs_from_decoded,reliable,as_recorded,"decoded polygon overlaps site 10046 by 580 m2 (12% of this site) only through a second decoded ring, provisional; parcel lists disjoint, values distinct | decoded 1.24 ac against recorded 1.10 ac; the first ring alone (1.10 ac) matches; cause unknown, not treated as a source error",True,,,Red,6760999.999999999,11228.142857142857,0.5234490702649334,707621.0,0.0,0.0,98.4,0.1928,False,False
10054,31,Davis #10,Davis,Somerville,3,[1240772 1244683 1244701],"407, 409, 413 HIGHLAND AVE",2910100.0,1128800.0,2200.0,4041100.0,0.38,0.38,0.376,0.376,1,0.06,"validated: one ring, area and centroid match MAPC",,,,reliable,as_recorded,,True,,,Red,7658157.894736842,11228.142857142857,0.5234490702649334,696341.0,0.0,0.0,91.7,0.1207,False,False
10015,110,Davis #11,Davis,Cambridge,3,[2073868 2073885 2073904],"2245, 2261, 2267 MASS AVE",763800.0,775700.0,5600.0,1545100.0,0.37,0.37,0.366,0.366,1,0.06,"validated: one ring, area and centroid match MAPC",,,,reliable,as_recorded,,True,,,Red,2064324.3243243243,11228.142857142857,0.5234490702649334,653437.0,0.0,0.0,83.1,0.4267,False,False
10118,42,Davis #12,Davis,Somerville,2,[1240251 1243746],77 - 89 HOLLAND ST,2371500.0,1165400.0,59900.0,3596800.0,0.29,0.29,0.288,0.288,1,0.06,"validated: one ring, area and centroid match MAPC",,,,reliable,as_recorded,,True,,,Red,8177586.206896552,11228.142857142857,0.5234490702649334,665958.0,0.0,0.0,86.6,0.2671,False,False
10017,109,Davis #13,Davis,Cambridge,1,[2084828],2286 MASS AVE,596900.0,296300.0,0.0,893200.0,0.29,0.29,0.287,0.287,1,0.06,"validated: one ring, area and centroid match MAPC",,,,reliable,as_recorded,,True,,,Red,2058275.8620689656,11228.142857142857,0.5234490702649334,593353.0,0.0,0.0,83.2,0.4995,False,False
10065,55,Davis #14,Davis,Somerville,2,[1244364 1244426],35 DAVIS SQ; 3 HOLLAND ST,2338400.0,2466600.0,84000.0,4889000.0,0.29,0.29,0.291,0.291,1,0.06,"validated: one ring, area and centroid match MAPC",,,,reliable,as_recorded,,True,,,Red,8063448.27586207,11228.142857142857,0.5234490702649334,735911.0,0.0,0.0,80.1,0.0156,False,False
10042,45,Davis #15,Davis,Somerville,1,[1240155],28 CLIFTON ST,1099400.0,414900.0,7900.0,1522200.0,0.45,0.28,0.455,0.455,1,0.06,"validated: one ring, area and centroid match MAPC",,,,reliable,as_recorded,,True,,,Red,2443111.111111111,11228.142857142857,0.5234490702649334,696341.0,37.4,0.0,85.3,0.4441,False,False
10060,126,Davis #16,Davis,Cambridge,1,[2073432],2368 MASS AVE,575100.0,974600.0,0.0,1549700.0,0.26,0.26,0.258,0.258,1,0.06,"validated: one ring, area and centroid match MAPC",,,,reliable,as_recorded,,True,,,Red,2211923.076923077,11228.142857142857,0.5234490702649334,593353.0,0.0,0.0,59.2,0.6041,False,False
10018,21,Davis #2,Davis,Somerville,3,[1245701 1245790 1245832],"377, 381, 391 SUMMER ST",4029200.0,3991900.0,382600.0,8403700.0,0.64,0.64,0.638,0.638,1,0.06,"validated: one ring, area and centroid match MAPC",,,,reliable,as_recorded,,True,,,Red,6295625.0,11228.142857142857,0.5234490702649334,707621.0,0.0,0.0,95.7,0.2962,False,False
10034,25,Davis #3,Davis,Somerville,3,[1244783 1244870 1245349],246 - 256 ELM ST; 55 CHESTER ST,4079500.0,4221600.0,256700.0,8557800.0,0.59,0.59,0.587,0.587,1,0.06,"validated: one ring, area and centroid match MAPC",,,,reliable,as_recorded,,True,,,Red,6914406.7796610175,11228.142857142857,0.5234490702649334,707621.0,0.0,0.0,94.2,0.1602,False,False
9975,95,Davis #4,Davis,Cambridge,2,[2074330 2074361],2170 - 2180 MASS AVE,1140200.0,746900.0,7700.0,1894800.0,0.51,0.51,0.515,0.515,1,0.06,"validated: one ring, area and centroid match MAPC",,,,reliable,as_recorded,,True,,,Red,2235686.274509804,11228.142857142857,0.5234490702649334,610651.0,0.0,0.0,93.6,0.5564,False,False
10040,22,Davis #5,Davis,Somerville,2,[1240163 1240549],45 - 49 DAY ST,2742200.0,1356600.0,115600.0,4214400.0,0.49,0.49,0.488,0.488,1,0.06,"validated: one ring, area and centroid match MAPC",,,,reliable,as_recorded,,True,,,Red,5596326.530612245,11228.142857142857,0.5234490702649334,707621.0,0.0,0.0,95.4,0.1574,False,False
10043,39,Davis #6,Davis,Somerville,1,[1240024],393 HIGHLAND AVE,2003100.0,1958200.0,63200.0,4024500.0,0.44,0.44,0.437,0.437,1,0.06,"validated: one ring, area and centroid match MAPC",,,,reliable,as_recorded,,True,,,Red,4552500.0,11228.142857142857,0.5234490702649334,672859.0,0.0,0.0,88.6,0.2482,False,False
10116,112,Davis #7,Davis,Cambridge,2,[2073248 2073304],2457 - 2473 MASS AVE,856700.0,984900.0,5900.0,1847500.0,0.44,0.44,0.439,0.439,1,0.06,"validated: one ring, area and centroid match MAPC",,,,reliable,as_recorded,,True,,,Red,1947045.4545454546,11228.142857142857,0.5234490702649334,440565.0,0.0,0.0,80.3,0.7658,False,False
10021,28,Davis #8,Davis,Somerville,2,[1245667 1245715],230 - 236 ELM ST,2910600.0,2084800.0,110700.0,5106100.0,0.43,0.43,0.43,0.43,1,0.06,"validated: one ring, area and centroid match MAPC",,,,reliable,as_recorded,,True,,,Red,6768837.209302326,11228.142857142857,0.5234490702649334,707621.0,0.0,0.0,92.7,0.2473,False,False
10046,46,Davis #9,Davis,Somerville,1,[1242289],5 DAVIS SQ,4330700.0,6570200.0,252400.0,11153300.0,0.41,0.41,0.408,0.408,1,0.06,"validated: one ring, area and centroid match MAPC",,10038:580m2,decoded_overlap_without_shared_parcel,reliable,as_recorded,"decoded polygon overlaps site 10038 by 580 m2 (35% of this site) only through a second decoded ring, provisional; parcel lists disjoint, values distinct",True,,,Red,10562682.92682927,11228.142857142857,0.5234490702649334,707621.0,0.0,0.0,84.7,0.111,False,False
9475,1,East Somerville #1,East Somerville,Somerville,1,[1252601],22 MCGRATH HWY,31775500.0,19836200.0,1226600.0,52838300.0,11.59,11.46,11.593,11.593,1,0.06,"validated: one ring, area and centroid match MAPC",,,,reliable,as_recorded,,True,,,Green,2741630.716134599,457.85714285714283,0.5063520871143375,702779.0,1.1,0.0,100.0,0.6536,False,False
9653,15,East Somerville #2,East Somerville,Somerville,1,[1251489],160 WASHINGTON ST,1228600.0,1543800.0,67700.0,2840100.0,0.94,0.94,0.942,0.942,1,0.06,"validated: one ring, area and centroid match MAPC",,,,reliable,as_recorded,,True,,,Green,1307021.2765957448,457.85714285714283,0.5063520871143375,702779.0,0.0,0.0,97.4,0.1633,False,False
9588,9,East Somerville #3,East Somerville,Somerville,1,[1251875],52 MCGRATH HWY,1613200.0,610400.0,89700.0,2313300.0,0.72,0.72,0.719,0.719,1,0.06,"validated: one ring, area and centroid match MAPC",,,,reliable,as_recorded,,True,,,Green,2240555.5555555555,457.85714285714283,0.5063520871143375,702421.0,0.0,0.0,98.7,0.3072,False,False
9667,36,East Somerville #4,East Somerville,Somerville,1,[1246534],120 WASHINGTON ST,783400.0,573400.0,54900.0,1411700.0,0.51,0.51,0.509,0.509,1,0.06,"validated: one ring, area and centroid match MAPC",,,,reliable,as_recorded,,True,,,Green,1536078.431372549,457.85714285714283,0.5063520871143375,702779.0,0.0,0.0,89.3,0.1066,False,False
9548,26,East Somerville #5,East Somerville,Somerville,1,[1252141],216 MCGRATH HWY,1081500.0,134500.0,30300.0,1246300.0,0.32,0.32,0.316,0.316,1,0.06,"validated: one ring, area and centroid match MAPC",,,,reliable,as_recorded,,True,,,Green,3379687.5,457.85714285714283,0.5063520871143375,702779.0,0.0,0.0,94.1,0.3637,False,False
9628,61,East Somerville #6,East Somerville,Somerville,1,[1251737],182 WASHINGTON ST,925700.0,624900.0,27300.0,1577900.0,0.3,0.3,0.299,0.299,1,0.06,"validated: one ring, area and centroid match MAPC",,,,reliable,as_recorded,,True,,,Green,3085666.666666667,457.85714285714283,0.5063520871143375,702421.0,0.0,0.0,71.8,0.2737,False,False
8165,473,Eliot #1,Eliot,Newton,4,[519735 519736 521752 521939],978 - 980 BOYLSTON ST; 56 RAMSDELL ST; 26 ELLIOT ST,4659800.0,6090000.0,239300.0,10989100.0,3.82,3.76,3.815,3.815,1,0.08,"validated: one ring, area and centroid match MAPC",,,,reliable,as_recorded,,True,,,Green,1219842.9319371728,344.0,0.5721518987341773,66445.0,1.5,0.0,93.8,0.4061,False,False
8128,468,Eliot #2,Eliot,Newton,7,[522662 525982 525983 525987 525994 525995 525996],"60, 66, 70, 72, 74, 82, 84, 88 NEEDHAM ST",7437200.0,4094600.0,159800.0,11691600.0,3.72,3.72,3.64,3.716,2,0.23,"provisional: 2 ring(s), area match False, centroid offset 0.2 m",,,recorded_area_differs_from_decoded,reliable,as_recorded,"decoded 3.64 ac against recorded 3.72 ac; the first ring alone (3.72 ac) matches; cause unknown, not treated as a source error",True,,,Green,1999247.311827957,344.0,0.5721518987341773,90535.0,0.0,0.0,97.6,0.7013,False,False
8136,494,Eliot #3,Eliot,Newton,1,[525981],71 NEEDHAM ST,2055900.0,4189500.0,87100.0,6332500.0,1.33,1.33,1.332,1.332,1,0.08,"validated: one ring, area and centroid match MAPC",,,,reliable,as_recorded,,True,,,Green,1545789.4736842103,344.0,0.5721518987341773,90535.0,0.0,0.0,74.4,0.6008,False,False
8102,514,Eliot #4,Eliot,Newton,2,[523107 523173],143 - 165 NEEDHAM ST,3078000.0,9245900.0,188700.0,12512600.0,2.28,1.27,2.279,2.279,1,0.08,"validated: one ring, area and centroid match MAPC",,,,reliable,as_recorded,,True,,,Green,1350000.0,344.0,0.5721518987341773,90535.0,44.4,44.4,53.9,0.7449,False,False
8140,479,Eliot #5,Eliot,Newton,4,[522403 522535 525992 525993],"14, 32, 40, 50 NEEDHAM ST",2570800.0,1763500.0,41500.0,4375800.0,1.13,1.13,1.125,1.125,1,0.08,"validated: one ring, area and centroid match MAPC",,,,reliable,as_recorded,,True,,,Green,2275044.2477876106,344.0,0.5721518987341773,90535.0,0.0,0.0,90.2,0.6572,False,False
8116,483,Eliot #6,Eliot,Newton,1,[522906],111 NEEDHAM ST,1221300.0,134900.0,0.0,1356200.0,0.92,0.91,0.923,0.923,1,0.08,"validated: one ring, area and centroid match MAPC",,,,reliable,as_recorded,,True,,,Green,1327500.0,344.0,0.5721518987341773,90535.0,1.2,0.0,87.9,0.6626,False,False
8115,518,Eliot #7,Eliot,Newton,4,[522223 522912 522919 522962],"9 - 13 KENNETH ST; 100, 104, 118 NEEDHAM ST",2039400.0,4001900.0,98800.0,6140100.0,0.88,0.67,0.877,0.877,1,0.08,"validated: one ring, area and centroid match MAPC",,,,reliable,as_recorded,,True,,,Green,2317500.0,344.0,0.5721518987341773,90535.0,23.8,23.8,48.4,0.7275,False,False
8175,500,Eliot #8,Eliot,Newton,1,[521665],1021 BOYLSTON ST,629700.0,358200.0,4000.0,991900.0,0.39,0.39,0.393,0.393,1,0.08,"validated: one ring, area and centroid match MAPC",,,,reliable,as_recorded,,True,,,Green,1614615.3846153845,344.0,0.5721518987341773,123828.0,0.0,0.0,69.3,0.2152,False,False
8169,523,Eliot #9,Eliot,Newton,1,[521711],940 BOYLSTON ST,562500.0,533500.0,0.0,1096000.0,0.3,0.3,0.303,0.303,1,0.08,"validated: one ring, area and centroid match MAPC",,,,reliable,as_recorded,,True,,,Green,1875000.0,344.0,0.5721518987341773,66445.0,0.0,0.0,41.7,0.5242,False,False
9986,6,Gilman Square #1,Gilman Square,Somerville,4,[1242292 1243209 1246858 1246907],9 - 15 TEMPLE ST; 299 - 311 BROADWAY,2988400.0,2510900.0,218100.0,5717400.0,2.72,2.72,2.721,2.721,1,0.06,"validated: one ring, area and centroid match MAPC",,,,reliable,as_recorded,,True,,,Green,1098676.4705882352,1544.857142857143,0.5510835913312694,578332.0,0.0,0.0,99.0,0.6417,False,False
9867,62,Gilman Square #10,Gilman Square,Somerville,1,[1248915],150 HIGHLAND AVE,587900.0,701400.0,32700.0,1322000.0,0.29,0.29,0.285,0.285,1,0.06,"validated: one ring, area and centroid match MAPC",,,,reliable,as_recorded,,True,,,Green,2027241.379310345,1544.857142857143,0.5510835913312694,507699.0,0.0,0.0,70.5,0.5359,False,False
9850,51,Gilman Square #11,Gilman Square,Somerville,1,[1246489],SKILTON AVE,552200.0,257100.0,12200.0,821500.0,0.26,0.26,0.261,0.261,1,0.06,"validated: one ring, area and centroid match MAPC",,,,reliable,as_recorded,,True,,,Green,2123846.153846154,1544.857142857143,0.5510835913312694,594369.0,0.0,0.0,80.7,0.201,False,False
10006,37,Gilman Square #2,Gilman Square,Somerville,1,[1246248],337 BROADWAY,1101600.0,3947200.0,294300.0,5343100.0,1.27,1.27,1.272,1.272,1,0.06,"validated: one ring, area and centroid match MAPC",,,,reliable,as_recorded,,True,,,Green,867401.5748031496,1544.857142857143,0.5510835913312694,595520.0,0.0,0.0,89.7,0.6725,False,False
9989,59,Gilman Square #3,Gilman Square,Somerville,1,[1240353],315 BROADWAY,1351500.0,3983300.0,0.0,5334800.0,0.61,0.61,0.605,0.605,1,0.06,"validated: one ring, area and centroid match MAPC",,,,reliable,as_recorded,,True,,,Green,2215573.7704918035,1544.857142857143,0.5510835913312694,595520.0,0.0,0.0,77.3,0.6334,False,False
9877,47,Gilman Square #4,Gilman Square,Somerville,2,[1245879 1249010],147 - 153 HIGHLAND AVE,1645900.0,2060400.0,232000.0,3938300.0,0.43,0.43,0.426,0.426,1,0.06,"validated: one ring, area and centroid match MAPC",,,,reliable,as_recorded,,True,,,Green,3827674.418604651,1544.857142857143,0.5510835913312694,507699.0,0.0,0.0,84.8,0.5133,False,False
9976,65,Gilman Square #5,Gilman Square,Somerville,1,[1243329],310 BROADWAY,672800.0,1466100.0,4100.0,2143000.0,0.42,0.42,0.418,0.418,1,0.06,"validated: one ring, area and centroid match MAPC",,,,reliable,as_recorded,,True,,,Green,1601904.761904762,1544.857142857143,0.5510835913312694,579709.0,0.0,0.0,68.3,0.548,False,False
9872,63,Gilman Square #6,Gilman Square,Somerville,1,[1249108],156 HIGHLAND AVE,713800.0,1583800.0,62400.0,2360000.0,0.41,0.41,0.41,0.41,1,0.06,"validated: one ring, area and centroid match MAPC",,,,reliable,as_recorded,,True,,,Green,1740975.6097560977,1544.857142857143,0.5510835913312694,504626.0,0.0,0.0,71.3,0.5844,False,False
9905,38,Gilman Square #7,Gilman Square,Somerville,1,[1243543],222 BROADWAY,983700.0,268500.0,32600.0,1284800.0,0.32,0.32,0.325,0.325,1,0.06,"validated: one ring, area and centroid match MAPC",,,,reliable,as_recorded,,True,,,Green,3074062.5,1544.857142857143,0.5510835913312694,648967.0,0.0,0.0,88.5,0.67,False,False
9887,71,Gilman Square #8,Gilman Square,Somerville,1,[1248706],360 MEDFORD ST,608800.0,219800.0,168400.0,997000.0,0.3,0.3,0.304,0.304,1,0.06,"validated: one ring, area and centroid match MAPC",,,,reliable,as_recorded,,True,,,Green,2029333.3333333335,1544.857142857143,0.5510835913312694,516401.0,0.0,0.0,54.5,0.096,False,False
9890,58,Gilman Square #9,Gilman Square,Somerville,1,[1245464],192 BROADWAY,565800.0,599800.0,0.0,1165600.0,0.29,0.29,0.286,0.286,1,0.06,"validated: one ring, area and centroid match MAPC",,,,reliable,as_recorded,,True,,,Green,1951034.4827586208,1544.857142857143,0.5510835913312694,651214.0,0.0,0.0,77.4,0.7583,False,False
9397,79,Harvard #1,Harvard,Cambridge,5,[2079904 2079908 2079933 2079959 2080030],10 ELIOT SQ; 96 - 98 WINTHROP ST; 57 JFK ST; 18 ELIOT ST,17026900.0,9857400.0,0.0,26884300.0,0.7,0.7,0.7,0.7,1,0.06,"validated: one ring, area and centroid match MAPC",,,,reliable,as_recorded,,True,,,Red,24324142.85714286,25122.85714285714,0.4559519193485847,771194.0,0.0,0.0,99.4,0.2026,True,True
9441,80,Harvard #2,Harvard,Cambridge,2,[2079187 2079233],"37, 39, 41 BRATTLE ST",12716900.0,6282100.0,0.0,18999000.0,0.6,0.6,0.603,0.603,1,0.06,"validated: one ring, area and centroid match MAPC",,,,reliable,as_recorded,,True,,,Red,21194833.333333336,25122.85714285714,0.4559519193485847,765727.0,0.0,0.0,99.3,0.1251,True,True
9325,85,Harvard #3,Harvard,Cambridge,1,[2081316],1003 MASS AVE,2793400.0,3843600.0,1500.0,6638500.0,0.54,0.54,0.543,0.543,1,0.06,"validated: one ring, area and centroid match MAPC",,,,reliable,as_recorded,,True,,,Red,5172962.962962963,25122.85714285714,0.4559519193485847,751404.0,0.0,0.0,97.1,0.7816,True,True
9447,106,Harvard #4,Harvard,Cambridge,1,[2079132],470 BROADWAY,682300.0,1968100.0,0.0,2650400.0,0.32,0.32,0.32,0.32,1,0.06,"validated: one ring, area and centroid match MAPC",,,,reliable,as_recorded,,True,,,Red,2132187.5,25122.85714285714,0.4559519193485847,772196.0,0.0,0.0,85.8,0.5098,True,True
8787,308,Harvard Avenue #1,Harvard Avenue,Brookline,1,[2072760],523-527 HARVARD ST,5390200.0,1319100.0,258800.0,6968100.0,2.54,2.27,2.543,2.543,1,0.07,"validated: one ring, area and centroid match MAPC",,,,reliable,as_recorded,,True,,,Green,2122125.9842519686,1916.142857142857,0.42435959400676654,476181.0,10.7,0.0,99.8,0.2754,False,False
8728,319,Harvard Avenue #2,Harvard Avenue,Brookline,2,[2072311 2072452],"455, 473, 481 HARVARD ST",2769700.0,1404400.0,119900.0,4294000.0,0.84,0.84,0.839,0.839,1,0.07,"validated: one ring, area and centroid match MAPC",,,,reliable,as_recorded,,True,,,Green,3297261.904761905,1916.142857142857,0.42435959400676654,476181.0,0.0,0.0,97.9,0.4233,False,False
9457,8,Lechmere #1,Lechmere,Somerville,2,[1252486 1252510],"13, 15, 17, 21 MCGRATH HWY",2983400.0,1780700.0,236700.0,5000800.0,1.12,1.12,1.121,1.121,1,0.06,"validated: one ring, area and centroid match MAPC",,,,reliable,as_recorded,,True,,,Green,2663749.9999999995,2060.8571428571427,0.4548959136468774,702779.0,0.0,0.0,98.8,0.5945,False,False
9298,101,Lechmere #2,Lechmere,Cambridge,2,[2081884 2081986],75 - 85 FIRST ST,877000.0,614300.0,0.0,1491300.0,0.6,0.6,0.596,0.596,1,0.06,"validated: one ring, area and centroid match MAPC",,,,reliable,as_recorded,,True,,,Green,1461666.6666666667,2060.8571428571427,0.4548959136468774,757650.0,0.0,0.0,89.2,0.3588,False,False
9278,96,Lechmere #3,Lechmere,Cambridge,1,[2084888],21 CHARLES ST,894300.0,828000.0,1000.0,1723300.0,0.39,0.39,0.394,0.394,1,0.06,"validated: one ring, area and centroid match MAPC",,,,reliable,as_recorded,,True,,,Green,2293076.923076923,2060.8571428571427,0.4548959136468774,757650.0,0.0,0.0,93.0,0.451,False,False
10059,50,Magoun Square #1,Magoun Square,Somerville,6,[1240451 1242256 1244531 1244558 1244620 1244697],"499, 501, 505, 509, 511, 513 MEDFORD ST",1873800.0,2519000.0,29200.0,4422000.0,0.59,0.59,0.587,0.587,1,0.06,"validated: one ring, area and centroid match MAPC",,,,reliable,as_recorded,,True,,,Green,3175932.203389831,672.8571428571429,0.5166051660516605,493384.0,0.0,0.0,81.7,0.3964,False,False
10064,54,Magoun Square #2,Magoun Square,Somerville,4,[1242252 1244393 1244523 1244630],"510, 514, 518, 520 MEDFORD ST",1581900.0,2829000.0,186600.0,4597500.0,0.56,0.56,0.565,0.565,1,0.06,"validated: one ring, area and centroid match MAPC",,,,reliable,as_recorded,,True,,,Green,2824821.428571428,672.8571428571429,0.5166051660516605,494333.0,0.0,0.0,81.4,0.3852,False,False
10031,68,Magoun Square #3,Magoun Square,Somerville,3,[1244861 1244915 1245567],"12, 5, 6 MAIN ST",1056100.0,1297000.0,52700.0,2405800.0,0.26,0.26,0.263,0.263,1,0.06,"validated: one ring, area and centroid match MAPC",,,,reliable,as_recorded,,True,,,Green,4061923.076923077,672.8571428571429,0.5166051660516605,595520.0,0.0,0.0,60.2,0.768,False,False
10667,388,Malden Center #1,Malden Center,Malden,2,[1795865 1795897],69 MIDDLESEX ST; 99 CHARLES ST,5970100.0,6634300.0,112300.0,12716700.0,10.02,10.02,10.017,10.017,1,0.06,"validated: one ring, area and centroid match MAPC",,,,reliable,as_recorded,,True,,,Orange,595818.3632734531,13356.142857142857,0.481742765693383,431396.0,0.0,0.0,99.1,0.3854,True,True
10710,405,Malden Center #10,Malden Center,Malden,1,[1796992],53 SUMMER ST,311900.0,592500.0,3600.0,908000.0,0.53,0.53,0.531,0.531,1,0.06,"validated: one ring, area and centroid match MAPC",,,,reliable,as_recorded,,True,,,Orange,588490.5660377358,13356.142857142857,0.481742765693383,523607.0,0.0,0.0,82.1,0.2424,False,False
10701,412,Malden Center #11,Malden Center,Malden,1,[1796634],345 PLEASANT ST,358600.0,772000.0,5100.0,1135700.0,0.47,0.47,0.468,0.468,1,0.06,"validated: one ring, area and centroid match MAPC",,,,reliable,as_recorded,,True,,,Orange,762978.7234042553,13356.142857142857,0.481742765693383,523607.0,0.0,0.0,73.7,0.208,False,False
10696,413,Malden Center #12,Malden Center,Malden,2,[1796484 1796506],41 - 51 PLEASANT ST,523800.0,1117500.0,800.0,1642100.0,0.37,0.37,0.374,0.374,1,0.06,"validated: one ring, area and centroid match MAPC",,,,reliable,as_recorded,,True,,,Orange,1415675.6756756757,13356.142857142857,0.481742765693383,522427.0,0.0,0.0,74.2,0.4809,False,False
10670,410,Malden Center #13,Malden Center,Malden,1,[1796014],216 CENTRE ST,312600.0,490300.0,4600.0,807500.0,0.33,0.33,0.333,0.333,1,0.06,"validated: one ring, area and centroid match MAPC",,,,reliable,as_recorded,,True,,,Orange,947272.7272727272,13356.142857142857,0.481742765693383,431396.0,0.0,0.0,75.8,0.6889,False,False
10657,406,Malden Center #14,Malden Center,Malden,1,[1795735],77 COMMERCIAL ST,370100.0,416300.0,3000.0,789400.0,0.35,0.3,0.347,0.347,1,0.06,"validated: one ring, area and centroid match MAPC",,,,reliable,as_recorded,,True,,,Orange,1057428.5714285716,13356.142857142857,0.481742765693383,431396.0,12.3,0.0,80.7,0.2238,False,False
10676,425,Malden Center #15,Malden Center,Malden,1,[1796139],375 MAIN ST,255100.0,695400.0,500.0,951000.0,0.28,0.28,0.28,0.28,1,0.06,"validated: one ring, area and centroid match MAPC",,,,reliable,as_recorded,,True,,,Orange,911071.4285714285,13356.142857142857,0.481742765693383,431396.0,0.0,0.0,58.6,0.6069,False,False
10618,429,Malden Center #16,Malden Center,Malden,1,[1794994],289 HIGHLAND AV,242200.0,494100.0,0.0,736300.0,0.27,0.27,0.266,0.266,1,0.06,"validated: one ring, area and centroid match MAPC",,,,reliable,as_recorded,,True,,,Orange,897037.037037037,13356.142857142857,0.481742765693383,422519.0,0.0,0.0,47.7,0.6211,False,False
10616,391,Malden Center #2,Malden Center,Malden,2,[1794644 1794977],184 COMMERCIAL ST; 105 CANAL ST,4001600.0,8149600.0,162300.0,12313500.0,6.85,6.06,6.851,6.851,1,0.06,"validated: one ring, area and centroid match MAPC",,,,reliable,as_recorded,,True,,,Orange,584175.1824817519,13356.142857142857,0.481742765693383,431396.0,11.6,0.0,95.7,0.551,True,True
10664,392,Malden Center #3,Malden Center,Malden,3,[1795646 1795848 1795854],290 MAIN ST; 167 - 185 CENTRE ST,1494000.0,4682300.0,70600.0,6246900.0,1.95,1.95,1.949,1.949,1,0.06,"validated: one ring, area and centroid match MAPC",,,,reliable,as_recorded,,True,,,Orange,766153.8461538461,13356.142857142857,0.481742765693383,431396.0,0.0,0.0,94.2,0.5303,False,False
10665,393,Malden Center #4,Malden Center,Malden,2,[1795830 1795856],321 MAIN ST; 225 CENTRE ST,948700.0,3430700.0,15600.0,4395000.0,1.66,1.66,1.657,1.657,1,0.06,"validated: one ring, area and centroid match MAPC",,,,reliable,as_recorded,,True,,,Orange,571506.0240963856,13356.142857142857,0.481742765693383,431396.0,0.0,0.0,93.0,0.6711,True,True
10682,389,Malden Center #5,Malden Center,Malden,1,[1796302],32 FERRY ST,810800.0,0.0,0.0,810800.0,1.25,1.25,1.246,1.246,1,0.06,"validated: one ring, area and centroid match MAPC",,,,reliable,as_recorded,,True,,,Orange,648640.0,13356.142857142857,0.481742765693383,431396.0,0.0,0.0,99.1,0.7461,False,False
10648,398,Malden Center #6,Malden Center,Malden,2,[1795317 1795491],267 MAIN ST; 22 EASTERN AV,571700.0,1832600.0,18100.0,2422400.0,0.93,0.93,0.935,0.935,1,0.06,"validated: one ring, area and centroid match MAPC",,,,reliable,as_recorded,,True,,,Orange,614731.1827956989,13356.142857142857,0.481742765693383,431396.0,0.0,0.0,88.1,0.7049,False,False
10687,402,Malden Center #7,Malden Center,Malden,2,[1796424 1796435],72 - 86 PLEASANT ST,630400.0,2361800.0,0.0,2992200.0,0.7,0.7,0.701,0.701,1,0.06,"validated: one ring, area and centroid match MAPC",,,,reliable,as_recorded,,True,,,Orange,900571.4285714286,13356.142857142857,0.481742765693383,431396.0,0.0,0.0,84.2,0.3955,False,False
10692,423,Malden Center #8,Malden Center,Malden,1,[1796474],126 PLEASANT ST,372200.0,1019900.0,0.0,1392100.0,0.64,0.64,0.642,0.642,1,0.06,"validated: one ring, area and centroid match MAPC",,,,reliable,as_recorded,,True,,,Orange,581562.5,13356.142857142857,0.481742765693383,431396.0,0.0,0.0,63.2,0.2831,False,False
10691,396,Malden Center #9,Malden Center,Malden,5,[1796409 1796419 1796462 1796470 1803149],"15, 25, 31, 5 PLEASANT ST; 428 MAIN ST",1114500.0,1888200.0,2700.0,3005400.0,0.6,0.6,0.599,0.599,1,0.06,"validated: one ring, area and centroid match MAPC",,,,reliable,as_recorded,,True,,,Orange,1857500.0,13356.142857142857,0.481742765693383,522427.0,0.0,0.0,89.3,0.5532,False,False
10364,700,Medford/Tufts #1,Medford/Tufts,Medford,7,[1188792 1188793 1188794 1188795 1188796 1188797 1188798],"334, 338, 340, 352, 356, 364, 372 BOSTON AV",1725800.0,2725300.0,68000.0,4519100.0,1.23,1.12,1.231,1.231,1,0.06,"validated: one ring, area and centroid match MAPC",,,,reliable,as_recorded,,True,,,Green,1403089.430894309,1394.857142857143,0.44568868980963045,407624.0,8.8,0.0,90.6,0.4406,False,False
10366,719,Medford/Tufts #2,Medford/Tufts,Medford,3,[1188752 1188753 1188754],"315, 323, 325 BOSTON AV",735000.0,1312100.0,71700.0,2118800.0,0.41,0.41,0.415,0.415,1,0.06,"validated: one ring, area and centroid match MAPC",,,,reliable,as_recorded,,True,,,Green,1792682.9268292685,1394.857142857143,0.44568868980963045,431232.0,0.0,0.0,65.7,0.5689,False,False
10316,733,Medford/Tufts #3,Medford/Tufts,Medford,2,[1189704 1189714],263 - 271 MAIN ST,517100.0,925400.0,10300.0,1452800.0,0.28,0.28,0.282,0.282,1,0.06,"validated: one ring, area and centroid match MAPC",,,,reliable,as_recorded,,True,,,Green,1846785.714285714,1394.857142857143,0.44568868980963045,451299.0,0.0,0.0,50.1,0.6189,False,False
8427,478,Newton Centre #1,Newton Centre,Newton,3,[516882 517379 517513],"22, 28, 30, 34, 36, 46 LANGLEY RD",3666800.0,7419900.0,95600.0,11182300.0,1.46,1.46,1.464,1.464,1,0.07,"validated: one ring, area and centroid match MAPC",,,,reliable,as_recorded,,True,,,Green,2511506.8493150687,571.8571428571429,0.521259842519685,161995.0,0.0,0.0,91.8,0.206,False,False
8500,509,Newton Centre #10,Newton Centre,Newton,1,[516272],552-564 COMMONWEALTH AVE,836900.0,929800.0,0.0,1766700.0,0.3,0.3,0.305,0.305,1,0.07,"validated: one ring, area and centroid match MAPC",,,,reliable,as_recorded,,True,,,Green,2789666.666666667,571.8571428571429,0.521259842519685,161995.0,0.0,0.0,58.6,0.7639,False,False
8394,536,Newton Centre #11,Newton Centre,Newton,1,[516620],837-847 BEACON ST,800600.0,2073800.0,3800.0,2878200.0,0.26,0.26,0.256,0.256,1,0.07,"validated: one ring, area and centroid match MAPC",,,,reliable,as_recorded,,True,,,Green,3079230.769230769,571.8571428571429,0.521259842519685,149233.0,0.0,0.0,30.7,0.2729,False,False
8385,495,Newton Centre #2,Newton Centre,Newton,3,[503897 517472 517934],"93 - 105 UNION ST; 790, 794, 796 BEACON ST",2743800.0,16082800.0,205200.0,19031800.0,0.96,0.96,0.959,0.959,1,0.07,"validated: one ring, area and centroid match MAPC",,,,reliable,as_recorded,,True,,,Green,2858125.0,571.8571428571429,0.521259842519685,184739.0,0.0,0.0,75.4,0.0779,False,False
8400,530,Newton Centre #3,Newton Centre,Newton,1,[517643],714-724 BEACON ST,1736200.0,5539800.0,126900.0,7402900.0,0.74,0.74,0.74,0.74,1,0.07,"validated: one ring, area and centroid match MAPC",,,,reliable,as_recorded,,True,,,Green,2346216.2162162163,571.8571428571429,0.521259842519685,107241.0,0.0,0.0,37.1,0.2341,False,False
8379,501,Newton Centre #4,Newton Centre,Newton,1,[506052],1280 CENTRE ST,1367000.0,3172600.0,20000.0,4559600.0,0.62,0.62,0.623,0.623,1,0.07,"validated: one ring, area and centroid match MAPC",,,,reliable,as_recorded,,True,,,Green,2204838.709677419,571.8571428571429,0.521259842519685,184739.0,0.0,0.0,68.3,0.1556,False,False
8407,504,Newton Centre #5,Newton Centre,Newton,3,[517003 517585 517624],"749, 759, 761, 771 BEACON ST; 208 - 214 SUMNER ST",1708800.0,4824000.0,8400.0,6541200.0,0.53,0.53,0.529,0.529,1,0.07,"validated: one ring, area and centroid match MAPC",,,,reliable,as_recorded,,True,,,Green,3224150.943396226,571.8571428571429,0.521259842519685,161995.0,0.0,0.0,62.2,0.1573,False,False
8410,513,Newton Centre #6,Newton Centre,Newton,6,[505004 506054 517000 517623 517740 517762],"1221, 1227, 1229, 1235, 1239, 1243, 1247, 1249, 1251, 1253, 1255 CENTRE ST",2403500.0,7846900.0,75300.0,10325700.0,0.51,0.51,0.513,0.513,1,0.07,"validated: one ring, area and centroid match MAPC",,,,reliable,as_recorded,,True,,,Green,4712745.098039215,571.8571428571429,0.521259842519685,149233.0,0.0,0.0,53.0,0.2576,False,False
8388,506,Newton Centre #7,Newton Centre,Newton,2,[503900 517894],49 - 63 UNION ST; 776 BEACON ST,1510800.0,3418000.0,9900.0,4938700.0,0.48,0.48,0.479,0.479,1,0.07,"validated: one ring, area and centroid match MAPC",,,,reliable,as_recorded,,True,,,Green,3147500.0,571.8571428571429,0.521259842519685,184739.0,0.0,0.0,60.0,0.07,False,False
8418,521,Newton Centre #8,Newton Centre,Newton,1,[517450],1199-1217 CENTRE ST,1282200.0,5776300.0,0.0,7058500.0,0.46,0.46,0.463,0.463,1,0.07,"validated: one ring, area and centroid match MAPC",,,,reliable,as_recorded,,True,,,Green,2787391.304347826,571.8571428571429,0.521259842519685,149233.0,0.0,0.0,46.3,0.3001,False,False
8408,511,Newton Centre #9,Newton Centre,Newton,2,[517577 517613],"739, 741, 747 BEACON ST",1037900.0,1470900.0,18900.0,2527700.0,0.31,0.31,0.309,0.309,1,0.07,"validated: one ring, area and centroid match MAPC",,,,reliable,as_recorded,,True,,,Green,3348064.5161290322,571.8571428571429,0.521259842519685,161995.0,0.0,0.0,55.6,0.192,False,False
8159,496,Newton Highlands #1,Newton Highlands,Newton,3,[521913 521949 521962],"50, 56, 66 WINCHESTER ST",2508100.0,6056800.0,99900.0,8664800.0,1.23,1.13,1.225,1.225,1,0.08,"validated: one ring, area and centroid match MAPC",,,,reliable,as_recorded,,True,,,Green,2039105.6910569107,477.57142857142856,0.5533807829181495,90535.0,8.0,0.0,73.6,0.5585,False,False
8205,486,Newton Highlands #2,Newton Highlands,Newton,2,[521143 521177],1197 - 1203 WALNUT ST; 1637 CENTRE ST,1524200.0,2555700.0,40600.0,4120500.0,0.91,0.91,0.912,0.912,1,0.08,"validated: one ring, area and centroid match MAPC",,,,reliable,as_recorded,,True,,,Green,1674945.054945055,477.57142857142856,0.5533807829181495,244733.0,0.0,0.0,85.4,0.2251,False,False
8229,499,Newton Highlands #3,Newton Highlands,Newton,2,[520086 520177],"35, 41, 43, 53 LINCOLN ST",2193900.0,10008300.0,27600.0,12229800.0,0.85,0.85,0.515,0.515,1,15.36,"provisional: 1 ring(s), area match False, centroid offset 15.4 m",,,recorded_area_differs_from_decoded,reliable,as_recorded,"decoded 0.52 ac against recorded 0.85 ac; cause unknown, not treated as a source error",True,,,Green,2581058.823529412,477.57142857142856,0.5533807829181495,150122.0,0.0,0.0,68.9,0.1786,False,False
8214,528,Newton Highlands #4,Newton Highlands,Newton,2,[505120 520166],22 - 32 LINCOLN ST; 2 - 8 HARTFORD ST,804600.0,3466900.0,0.0,4271500.0,0.4,0.4,0.404,0.404,1,0.08,"validated: one ring, area and centroid match MAPC",,,,reliable,as_recorded,,True,,,Green,2011500.0,477.57142857142856,0.5533807829181495,244733.0,2.0,0.0,39.9,0.1897,False,False
8143,510,Newton Highlands #5,Newton Highlands,Newton,2,[522173 522174],98 - 100 WINCHESTER ST; 10 - 12 DEDHAM ST,933600.0,545300.0,5300.0,1484200.0,0.37,0.37,0.372,0.372,1,0.08,"validated: one ring, area and centroid match MAPC",,,,reliable,as_recorded,,True,,,Green,2523243.243243243,477.57142857142856,0.5533807829181495,90535.0,0.0,0.0,59.3,0.6953,False,False
8213,532,Newton Highlands #6,Newton Highlands,Newton,1,[520162],1194 WALNUT ST,505900.0,1011200.0,11400.0,1528500.0,0.28,0.28,0.276,0.276,1,0.08,"validated: one ring, area and centroid match MAPC",,,,reliable,as_recorded,,True,,,Green,1806785.714285714,477.57142857142856,0.5533807829181495,244733.0,0.0,0.0,34.6,0.1459,False,False
8217,534,Newton Highlands #7,Newton Highlands,Newton,1,[520863],1173-1177 WALNUT ST,481700.0,1089800.0,1100.0,1572600.0,0.26,0.25,0.256,0.256,1,0.08,"validated: one ring, area and centroid match MAPC",,,,reliable,as_recorded,,True,,,Green,1852692.3076923075,477.57142857142856,0.5533807829181495,244733.0,2.1,0.0,31.5,0.1411,False,False
7487,845,North Quincy #1,North Quincy,Quincy,2,[634361 634364],200 - 230 HANCOCK ST,1565700.0,2212400.0,119800.0,3897900.0,2.34,2.34,2.338,2.338,1,0.07,"validated: one ring, area and centroid match MAPC",,,,reliable,as_recorded,,True,,,Red,669102.5641025641,7065.142857142857,0.5035117461855171,385177.0,0.0,0.0,85.6,0.3064,False,False
7360,903,North Quincy #10,North Quincy,Quincy,3,[634198 634199 634200],"60, 66, 70 BILLINGS RD",708800.0,1179700.0,91700.0,1980200.0,0.33,0.33,0.334,0.334,1,0.07,"validated: one ring, area and centroid match MAPC",,,,reliable,as_recorded,,True,,,Red,2147878.7878787876,7065.142857142857,0.5035117461855171,381308.0,0.0,0.0,49.9,0.5013,False,False
7529,850,North Quincy #2,North Quincy,Quincy,2,[637582 637588],111 - 117 HANCOCK ST,884300.0,1566600.0,122300.0,2573200.0,1.87,1.47,1.866,1.866,1,0.07,"validated: one ring, area and centroid match MAPC",,,,reliable,as_recorded,,True,,,Red,472887.7005347593,7065.142857142857,0.5035117461855171,199950.0,21.1,20.3,82.6,0.6784,True,True
7424,842,North Quincy #3,North Quincy,Quincy,1,[634276],324 HANCOCK ST,583000.0,1155900.0,49500.0,1788400.0,0.98,0.96,0.984,0.984,1,0.07,"validated: one ring, area and centroid match MAPC",,,,reliable,as_recorded,,True,,,Red,594897.9591836735,7065.142857142857,0.5035117461855171,385177.0,1.9,0.0,87.3,0.238,False,False
7338,880,North Quincy #4,North Quincy,Quincy,2,[633349 633359],35 - 49 BILLINGS RD,597900.0,1792900.0,80100.0,2470900.0,0.76,0.76,0.758,0.758,1,0.07,"validated: one ring, area and centroid match MAPC",,,,reliable,as_recorded,,True,,,Red,786710.5263157894,7065.142857142857,0.5035117461855171,268434.0,0.0,0.0,64.6,0.5206,False,False
7340,848,North Quincy #5,North Quincy,Quincy,3,[634282 634283 634299],385 - 397 HANCOCK ST; 20 BILLINGS RD,970100.0,1701600.0,47300.0,2719000.0,0.68,0.68,0.68,0.68,1,0.07,"validated: one ring, area and centroid match MAPC",,,,reliable,as_recorded,,True,,,Red,1426617.6470588234,7065.142857142857,0.5035117461855171,381308.0,0.0,0.0,82.9,0.4264,False,False
7346,870,North Quincy #6,North Quincy,Quincy,3,[634205 634209 634210],40 - 48 BILLINGS RD; 392 HANCOCK ST,859100.0,2258100.0,76200.0,3193400.0,0.61,0.61,0.606,0.606,1,0.07,"validated: one ring, area and centroid match MAPC",,,,reliable,as_recorded,,True,,,Red,1408360.655737705,7065.142857142857,0.5035117461855171,381308.0,0.0,0.0,71.1,0.4566,False,False
7310,869,North Quincy #7,North Quincy,Quincy,1,[636091],68 NEWPORT AVE,416900.0,489100.0,1284300.0,2190300.0,0.51,0.4,0.505,0.505,1,0.07,"validated: one ring, area and centroid match MAPC",,,,reliable,as_recorded,,True,,,Red,817450.9803921569,7065.142857142857,0.5035117461855171,320797.0,19.9,19.9,72.9,0.4534,False,False
7329,878,North Quincy #8,North Quincy,Quincy,3,[633325 633328 633333],409 - 413 HANCOCK ST; 21 BILLINGS RD,820000.0,1259000.0,49600.0,2128600.0,0.36,0.36,0.27,0.27,1,4.81,"provisional: 1 ring(s), area match False, centroid offset 4.8 m",,,recorded_area_differs_from_decoded,reliable,as_recorded,"decoded 0.27 ac against recorded 0.36 ac; cause unknown, not treated as a source error",True,,,Red,2277777.777777778,7065.142857142857,0.5035117461855171,381308.0,0.0,0.0,66.2,0.4883,False,False
7241,888,North Quincy #9,North Quincy,Quincy,1,[636518],216 W SQUANTUM ST,242400.0,511600.0,5400.0,759400.0,0.36,0.36,0.359,0.359,1,0.07,"validated: one ring, area and centroid match MAPC",,,,reliable,as_recorded,,True,,,Red,673333.3333333334,7065.142857142857,0.5035117461855171,320797.0,0.0,0.0,59.6,0.7409,False,False
10779,403,Oak Grove #1,Oak Grove,Malden,2,[1799656 1799814],780 - 790 MAIN ST,478900.0,648200.0,6100.0,1133200.0,0.5,0.5,0.502,0.502,1,0.06,"validated: one ring, area and centroid match MAPC",,,,reliable,as_recorded,,True,,,Orange,957800.0,7995.285714285715,0.5575403269459781,403997.0,0.0,0.0,83.4,0.4281,False,False
10771,404,Oak Grove #2,Oak Grove,Malden,1,[1799310],746 MAIN ST,302800.0,499400.0,12400.0,814600.0,0.48,0.48,0.477,0.477,1,0.06,"validated: one ring, area and centroid match MAPC",,,,reliable,as_recorded,,True,,,Orange,630833.3333333334,7995.285714285715,0.5575403269459781,403997.0,0.0,0.0,81.9,0.4992,False,False
9921,74,Porter #1,Porter,Cambridge,1,[2086091],23 WHITE ST,23087300.0,12329400.0,123400.0,35540100.0,5.18,5.18,5.18,5.255,2,0.06,"provisional: 2 ring(s), area match True, centroid offset 0.1 m",,,,reliable,as_recorded,,True,,,Red,4457007.722007723,9779.714285714286,0.5170454545454546,707974.0,0.0,0.0,100.0,0.1457,False,False
9957,120,Porter #10,Porter,Cambridge,2,[2074496 2074525],2096 - 2106 MASS AVE,562200.0,791700.0,7700.0,1361600.0,0.29,0.29,0.292,0.292,1,0.06,"validated: one ring, area and centroid match MAPC",,,,reliable,as_recorded,,True,,,Red,1938620.6896551726,9779.714285714286,0.5170454545454546,610651.0,0.0,0.0,69.7,0.5167,False,False
9704,121,Porter #11,Porter,Cambridge,2,[2076695 2076740],"1664, 1668, 1670 MASS AVE",1067200.0,1662900.0,0.0,2730100.0,0.29,0.29,0.288,0.288,1,0.06,"validated: one ring, area and centroid match MAPC",,,,reliable,as_recorded,,True,,,Red,3680000.0000000005,9779.714285714286,0.5170454545454546,678386.0,0.0,0.0,68.7,0.7096,False,False
9784,122,Porter #12,Porter,Cambridge,1,[2075785],1740 MASS AVE,1046600.0,1677500.0,0.0,2724100.0,0.29,0.29,0.286,0.286,1,0.06,"validated: one ring, area and centroid match MAPC",,,,reliable,as_recorded,,True,,,Red,3608965.5172413797,9779.714285714286,0.5170454545454546,678386.0,0.0,0.0,67.1,0.4235,False,False
9766,5,Porter #2,Porter,Somerville,1,[1250640],275 BEACON ST,2618400.0,1610900.0,153400.0,4382700.0,2.07,2.07,2.067,2.067,1,0.06,"validated: one ring, area and centroid match MAPC",,,,reliable,as_recorded,,True,,,Red,1264927.5362318843,9779.714285714286,0.5170454545454546,604928.0,0.0,0.0,99.5,0.8025,False,False
9768,88,Porter #3,Porter,Cambridge,2,[2075960 2076157],1712 - 1720 MASS AVE,2598700.0,2528900.0,0.0,5127600.0,0.74,0.74,0.736,0.736,1,0.06,"validated: one ring, area and centroid match MAPC",,,,reliable,as_recorded,,True,,,Red,3511756.756756757,9779.714285714286,0.5170454545454546,678386.0,0.0,0.0,95.9,0.5051,False,False
9817,29,Porter #4,Porter,Somerville,1,[1249629],711 SOMERVILLE AVE,1111800.0,727600.0,97500.0,1936900.0,0.45,0.45,0.454,0.454,1,0.06,"validated: one ring, area and centroid match MAPC",,,,reliable,as_recorded,,True,,,Red,2470666.6666666665,9779.714285714286,0.5170454545454546,702868.0,0.0,0.0,92.3,0.4597,False,False
9808,114,Porter #5,Porter,Cambridge,1,[2075377],1780 MASS AVE,1366900.0,1989500.0,0.0,3356400.0,0.37,0.37,0.374,0.374,1,0.06,"validated: one ring, area and centroid match MAPC",,,,reliable,as_recorded,,True,,,Red,3694324.3243243243,9779.714285714286,0.5170454545454546,734064.0,0.0,0.0,78.4,0.2697,False,False
9895,102,Porter #6,Porter,Cambridge,1,[2074900],1924 MASS AVE,1214200.0,376400.0,5000.0,1595600.0,0.33,0.33,0.331,0.331,1,0.06,"validated: one ring, area and centroid match MAPC",,,,reliable,as_recorded,,True,,,Red,3679393.9393939395,9779.714285714286,0.5170454545454546,739444.0,0.0,0.0,89.4,0.1546,False,False
9919,117,Porter #7,Porter,Cambridge,1,[2074713],1971 MASS AVE,1144500.0,1787600.0,0.0,2932100.0,0.32,0.32,0.32,0.32,1,0.06,"validated: one ring, area and centroid match MAPC",,,,reliable,as_recorded,,True,,,Red,3576562.5,9779.714285714286,0.5170454545454546,739444.0,0.0,0.0,75.6,0.237,False,False
9706,104,Porter #8,Porter,Cambridge,1,[2076683],1667-1673 MASS AVE,1589200.0,594500.0,3200.0,2186900.0,0.3,0.3,0.298,0.298,1,0.06,"validated: one ring, area and centroid match MAPC",,,,reliable,as_recorded,,True,,,Red,5297333.333333334,9779.714285714286,0.5170454545454546,682614.0,0.0,0.0,87.1,0.696,False,False
9862,107,Porter #9,Porter,Cambridge,1,[2075061],1868 MASS AVE,909200.0,348600.0,3500.0,1261300.0,0.3,0.3,0.303,0.303,1,0.06,"validated: one ring, area and centroid match MAPC",,,,reliable,as_recorded,,True,,,Red,3030666.666666667,9779.714285714286,0.5170454545454546,734064.0,0.0,0.0,85.7,0.0746,False,False
6474,911,Quincy Adams #1,Quincy Adams,Quincy,1,[624943],20 INDEPENDENCE AVE,315000.0,2030500.0,52100.0,2397600.0,0.94,0.94,0.945,0.945,1,0.07,"validated: one ring, area and centroid match MAPC",,,,reliable,as_recorded,,True,,,Red,335106.38297872344,3705.1428571428573,0.49873475960432484,96126.0,0.0,0.0,44.7,0.6727,True,True
6472,875,Quincy Adams #2,Quincy Adams,Quincy,2,[625038 625039],23 - 35 INDEPENDENCE AVE,488100.0,585700.0,39600.0,1113400.0,0.7,0.7,0.7,0.7,1,0.07,"validated: one ring, area and centroid match MAPC",,,,reliable,as_recorded,,True,,,Red,697285.7142857143,3705.1428571428573,0.49873475960432484,129609.0,0.0,0.0,68.1,0.6253,False,False
6465,919,Quincy Adams #3,Quincy Adams,Quincy,1,[625800],256 CENTRE ST,212400.0,127400.0,22100.0,361900.0,0.26,0.26,0.263,0.263,1,0.07,"validated: one ring, area and centroid match MAPC",,,,reliable,as_recorded,,True,,,Red,816923.0769230769,3705.1428571428573,0.49873475960432484,94671.0,0.0,0.0,38.5,0.6921,False,False
6760,835,Quincy Center #1,Quincy Center,Quincy,2,[621246 621247],56 - 74 GRANITE ST,3273400.0,9520300.0,369800.0,13163500.0,5.13,5.13,5.135,5.135,1,0.08,"validated: one ring, area and centroid match MAPC",,,,reliable,as_recorded,,True,,,Red,638089.6686159844,7972.285714285715,0.4712013165112452,245645.0,0.0,0.0,93.2,0.5686,True,True
6710,854,Quincy Center #10,Quincy Center,Quincy,1,[620788],150 PARKINGWAY,759900.0,1500500.0,59900.0,2320300.0,0.78,0.61,0.781,0.781,1,0.08,"validated: one ring, area and centroid match MAPC",,,,reliable,as_recorded,,True,,,Red,974230.7692307692,7972.285714285715,0.4712013165112452,245645.0,21.3,0.0,81.5,0.7632,False,False
6857,872,Quincy Center #11,Quincy Center,Quincy,1,[621049],1227 HANCOCK ST,783600.0,4742500.0,204900.0,5731000.0,0.57,0.57,0.571,0.571,1,0.08,"validated: one ring, area and centroid match MAPC",,,,reliable,as_recorded,,True,,,Red,1374736.8421052634,7972.285714285715,0.4712013165112452,332219.0,0.0,0.0,70.2,0.0936,False,False
6886,837,Quincy Center #12,Quincy Center,Quincy,1,[620856],1156 HANCOCK ST,765700.0,392600.0,8400.0,1166700.0,0.52,0.52,0.515,0.515,1,0.08,"validated: one ring, area and centroid match MAPC",,,,reliable,as_recorded,,True,,,Red,1472500.0,7972.285714285715,0.4712013165112452,332219.0,0.0,0.0,92.1,0.1946,False,False
6762,887,Quincy Center #13,Quincy Center,Quincy,1,[621040],37R PARKINGWAY,499500.0,2770800.0,23700.0,3294000.0,0.47,0.45,0.474,0.474,1,0.08,"validated: one ring, area and centroid match MAPC",,,,reliable,as_recorded,,True,,,Red,1062765.9574468085,7972.285714285715,0.4712013165112452,245645.0,6.0,0.0,62.1,0.5198,False,False
6781,894,Quincy Center #14,Quincy Center,Quincy,3,[637808 637809 637812],"1464, 1468, 1486 HANCOCK ST",1135600.0,1728200.0,128500.0,2992300.0,0.28,0.28,0.277,0.277,1,0.08,"validated: one ring, area and centroid match MAPC",,,,reliable,as_recorded,,True,,,Red,4055714.2857142854,7972.285714285715,0.4712013165112452,245645.0,0.0,0.0,57.4,0.4886,False,False
6730,833,Quincy Center #2,Quincy Center,Quincy,3,[637815 637816 637817],"1604, 1620, 1630 HANCOCK ST",1719800.0,1582500.0,79000.0,3381300.0,1.33,1.27,1.326,1.326,1,0.08,"validated: one ring, area and centroid match MAPC",,,,reliable,as_recorded,,True,,,Red,1293082.7067669171,7972.285714285715,0.4712013165112452,245645.0,4.3,0.0,96.1,0.7855,False,False
6782,838,Quincy Center #3,Quincy Center,Quincy,4,[620793 620794 620796 620799],"1445, 1455, 1459, 1469 HANCOCK ST",2049900.0,4023500.0,51500.0,6124900.0,1.11,1.11,1.112,1.112,1,0.08,"validated: one ring, area and centroid match MAPC",,,,reliable,as_recorded,,True,,,Red,1846756.7567567567,7972.285714285715,0.4712013165112452,245645.0,0.0,0.0,90.2,0.4634,False,False
6771,834,Quincy Center #4,Quincy Center,Quincy,2,[621279 621316],51 - 61 GRANITE ST,723200.0,465900.0,46800.0,1235900.0,0.84,0.83,0.841,0.841,1,0.08,"validated: one ring, area and centroid match MAPC",,,,reliable,as_recorded,,True,,,Red,860952.380952381,7972.285714285715,0.4712013165112452,247507.0,1.3,0.0,95.8,0.431,False,False
6736,862,Quincy Center #5,Quincy Center,Quincy,1,[620798],100 PARKINGWAY,557700.0,3671300.0,140700.0,4369700.0,0.78,0.78,0.778,0.778,1,0.08,"validated: one ring, area and centroid match MAPC",,,,reliable,as_recorded,,True,,,Red,715000.0,7972.285714285715,0.4712013165112452,245645.0,0.0,0.0,77.6,0.6452,False,False
6758,855,Quincy Center #6,Quincy Center,Quincy,6,[621019 621020 621021 621022 621024 621026],"1510, 1534, 1546, 1550, 1562, 1570 HANCOCK ST",2047300.0,5679200.0,83900.0,7810400.0,0.73,0.73,1.359,0.735,2,31.33,"provisional: 2 ring(s), area match False, centroid offset 31.3 m",6766,6766:2523m2,2_sites_share_a_parcel;recorded_area_differs_from_decoded,unverifiable,as_recorded,"lists a parcel also listed by site 6766; values differ, so how that parcel is valued between the two cannot be checked; MAPC centroids 68 m apart; decoded polygons overlap 2523 m2 (provisional where a second ring is involved) | decoded 1.36 ac against recorded 0.73 ac; the first ring alone (0.73 ac) matches; cause unknown, not treated as a source error",False,valuation not allocatable,"confirmed from attributes: lists parcel 621026, which 6766 also lists; by MAPC's definition its land value sums all six listed parcels, so that parcel is valued in both sites and the split is unknown",Red,2804520.5479452056,7972.285714285715,0.4712013165112452,245645.0,0.0,0.0,81.2,0.6396,False,
6729,856,Quincy Center #7,Quincy Center,Quincy,1,[621221],119 PARKINGWAY,483200.0,1329900.0,52600.0,1865700.0,0.65,0.65,0.653,0.653,1,0.08,"validated: one ring, area and centroid match MAPC",,,,reliable,as_recorded,,True,,,Red,743384.6153846154,7972.285714285715,0.4712013165112452,245645.0,0.0,0.0,78.9,0.648,False,False
6766,836,Quincy Center #8,Quincy Center,Quincy,0,621026,,432800.0,3234600.0,29400.0,3696800.0,0.62,0.62,0.624,0.624,1,0.08,"validated: one ring, area and centroid match MAPC",6758,6758:2523m2,2_sites_share_a_parcel;4_nparcels_field_anomaly,unverifiable,as_recorded,"lists a parcel also listed by site 6758; values differ, so how that parcel is valued between the two cannot be checked; MAPC centroids 68 m apart; decoded polygons overlap 2523 m2 (provisional where a second ring is involved) | nparcels = 0 although one parcel id is listed (no brackets, no address)",False,conservative,its own values differ from 6758's and may be parcel 621026's alone; out because the same parcel is also valued in 6758; nparcels = 0 contradicts the listed parcel,Red,698064.5161290322,7972.285714285715,0.4712013165112452,245645.0,0.0,0.0,92.1,0.5785,False,
6755,852,Quincy Center #9,Quincy Center,Quincy,1,[621278],77 GRANITE ST,384000.0,670000.0,56400.0,1110400.0,0.62,0.62,0.621,0.621,1,0.08,"validated: one ring, area and centroid match MAPC",,,,reliable,as_recorded,,True,,,Red,619354.8387096775,7972.285714285715,0.4712013165112452,103011.0,0.0,0.0,81.0,0.4918,False,False
10369,782,Revere Beach #1,Revere Beach,Revere,1,[663613],3 EVERETT ST,3788200.0,3984500.0,175200.0,7947900.0,5.03,4.94,5.03,5.03,1,0.06,"validated: one ring, area and centroid match MAPC",,,,reliable,as_recorded,,True,,,Blue,753121.2723658051,5289.285714285715,0.3830693237949242,314846.0,1.8,0.8,95.0,0.7057,True,True
10358,789,Revere Beach #2,Revere Beach,Revere,1,[659023],100 VET FGN WARS PKWY,523900.0,445200.0,14400.0,983500.0,0.62,0.62,0.621,0.621,1,0.06,"validated: one ring, area and centroid match MAPC",,,,reliable,as_recorded,,True,,,Blue,845000.0,5289.285714285715,0.3830693237949242,482051.0,0.0,0.0,88.8,0.6158,False,False
10273,802,Revere Beach #3,Revere Beach,Revere,3,[659217 659555 659601],191 - 207 SHIRLEY AVE; 124 CENTENNIAL AVE,469200.0,992500.0,0.0,1461700.0,0.43,0.43,0.428,0.428,1,0.07,"validated: one ring, area and centroid match MAPC",,,,reliable,as_recorded,,True,,,Blue,1091162.7906976745,5289.285714285715,0.3830693237949242,514784.0,0.0,0.0,62.8,0.0849,False,False
10326,797,Revere Beach #4,Revere Beach,Revere,1,[660185],477 BEACH ST,424400.0,414900.0,12500.0,851800.0,0.35,0.35,0.352,0.352,1,0.06,"validated: one ring, area and centroid match MAPC",,,,reliable,as_recorded,,True,,,Blue,1212571.4285714286,5289.285714285715,0.3830693237949242,507841.0,0.0,0.0,69.8,0.6114,False,False
10281,805,Revere Beach #5,Revere Beach,Revere,2,[659646 659657],155 - 163 SHIRLEY AVE,318400.0,571600.0,0.0,890000.0,0.3,0.3,0.295,0.295,1,0.06,"validated: one ring, area and centroid match MAPC",,,,reliable,as_recorded,,True,,,Blue,1061333.3333333335,5289.285714285715,0.3830693237949242,514784.0,0.0,0.0,49.9,0.1875,False,False
10262,806,Revere Beach #6,Revere Beach,Revere,3,[663215 663217 663218],"76, 78, 82 REVERE BEACH BLVD",757200.0,398800.0,0.0,1156000.0,0.42,0.28,0.418,0.418,1,0.07,"validated: one ring, area and centroid match MAPC",,,,reliable,as_recorded,,True,,,Blue,1802857.142857143,5289.285714285715,0.3830693237949242,399857.0,33.9,25.6,49.6,0.1365,False,False
10285,808,Revere Beach #7,Revere Beach,Revere,2,[658913 658919],103 - 111 SHIRLEY AVE,314000.0,511500.0,7700.0,833200.0,0.28,0.28,0.284,0.284,1,0.06,"validated: one ring, area and centroid match MAPC",,,,reliable,as_recorded,,True,,,Blue,1121428.5714285714,5289.285714285715,0.3830693237949242,514784.0,0.0,0.0,48.0,0.331,False,False
8704,316,Saint Mary's Street #1,Saint Mary's Street,Brookline,3,[2072213 2072219 2072239],"1020, 1022, 1024, 1032 BEACON ST",3651300.0,1345600.0,93500.0,5090400.0,0.83,0.83,0.827,0.827,1,0.07,"validated: one ring, area and centroid match MAPC",,,,reliable,as_recorded,,True,,,Green,4399156.626506024,822.7142857142857,0.4697674418604651,733121.0,0.0,0.0,98.6,0.0769,False,False
8708,322,Saint Mary's Street #2,Saint Mary's Street,Brookline,1,[2072268],1004-1016 BEACON ST,3266300.0,1567700.0,57700.0,4891700.0,0.57,0.57,0.569,0.569,1,0.07,"validated: one ring, area and centroid match MAPC",,,,reliable,as_recorded,,True,,,Green,5730350.877192983,822.7142857142857,0.4697674418604651,733121.0,0.0,0.0,97.0,0.0527,False,False
8685,332,Saint Mary's Street #3,Saint Mary's Street,Brookline,2,[2072031 2072086],121 - 123 ST MARYS ST; 999 - 1009 BEACON ST,2005300.0,219000.0,22600.0,2246900.0,0.33,0.33,0.334,0.334,1,0.07,"validated: one ring, area and centroid match MAPC",,,,reliable,as_recorded,,True,,,Green,6076666.666666666,822.7142857142857,0.4697674418604651,737088.0,0.0,0.0,91.6,0.0482,False,False
9863,32,Sullivan Square #1,Sullivan Square,Somerville,1,[1243581],130 BROADWAY,801200.0,1750000.0,66200.0,2617400.0,0.66,0.66,0.662,0.662,1,0.06,"validated: one ring, area and centroid match MAPC",,,,reliable,as_recorded,,True,,,Orange,1213939.3939393938,8268.57142857143,0.44920652056569144,704348.0,0.0,0.0,92.0,0.749,True,True
9810,40,Sullivan Square #2,Sullivan Square,Somerville,2,[1249684 1249732],16 - 20 BROADWAY,1686900.0,3780900.0,261100.0,5728900.0,0.57,0.57,0.568,0.568,1,0.06,"validated: one ring, area and centroid match MAPC",,,,reliable,as_recorded,,True,,,Orange,2959473.6842105268,8268.57142857143,0.44920652056569144,771434.0,0.0,0.0,87.2,0.237,False,False
9818,67,Sullivan Square #3,Sullivan Square,Somerville,1,[1245254],44 BROADWAY,619500.0,561300.0,69900.0,1250700.0,0.31,0.31,0.308,0.308,1,0.06,"validated: one ring, area and centroid match MAPC",,,,reliable,as_recorded,,True,,,Orange,1998387.0967741935,8268.57142857143,0.44920652056569144,771434.0,0.0,0.0,61.9,0.3172,False,False
9842,56,Sullivan Square #4,Sullivan Square,Somerville,3,[1239827 1249516 1249543],"78, 80, 84 BROADWAY",914300.0,1181500.0,27300.0,2123100.0,0.28,0.28,0.241,0.241,1,2.34,"provisional: 1 ring(s), area match False, centroid offset 2.3 m",,,recorded_area_differs_from_decoded,reliable,as_recorded,"decoded 0.24 ac against recorded 0.28 ac; cause unknown, not treated as a source error",True,,,Orange,3265357.1428571427,8268.57142857143,0.44920652056569144,741001.0,0.0,0.0,79.9,0.5346,False,False
9845,66,Sullivan Square #5,Sullivan Square,Somerville,1,[1241387],88 BROADWAY,1075700.0,2398600.0,77500.0,3551800.0,0.26,0.26,0.263,0.263,1,0.06,"validated: one ring, area and centroid match MAPC",,,,reliable,as_recorded,,True,,,Orange,4137307.692307692,8268.57142857143,0.44920652056569144,704348.0,0.0,0.0,65.4,0.5834,False,False
8672,327,Summit Avenue #1,Summit Avenue,Brookline,4,[2071742 2071766 2071812 2071887],"392, 396, 398, 402, 404, 406, 408, 414 HARVARD ST",3531700.0,1016900.0,3700.0,4552300.0,0.45,0.45,0.451,0.451,1,0.07,"validated: one ring, area and centroid match MAPC",,,,reliable,as_recorded,,True,,,Green,7848222.222222222,594.1428571428571,0.5519877675840978,554692.0,0.0,0.0,94.4,0.4708,False,False
8596,333,Summit Avenue #2,Summit Avenue,Brookline,1,[2070925],1375-1393A BEACON ST,2957600.0,1268000.0,40400.0,4266000.0,0.36,0.36,0.36,0.36,1,0.07,"validated: one ring, area and centroid match MAPC",,,,reliable,as_recorded,,True,,,Green,8215555.555555556,594.1428571428571,0.5519877675840978,539350.0,0.0,0.0,91.2,0.0915,False,False
8680,337,Summit Avenue #3,Summit Avenue,Brookline,2,[2071949 2072011],"401, 409, 411, 419 HARVARD ST",1944200.0,501000.0,52400.0,2497600.0,0.32,0.32,0.32,0.32,1,0.07,"validated: one ring, area and centroid match MAPC",,,,reliable,as_recorded,,True,,,Green,6075625.0,594.1428571428571,0.5519877675840978,555350.0,0.0,0.0,90.1,0.5192,False,False
8598,343,Summit Avenue #4,Summit Avenue,Brookline,2,[2070906 2070942],"1416, 1428, 1430, 1432 BEACON ST",2107400.0,269500.0,2700.0,2379600.0,0.28,0.25,0.275,0.275,1,0.07,"validated: one ring, area and centroid match MAPC",,,,reliable,as_recorded,,True,,,Green,7526428.571428571,594.1428571428571,0.5519877675840978,506374.0,8.6,0.0,85.1,0.0965,False,False
8539,313,Tappan Street #1,Tappan Street,Brookline,1,[2070186],1717 BEACON ST,3028600.0,699800.0,139200.0,3867600.0,1.15,1.15,1.151,1.151,1,0.07,"validated: one ring, area and centroid match MAPC",,,,reliable,as_recorded,,True,,,Green,2633565.2173913047,539.0,0.5398981324278438,510070.0,0.0,0.0,99.0,0.1139,False,False
8555,345,Tappan Street #2,Tappan Street,Brookline,1,[2069535],1696-1706 BEACON ST,1476700.0,513900.0,8600.0,1999200.0,0.26,0.26,0.256,0.256,1,0.07,"validated: one ring, area and centroid match MAPC",,,,reliable,as_recorded,,True,,,Green,5679615.384615384,539.0,0.5398981324278438,442993.0,0.0,0.0,82.3,0.0432,False,False
9577,2,Union Square #1,Union Square,Somerville,1,[1252026],196 SOMERVILLE AVE,7341100.0,8932200.0,746400.0,17019700.0,7.69,7.69,7.686,7.686,1,0.06,"validated: one ring, area and centroid match MAPC",,,,reliable,as_recorded,,True,,,Green,954629.3888166449,769.5714285714286,0.5254629629629629,702421.0,0.0,0.0,99.8,0.3258,False,False
9608,24,Union Square #10,Union Square,Somerville,2,[1251816 1251827],286 - 290 SOMERVILLE AVE,1428400.0,784000.0,97000.0,2309400.0,0.42,0.42,0.422,0.422,1,0.06,"validated: one ring, area and centroid match MAPC",,,,reliable,as_recorded,,True,,,Green,3400952.380952381,769.5714285714286,0.5254629629629629,702421.0,0.0,0.0,94.6,0.1983,False,False
9640,30,Union Square #11,Union Square,Somerville,2,[1247769 1251724],249 - 255 WASHINGTON ST,1422300.0,1674800.0,51300.0,3148400.0,0.41,0.41,0.408,0.408,1,0.06,"validated: one ring, area and centroid match MAPC",,,,reliable,as_recorded,,True,,,Green,3469024.390243903,769.5714285714286,0.5254629629629629,679229.0,0.0,0.0,92.1,0.3061,False,False
9639,48,Union Square #12,Union Square,Somerville,2,[1247781 1251622],21 - 31 UNION SQ,1299200.0,2337000.0,38200.0,3674400.0,0.36,0.36,0.36,0.36,1,0.06,"validated: one ring, area and centroid match MAPC",,,,reliable,as_recorded,,True,,,Green,3608888.888888889,769.5714285714286,0.5254629629629629,619365.0,0.0,0.0,85.0,0.378,False,False
9406,108,Union Square #13,Union Square,Cambridge,1,[2079684],1030 CAMBRIDGE ST,684500.0,1317800.0,0.0,2002300.0,0.36,0.36,0.363,0.363,1,0.06,"validated: one ring, area and centroid match MAPC",,,,reliable,as_recorded,,True,,,Green,1901388.888888889,769.5714285714286,0.5254629629629629,744873.0,0.0,0.0,84.5,0.5074,False,False
9643,35,Union Square #14,Union Square,Somerville,2,[1247774 1251562],45 - 51 UNION SQ,1273800.0,1392600.0,16100.0,2682500.0,0.34,0.34,0.343,0.343,1,0.06,"validated: one ring, area and centroid match MAPC",,,,reliable,as_recorded,,True,,,Green,3746470.588235294,769.5714285714286,0.5254629629629629,620888.0,0.0,0.0,90.1,0.3597,False,False
9463,41,Union Square #15,Union Square,Somerville,3,[1248449 1248536 1252492],"42, 44, 46 MEDFORD ST",1985300.0,1705800.0,165000.0,3856100.0,0.34,0.34,0.337,0.337,1,0.06,"validated: one ring, area and centroid match MAPC",,,,reliable,as_recorded,,True,,,Green,5839117.647058823,769.5714285714286,0.5254629629629629,702421.0,0.0,0.0,87.3,0.5514,False,False
9438,116,Union Square #16,Union Square,Cambridge,2,[2079229 2079253],"1245, 1273, 1279 CAMBRIDGE ST",164200.0,6815600.0,0.0,6979800.0,0.34,0.34,0.339,0.339,1,0.06,"validated: one ring, area and centroid match MAPC",,,,reliable,as_recorded,,True,,,Green,482941.1764705882,769.5714285714286,0.5254629629629629,734966.0,0.0,0.0,76.3,0.5224,False,False
9449,100,Union Square #17,Union Square,Cambridge,4,[2079080 2079197 2085314 2085315],"11 SPRINGFIELD ST; 1335, 1353, 1357 CAMBRIDGE ST",534800.0,2209500.0,0.0,2744300.0,0.33,0.33,0.332,0.332,1,0.06,"validated: one ring, area and centroid match MAPC",,,,reliable,as_recorded,,True,,,Green,1620606.0606060605,769.5714285714286,0.5254629629629629,734966.0,0.0,0.0,90.9,0.5948,False,False
9696,44,Union Square #18,Union Square,Somerville,3,[1248501 1251220 1251236],379 - 383 SOMERVILLE AVE; 75 BOW ST,1473000.0,1835800.0,26900.0,3335700.0,0.33,0.33,0.326,0.326,1,0.06,"validated: one ring, area and centroid match MAPC",,,,reliable,as_recorded,,True,,,Green,4463636.363636363,769.5714285714286,0.5254629629629629,619365.0,0.0,0.0,86.4,0.6879,False,False
9700,43,Union Square #19,Union Square,Somerville,3,[1246562 1246573 1251183],"391, 397, 401 SOMERVILLE AVE",1259900.0,1266700.0,4200.0,2530800.0,0.3,0.3,0.302,0.302,1,0.06,"validated: one ring, area and centroid match MAPC",,,,reliable,as_recorded,,True,,,Green,4199666.666666667,769.5714285714286,0.5254629629629629,619365.0,0.0,0.0,87.0,0.7383,False,False
9695,4,Union Square #2,Union Square,Somerville,1,[1251240],400 SOMERVILLE AVE,4197200.0,3883700.0,301200.0,8382100.0,3.37,3.37,3.369,3.369,1,0.06,"validated: one ring, area and centroid match MAPC",,,,reliable,as_recorded,,True,,,Green,1245459.940652819,769.5714285714286,0.5254629629629629,619365.0,0.0,0.0,99.5,0.7367,False,False
9382,98,Union Square #20,Union Square,Cambridge,2,[2080105 2080261],168 - 174 HAMPSHIRE ST; 3 MURDOCK ST,548900.0,1262200.0,6100.0,1817200.0,0.29,0.29,0.286,0.286,1,0.06,"validated: one ring, area and centroid match MAPC",,,,reliable,as_recorded,,True,,,Green,1892758.6206896552,769.5714285714286,0.5254629629629629,788100.0,0.0,0.0,91.3,0.7054,False,False
9679,12,Union Square #3,Union Square,Somerville,8,[1246541 1247763 1248781 1251146 1251154 1251430 1251455 1251462],"311, 329, 337, 343 SOMERVILLE AVE; 14, 16, 22 BOW ST; 38 UNION SQ",4716100.0,6126800.0,224600.0,11067500.0,1.41,1.41,1.41,1.41,1,0.06,"validated: one ring, area and centroid match MAPC",,,,reliable,as_recorded,,True,,,Green,3344751.7730496456,769.5714285714286,0.5254629629629629,619365.0,0.0,0.0,98.3,0.4935,False,False
9620,16,Union Square #4,Union Square,Somerville,5,[1251783 1251785 1251786 1251788 1251804],"11, 15, 16, 2, 9 UNION SQ",3378300.0,1686100.0,93800.0,5158200.0,1.07,1.07,1.075,1.075,1,0.06,"validated: one ring, area and centroid match MAPC",,,,reliable,as_recorded,,True,,,Green,3157289.7196261683,769.5714285714286,0.5254629629629629,702421.0,0.0,0.0,97.3,0.2538,False,False
9427,77,Union Square #5,Union Square,Cambridge,3,[2079398 2079561 2084935],1262 - 1264 CAMBRIDGE ST; 187 HAMPSHIRE ST; 299 - 305 PROSPECT ST,1714100.0,1965300.0,9800.0,3689200.0,0.9,0.9,0.896,0.896,1,0.06,"validated: one ring, area and centroid match MAPC",,,,reliable,as_recorded,,True,,,Green,1904555.5555555555,769.5714285714286,0.5254629629629629,765534.0,0.0,0.0,99.6,0.5975,False,False
9525,18,Union Square #6,Union Square,Somerville,1,[1252239],47 BEACON ST,1203200.0,1990000.0,274000.0,3467200.0,0.67,0.67,0.671,0.671,1,0.06,"validated: one ring, area and centroid match MAPC",,,,reliable,as_recorded,,True,,,Green,1795820.895522388,769.5714285714286,0.5254629629629629,699283.0,0.0,0.0,96.5,0.7183,False,False
9471,19,Union Square #7,Union Square,Somerville,1,[1252439],16 BEACON ST,1180500.0,1378000.0,83400.0,2641900.0,0.56,0.56,0.558,0.558,1,0.06,"validated: one ring, area and centroid match MAPC",,,,reliable,as_recorded,,True,,,Green,2108035.714285714,769.5714285714286,0.5254629629629629,699283.0,0.0,0.0,96.6,0.736,False,False
9591,27,Union Square #8,Union Square,Somerville,2,[1251715 1251866],230 - 236 SOMERVILLE AVE,1018400.0,1455300.0,30100.0,2503800.0,0.52,0.52,0.52,0.52,1,0.06,"validated: one ring, area and centroid match MAPC",,,,reliable,as_recorded,,True,,,Green,1958461.5384615385,769.5714285714286,0.5254629629629629,702421.0,0.0,0.0,92.6,0.2014,False,False
9660,17,Union Square #9,Union Square,Somerville,1,[1251431],346 SOMERVILLE AVE,1142600.0,302300.0,40200.0,1485100.0,0.49,0.49,0.487,0.487,1,0.06,"validated: one ring, area and centroid match MAPC",,,,reliable,as_recorded,,True,,,Green,2331836.7346938774,769.5714285714286,0.5254629629629629,619365.0,0.0,0.0,97.4,0.5143,False,False
8341,502,Waban #1,Waban,Newton,1,[517222],10-12 WINDSOR RD,1531100.0,5610300.0,13100.0,7154500.0,1.24,1.04,1.245,1.245,1,0.08,"validated: one ring, area and centroid match MAPC",,,,reliable,as_recorded,,True,,,Green,1234758.064516129,286.0,0.5688073394495413,131090.0,16.1,0.0,67.5,0.1201,False,False
8568,312,Washington Square #1,Washington Square,Brookline,3,[2070582 2070621 2070668],"1634, 1644, 1646, 1654, 1658 BEACON ST",5378100.0,290600.0,124300.0,5793000.0,0.95,0.95,0.954,0.954,1,0.07,"validated: one ring, area and centroid match MAPC",,,,reliable,as_recorded,,True,,,Green,5661157.894736842,659.2857142857143,0.5327868852459017,442993.0,0.0,0.0,99.0,0.098,False,False
8553,323,Washington Square #2,Washington Square,Brookline,3,[2070384 2070412 2070440],"1641, 1651, 1653, 1655, 1657, 1663 BEACON ST",4739800.0,1654600.0,3500.0,6397900.0,0.6,0.6,0.602,0.602,1,0.07,"validated: one ring, area and centroid match MAPC",,,,reliable,as_recorded,,True,,,Green,7899666.666666667,659.2857142857143,0.5327868852459017,464618.0,0.0,0.0,96.4,0.1006,False,False
8558,341,Washington Square #3,Washington Square,Brookline,5,[2070453 2070481 2070487 2070493 2070496],"692, 700, 704, 716 WASHINGTON ST; 1623, 1627, 1629, 1639 BEACON ST",5463100.0,542000.0,11800.0,6016900.0,0.47,0.46,0.467,0.467,1,0.07,"validated: one ring, area and centroid match MAPC",,,,reliable,as_recorded,,True,,,Green,11623617.021276597,659.2857142857143,0.5327868852459017,464618.0,1.6,0.0,87.9,0.0419,False,False
8575,335,Washington Square #4,Washington Square,Brookline,1,[2070699],1624 BEACON ST,2410700.0,667400.0,56600.0,3134700.0,0.34,0.34,0.336,0.336,1,0.07,"validated: one ring, area and centroid match MAPC",,,,reliable,as_recorded,,True,,,Green,7090294.117647058,659.2857142857143,0.5327868852459017,442993.0,0.0,0.0,89.9,0.0568,False,False
10236,695,Wellington #1,Wellington,Medford,2,[1190371 1190372],567 - 573 FELLSWAY,959900.0,1102200.0,168900.0,2231000.0,1.34,1.34,1.339,1.339,1,0.06,"validated: one ring, area and centroid match MAPC",,,,reliable,as_recorded,,True,,,Orange,716343.2835820895,8481.285714285714,0.5147833130822195,356397.0,0.0,0.0,94.5,0.4912,False,False
10200,707,Wellington #2,Wellington,Medford,1,[1177287],35 REVERE BEACH PY,1111100.0,959100.0,154400.0,2224600.0,0.83,0.83,0.825,0.825,1,0.06,"validated: one ring, area and centroid match MAPC",,,,reliable,as_recorded,,True,,,Orange,1338674.6987951808,8481.285714285714,0.5147833130822195,356397.0,0.0,0.0,80.9,0.2708,False,False
7300,857,Wollaston #1,Wollaston,Quincy,3,[631183 633322 633324],451 - 477 HANCOCK ST; 10 HAYWARD ST,4739100.0,12517300.0,434700.0,17691100.0,10.19,10.19,10.193,10.193,1,0.07,"validated: one ring, area and centroid match MAPC",,,,reliable,as_recorded,,True,,,Red,465073.6015701669,5372.285714285715,0.47572189062752057,381308.0,0.0,0.0,78.8,0.6678,True,True
7088,918,Wollaston #10,Wollaston,Quincy,1,[631819],253 BEALE ST,253400.0,341300.0,11900.0,606600.0,0.29,0.29,0.295,0.295,1,0.08,"validated: one ring, area and centroid match MAPC",,,,reliable,as_recorded,,True,,,Red,873793.103448276,5372.285714285715,0.47572189062752057,236962.0,0.0,0.0,37.9,0.6383,False,False
7173,847,Wollaston #2,Wollaston,Quincy,2,[631012 631026],42 - 54 BEALE ST,925500.0,3529300.0,149700.0,4604500.0,2.37,2.37,2.368,2.368,1,0.08,"validated: one ring, area and centroid match MAPC",,,,reliable,as_recorded,,True,,,Red,390506.32911392406,5372.285714285715,0.47572189062752057,288233.0,0.0,0.0,83.8,0.1889,True,True
7196,853,Wollaston #3,Wollaston,Quincy,2,[629674 629683],662 - 676 HANCOCK ST,711000.0,789100.0,27800.0,1527900.0,0.67,0.67,0.671,0.671,1,0.07,"validated: one ring, area and centroid match MAPC",,,,reliable,as_recorded,,True,,,Red,1061194.0298507463,5372.285714285715,0.47572189062752057,246007.0,0.0,0.0,80.8,0.4069,False,False
7180,864,Wollaston #4,Wollaston,Quincy,2,[631022 631029],687 - 699 HANCOCK ST,715700.0,821400.0,62400.0,1599500.0,0.59,0.59,0.589,0.589,1,0.07,"validated: one ring, area and centroid match MAPC",,,,reliable,as_recorded,,True,,,Red,1213050.847457627,5372.285714285715,0.47572189062752057,288233.0,0.0,0.0,76.0,0.3688,False,False
7176,849,Wollaston #5,Wollaston,Quincy,2,[631024 631030],707 - 721 HANCOCK ST,724100.0,496800.0,67400.0,1288300.0,0.57,0.57,0.575,0.575,1,0.07,"validated: one ring, area and centroid match MAPC",,,,reliable,as_recorded,,True,,,Red,1270350.8771929825,5372.285714285715,0.47572189062752057,288233.0,0.0,0.0,82.6,0.4062,False,False
7163,906,Wollaston #6,Wollaston,Quincy,1,[630928],731 HANCOCK ST,392000.0,1524000.0,63100.0,1979100.0,0.49,0.49,0.488,0.488,1,0.07,"validated: one ring, area and centroid match MAPC",,,,reliable,as_recorded,,True,,,Red,800000.0,5372.285714285715,0.47572189062752057,288233.0,0.0,0.0,46.8,0.4166,False,False
7190,931,Wollaston #7,Wollaston,Quincy,1,[631039],663 HANCOCK ST,481500.0,1394500.0,17500.0,1893500.0,0.45,0.45,0.446,0.446,1,0.07,"validated: one ring, area and centroid match MAPC",,,,reliable,as_recorded,,True,,,Red,1070000.0,5372.285714285715,0.47572189062752057,288233.0,0.0,0.0,27.4,0.3441,False,False
7183,901,Wollaston #8,Wollaston,Quincy,2,[631048 631057],21 - 31 BEALE ST,423800.0,867400.0,66500.0,1357700.0,0.4,0.4,0.397,0.397,1,0.08,"validated: one ring, area and centroid match MAPC",,,,reliable,as_recorded,,True,,,Red,1059500.0,5372.285714285715,0.47572189062752057,306663.0,0.0,0.0,51.0,0.2436,False,False
7194,932,Wollaston #9,Wollaston,Quincy,2,[631079 631080],657 HANCOCK ST; 9 BEALE ST,578600.0,1367000.0,228800.0,2174400.0,0.37,0.37,0.374,0.374,1,0.07,"validated: one ring, area and centroid match MAPC",,,,reliable,as_recorded,,True,,,Red,1563783.783783784,5372.285714285715,0.47572189062752057,306663.0,0.0,0.0,25.6,0.3156,False,False
10381,791,Wonderland #1,Wonderland,Revere,1,[660600],120 VET FGN WARS PKWY,567200.0,410100.0,17500.0,994800.0,1.41,0.75,1.41,1.41,1,0.06,"validated: one ring, area and centroid match MAPC",,,,reliable,as_recorded,,True,,,Blue,402269.5035460993,8363.285714285714,0.46718965334464113,482051.0,46.9,46.9,87.1,0.5736,True,True
10520,800,Wonderland #2,Wonderland,Revere,1,[663396],1120 NORTH SHORE RD,414500.0,501900.0,6400.0,922800.0,0.32,0.32,0.317,0.317,1,0.07,"validated: one ring, area and centroid match MAPC",,,,reliable,as_recorded,,True,,,Blue,1295312.5,8363.285714285714,0.46718965334464113,482051.0,0.2,0.2,63.6,0.5506,False,False
