setting,role,label,n_sites,candidate_set,reference,tie_rule,scored_indicators,weights,peak_share
M3_equal,main,M3 main comparison | equal weights (three indicators),246,main,uniform,midrank,ppa lower preferred; buildar_ac higher preferred; daily higher preferred,ppa=1/3 buildar_ac=1/3 daily=1/3,"described only, not scored"
S0_developer,historical baseline; author-constructed scenario,S0 historical baseline e18a184 | Developer (author-constructed),251,all251,mixed0,strict,ppa lower preferred; buildar_ac higher preferred; daily higher preferred; peak_share lower preferred,ppa=1/2 buildar_ac=1/4 daily=3/20 peak_share=1/10,"scored, direction as listed"
S0_city,historical baseline; author-constructed scenario,S0 historical baseline e18a184 | City (author-constructed),251,all251,mixed0,strict,ppa lower preferred; buildar_ac higher preferred; daily higher preferred; peak_share lower preferred,buildar_ac=1/2 ppa=1/5 daily=1/5 peak_share=1/10,"scored, direction as listed"
S0_transit,historical baseline; author-constructed scenario,S0 historical baseline e18a184 | Transit agency (author-constructed),251,all251,mixed0,strict,ppa lower preferred; buildar_ac higher preferred; daily higher preferred; peak_share lower preferred,daily=2/5 peak_share=3/10 ppa=3/20 buildar_ac=3/20,"scored, direction as listed"
S0_placemaking,historical baseline; author-constructed scenario,S0 historical baseline e18a184 | Place-making (author-constructed),251,all251,mixed0,strict,ppa lower preferred; buildar_ac higher preferred; daily higher preferred; peak_share lower preferred,peak_share=2/5 buildar_ac=1/4 daily=1/5 ppa=3/20,"scored, direction as listed"
S0_equal,historical baseline,S0 historical baseline e18a184 | Equal weights (four indicators),251,all251,mixed0,strict,ppa lower preferred; buildar_ac higher preferred; daily higher preferred; peak_share lower preferred,ppa=1/4 buildar_ac=1/4 daily=1/4 peak_share=1/4,"scored, direction as listed"
S1_developer,historical revision step; author-constructed scenario,S1 baseline rules on the 246 | Developer (author-constructed),246,main,mixed0,strict,ppa lower preferred; buildar_ac higher preferred; daily higher preferred; peak_share lower preferred,ppa=1/2 buildar_ac=1/4 daily=3/20 peak_share=1/10,"scored, direction as listed"
S1_city,historical revision step; author-constructed scenario,S1 baseline rules on the 246 | City (author-constructed),246,main,mixed0,strict,ppa lower preferred; buildar_ac higher preferred; daily higher preferred; peak_share lower preferred,buildar_ac=1/2 ppa=1/5 daily=1/5 peak_share=1/10,"scored, direction as listed"
S1_transit,historical revision step; author-constructed scenario,S1 baseline rules on the 246 | Transit agency (author-constructed),246,main,mixed0,strict,ppa lower preferred; buildar_ac higher preferred; daily higher preferred; peak_share lower preferred,daily=2/5 peak_share=3/10 ppa=3/20 buildar_ac=3/20,"scored, direction as listed"
S1_placemaking,historical revision step; author-constructed scenario,S1 baseline rules on the 246 | Place-making (author-constructed),246,main,mixed0,strict,ppa lower preferred; buildar_ac higher preferred; daily higher preferred; peak_share lower preferred,peak_share=2/5 buildar_ac=1/4 daily=1/5 ppa=3/20,"scored, direction as listed"
S1_equal,historical revision step,S1 baseline rules on the 246 | Equal weights (four indicators),246,main,mixed0,strict,ppa lower preferred; buildar_ac higher preferred; daily higher preferred; peak_share lower preferred,ppa=1/4 buildar_ac=1/4 daily=1/4 peak_share=1/4,"scored, direction as listed"
S2_developer,historical revision step; author-constructed scenario,"S2 baseline reference, mid-rank ties | Developer (author-constructed)",246,main,mixed0,midrank,ppa lower preferred; buildar_ac higher preferred; daily higher preferred; peak_share lower preferred,ppa=1/2 buildar_ac=1/4 daily=3/20 peak_share=1/10,"scored, direction as listed"
S2_city,historical revision step; author-constructed scenario,"S2 baseline reference, mid-rank ties | City (author-constructed)",246,main,mixed0,midrank,ppa lower preferred; buildar_ac higher preferred; daily higher preferred; peak_share lower preferred,buildar_ac=1/2 ppa=1/5 daily=1/5 peak_share=1/10,"scored, direction as listed"
S2_transit,historical revision step; author-constructed scenario,"S2 baseline reference, mid-rank ties | Transit agency (author-constructed)",246,main,mixed0,midrank,ppa lower preferred; buildar_ac higher preferred; daily higher preferred; peak_share lower preferred,daily=2/5 peak_share=3/10 ppa=3/20 buildar_ac=3/20,"scored, direction as listed"
S2_placemaking,historical revision step; author-constructed scenario,"S2 baseline reference, mid-rank ties | Place-making (author-constructed)",246,main,mixed0,midrank,ppa lower preferred; buildar_ac higher preferred; daily higher preferred; peak_share lower preferred,peak_share=2/5 buildar_ac=1/4 daily=1/5 ppa=3/20,"scored, direction as listed"
S2_equal,historical revision step,"S2 baseline reference, mid-rank ties | Equal weights (four indicators)",246,main,mixed0,midrank,ppa lower preferred; buildar_ac higher preferred; daily higher preferred; peak_share lower preferred,ppa=1/4 buildar_ac=1/4 daily=1/4 peak_share=1/4,"scored, direction as listed"
S2u_developer,historical revision step; author-constructed scenario,"S2u candidate-set reference, strict ties | Developer (author-constructed)",246,main,uniform,strict,ppa lower preferred; buildar_ac higher preferred; daily higher preferred; peak_share lower preferred,ppa=1/2 buildar_ac=1/4 daily=3/20 peak_share=1/10,"scored, direction as listed"
S2u_city,historical revision step; author-constructed scenario,"S2u candidate-set reference, strict ties | City (author-constructed)",246,main,uniform,strict,ppa lower preferred; buildar_ac higher preferred; daily higher preferred; peak_share lower preferred,buildar_ac=1/2 ppa=1/5 daily=1/5 peak_share=1/10,"scored, direction as listed"
S2u_transit,historical revision step; author-constructed scenario,"S2u candidate-set reference, strict ties | Transit agency (author-constructed)",246,main,uniform,strict,ppa lower preferred; buildar_ac higher preferred; daily higher preferred; peak_share lower preferred,daily=2/5 peak_share=3/10 ppa=3/20 buildar_ac=3/20,"scored, direction as listed"
S2u_placemaking,historical revision step; author-constructed scenario,"S2u candidate-set reference, strict ties | Place-making (author-constructed)",246,main,uniform,strict,ppa lower preferred; buildar_ac higher preferred; daily higher preferred; peak_share lower preferred,peak_share=2/5 buildar_ac=1/4 daily=1/5 ppa=3/20,"scored, direction as listed"
S2u_equal,historical revision step,"S2u candidate-set reference, strict ties | Equal weights (four indicators)",246,main,uniform,strict,ppa lower preferred; buildar_ac higher preferred; daily higher preferred; peak_share lower preferred,ppa=1/4 buildar_ac=1/4 daily=1/4 peak_share=1/4,"scored, direction as listed"
S3_developer,historical revision; four-indicator preference scenario; author-constructed scenario,S3 round-2 four-indicator setting | Developer (author-constructed),246,main,uniform,midrank,ppa lower preferred; buildar_ac higher preferred; daily higher preferred; peak_share lower preferred,ppa=1/2 buildar_ac=1/4 daily=3/20 peak_share=1/10,"scored, direction as listed"
S3_city,historical revision; four-indicator preference scenario; author-constructed scenario,S3 round-2 four-indicator setting | City (author-constructed),246,main,uniform,midrank,ppa lower preferred; buildar_ac higher preferred; daily higher preferred; peak_share lower preferred,buildar_ac=1/2 ppa=1/5 daily=1/5 peak_share=1/10,"scored, direction as listed"
S3_transit,historical revision; four-indicator preference scenario; author-constructed scenario,S3 round-2 four-indicator setting | Transit agency (author-constructed),246,main,uniform,midrank,ppa lower preferred; buildar_ac higher preferred; daily higher preferred; peak_share lower preferred,daily=2/5 peak_share=3/10 ppa=3/20 buildar_ac=3/20,"scored, direction as listed"
S3_placemaking,historical revision; four-indicator preference scenario; author-constructed scenario,S3 round-2 four-indicator setting | Place-making (author-constructed),246,main,uniform,midrank,ppa lower preferred; buildar_ac higher preferred; daily higher preferred; peak_share lower preferred,peak_share=2/5 buildar_ac=1/4 daily=1/5 ppa=3/20,"scored, direction as listed"
S3_equal,historical revision; four-indicator preference scenario,S3 round-2 four-indicator setting | Equal weights (four indicators),246,main,uniform,midrank,ppa lower preferred; buildar_ac higher preferred; daily higher preferred; peak_share lower preferred,ppa=1/4 buildar_ac=1/4 daily=1/4 peak_share=1/4,"scored, direction as listed"
K3_developer,historical revision; record sensitivity; author-constructed scenario,"K3 S3 rules, flagged records kept | Developer (author-constructed)",251,all251,uniform,midrank,ppa lower preferred; buildar_ac higher preferred; daily higher preferred; peak_share lower preferred,ppa=1/2 buildar_ac=1/4 daily=3/20 peak_share=1/10,"scored, direction as listed"
K3_city,historical revision; record sensitivity; author-constructed scenario,"K3 S3 rules, flagged records kept | City (author-constructed)",251,all251,uniform,midrank,ppa lower preferred; buildar_ac higher preferred; daily higher preferred; peak_share lower preferred,buildar_ac=1/2 ppa=1/5 daily=1/5 peak_share=1/10,"scored, direction as listed"
K3_transit,historical revision; record sensitivity; author-constructed scenario,"K3 S3 rules, flagged records kept | Transit agency (author-constructed)",251,all251,uniform,midrank,ppa lower preferred; buildar_ac higher preferred; daily higher preferred; peak_share lower preferred,daily=2/5 peak_share=3/10 ppa=3/20 buildar_ac=3/20,"scored, direction as listed"
K3_placemaking,historical revision; record sensitivity; author-constructed scenario,"K3 S3 rules, flagged records kept | Place-making (author-constructed)",251,all251,uniform,midrank,ppa lower preferred; buildar_ac higher preferred; daily higher preferred; peak_share lower preferred,peak_share=2/5 buildar_ac=1/4 daily=1/5 ppa=3/20,"scored, direction as listed"
K3_equal,historical revision; record sensitivity,"K3 S3 rules, flagged records kept | Equal weights (four indicators)",251,all251,uniform,midrank,ppa lower preferred; buildar_ac higher preferred; daily higher preferred; peak_share lower preferred,ppa=1/4 buildar_ac=1/4 daily=1/4 peak_share=1/4,"scored, direction as listed"
E0_equal,historical accessibility extension of the four-indicator S3,"E0 five indicators, baseline rules | equal weights",251,all251,mixed0,strict,ppa lower preferred; buildar_ac higher preferred; daily higher preferred; peak_share lower preferred; jobs45tr higher preferred,ppa=1/5 buildar_ac=1/5 daily=1/5 peak_share=1/5 jobs45tr=1/5,"scored, direction as listed"
E2_equal,historical accessibility extension of the four-indicator S3,"E2 five indicators, baseline reference | equal weights",246,main,mixed0,midrank,ppa lower preferred; buildar_ac higher preferred; daily higher preferred; peak_share lower preferred; jobs45tr higher preferred,ppa=1/5 buildar_ac=1/5 daily=1/5 peak_share=1/5 jobs45tr=1/5,"scored, direction as listed"
E3_equal,historical accessibility extension of the four-indicator S3,"E3 S3 + jobs45tr, zero as recorded | equal weights",246,main,uniform,midrank,ppa lower preferred; buildar_ac higher preferred; daily higher preferred; peak_share lower preferred; jobs45tr higher preferred,ppa=1/5 buildar_ac=1/5 daily=1/5 peak_share=1/5 jobs45tr=1/5,"scored, direction as listed"
E3u_equal,historical accessibility extension of the four-indicator S3,"E3u S3 + jobs45tr, zero as unknown | equal weights",244,main_jobs_known,uniform,midrank,ppa lower preferred; buildar_ac higher preferred; daily higher preferred; peak_share lower preferred; jobs45tr higher preferred,ppa=1/5 buildar_ac=1/5 daily=1/5 peak_share=1/5 jobs45tr=1/5,"scored, direction as listed"
X4_peak_low_equal,exploratory peak-share scenario (same scores as S3_equal),"exploratory: four indicators, lower peak share preferred | equal weights",246,main,uniform,midrank,ppa lower preferred; buildar_ac higher preferred; daily higher preferred; peak_share lower preferred,ppa=1/4 buildar_ac=1/4 daily=1/4 peak_share=1/4,"scored, direction as listed"
X4_peak_high_equal,exploratory peak-share scenario,"exploratory: four indicators, higher peak share preferred | equal weights",246,main,uniform,midrank,ppa lower preferred; buildar_ac higher preferred; daily higher preferred; peak_share higher preferred,ppa=1/4 buildar_ac=1/4 daily=1/4 peak_share=1/4,"scored, direction as listed"
