candidate_set,n_sites,reference,rule,indicator,direction,n_reference,distinct_raw,distinct_score,tied_pairs_in_data,ties_created_by_transform,largest_tie_group,best_site_score,worst_site_score,p10,median,p90,sd
all251,251,mixed0,strict,ppa,lower,2973,250,250,1,0,2,76.085,0.067,1.11,8.11,40.77,16.41
all251,251,mixed0,strict,buildar_ac,higher,3028,108,108,427,0,12,97.688,0.0,4.72,32.86,73.75,25.96
all251,251,mixed0,strict,daily,higher,251,39,39,1110,0,20,98.406,0.0,9.16,49.8,89.24,28.67
all251,251,mixed0,strict,peak_share,lower,251,39,39,1110,0,20,100.0,2.789,11.16,51.0,90.84,28.78
all251,251,mixed0,strict,jobs45tr,higher,3028,122,122,331,0,11,99.967,0.0,75.89,91.84,98.51,11.39
main,246,mixed0,strict,ppa,lower,2973,246,246,0,0,1,76.085,0.067,1.09,8.34,41.68,16.42
main,246,mixed0,strict,buildar_ac,higher,3028,105,105,422,0,12,97.688,0.0,4.72,32.1,71.68,25.8
main,246,mixed0,strict,daily,higher,251,39,39,1076,0,20,98.406,0.0,9.16,48.61,89.24,28.75
main,246,mixed0,strict,peak_share,lower,251,39,39,1076,0,20,100.0,2.789,11.16,51.0,90.84,28.61
main,246,mixed0,strict,jobs45tr,higher,3028,121,121,311,0,11,99.967,0.0,75.45,91.84,98.51,11.46
main,246,mixed0,midrank,ppa,lower,2973,246,246,0,0,1,76.068,0.05,1.08,8.32,41.66,16.42
main,246,mixed0,midrank,buildar_ac,higher,3028,105,105,422,0,12,97.705,0.462,5.66,32.48,71.78,25.52
main,246,mixed0,midrank,daily,higher,251,39,39,1076,0,20,99.203,0.199,10.16,49.2,92.43,28.99
main,246,mixed0,midrank,peak_share,lower,251,39,39,1076,0,20,98.606,1.394,9.76,49.8,90.04,28.72
main,246,mixed0,midrank,jobs45tr,higher,3028,121,121,311,0,11,99.983,0.033,75.47,91.89,98.55,11.44
main,246,uniform,strict,ppa,lower,246,246,246,0,0,1,100.0,0.407,10.37,50.2,90.04,28.93
main,246,uniform,strict,buildar_ac,higher,246,105,105,422,0,12,99.593,0.0,5.69,49.59,89.63,29.48
main,246,uniform,strict,daily,higher,246,39,39,1076,0,20,98.374,0.0,9.35,49.59,89.02,28.67
main,246,uniform,strict,peak_share,lower,246,39,39,1076,0,20,100.0,2.846,11.38,52.03,90.65,28.76
main,246,uniform,strict,jobs45tr,higher,246,121,121,311,0,11,99.593,0.0,9.96,49.19,89.43,29.07
main,246,uniform,midrank,ppa,lower,246,246,246,0,0,1,99.797,0.203,10.16,50.0,89.84,28.93
main,246,uniform,midrank,buildar_ac,higher,246,105,105,422,0,12,99.797,0.61,8.13,50.2,89.84,28.92
main,246,uniform,midrank,daily,higher,246,39,39,1076,0,20,99.187,0.203,10.37,50.2,92.28,28.9
main,246,uniform,midrank,peak_share,lower,246,39,39,1076,0,20,98.577,1.423,9.96,50.81,89.84,28.9
main,246,uniform,midrank,jobs45tr,higher,246,121,121,311,0,11,99.797,0.407,10.16,49.8,89.84,28.92
