site_oid,objectid,sid,code,municipal,station,mapc_station,line,straight_line_km,nparcels,parcelids,land_value,sitearea_a,ppa,buildar_ac,daily,weekend,peak_share,jobs45tr,excl_p,fz100_p,regipctile,sites_sharing_station,frontier4,frontier5,flag_nparcels_zero,flag_parcel_shared,flag_duplicate_record,flag_jobs45tr_zero,flag_station_differs_from_mapc,parcel_shared_with,duplicate_of,quality_flags,quality_status
9965,82,Alewife #1,ALE-1,Cambridge,Alewife,Alewife,Red,0.6847,1,[2084914],24859100.0,16.94,1467479.3388429752,16.89,12830.0,8417.5,0.5727989037341555,242978.0,0.3,0.0,97.6,2,True,True,False,False,False,False,False,,,,ok
9928,87,Alewife #2,ALE-2,Cambridge,Alewife,Alewife,Red,0.7598,3,[2074684 2074863 2084913],9603700.0,4.2,2286595.238095238,4.2,12830.0,8417.5,0.5727989037341555,242978.0,0.0,0.0,97.0,2,False,False,False,False,False,False,False,,,,ok
8865,315,Amory Street #1,AMO-1,Brookline,Amory Street,Boston University West,Green,0.075,2,[2071941 2071943],7277600.0,1.69,4306272.189349112,1.69,608.4285714285714,454.5,0.4208955223880597,685730.0,0.0,0.0,98.8,2,False,True,False,False,False,False,True,,,,ok
8878,346,Amory Street #2,AMO-2,Brookline,Amory Street,Saint Paul Street,Green,0.1903,1,[2072531],2367800.0,0.43,5506511.627906977,0.43,608.4285714285714,454.5,0.4208955223880597,660536.0,0.0,0.0,81.4,2,False,False,False,False,False,False,True,,,,ok
9967,3,Assembly #1,ASM-1,Somerville,Assembly,Assembly,Orange,0.6684,0,1242329,8492300.0,2.25,3774355.5555555555,2.25,8828.42857142857,8859.5,0.4617740471869328,700445.0,0.0,0.0,99.8,5,True,True,True,True,True,False,False,9949 (Assembly #3) 9971 (Assembly #2),9971 (Assembly #2),duplicate_record_suspected;nparcels_zero_meaning_unknown;parcel_id_also_in_another_site,unknown
9971,13,Assembly #2,ASM-2,Somerville,Assembly,Assembly,Orange,0.7039,0,1242329,8492300.0,2.25,3774355.5555555555,2.25,8828.42857142857,8859.5,0.4617740471869328,700445.0,0.0,0.0,98.1,5,True,True,True,True,True,False,False,9949 (Assembly #3) 9967 (Assembly #1),9967 (Assembly #1),duplicate_record_suspected;nparcels_zero_meaning_unknown;parcel_id_also_in_another_site,unknown
9949,7,Assembly #3,ASM-3,Somerville,Assembly,Assembly,Orange,0.6277,1,[1242329],8492300.0,1.6,5307687.5,1.6,8828.42857142857,8859.5,0.4617740471869328,700445.0,0.0,0.0,98.9,5,False,False,False,True,False,False,False,9967 (Assembly #1) 9971 (Assembly #2),,parcel_id_also_in_another_site,check
10012,72,Assembly #4,ASM-4,Somerville,Assembly,Assembly,Orange,0.5652,1,[1245817],2024900.0,0.54,3749814.8148148144,0.54,8828.42857142857,8859.5,0.4617740471869328,0.0,0.0,0.0,32.1,5,True,True,False,False,False,True,False,,,jobs45tr_zero_suspected_missing,check
9995,73,Assembly #5,ASM-5,Somerville,Assembly,Assembly,Orange,0.5241,1,[1245159],1518000.0,0.31,4896774.193548387,0.31,8828.42857142857,8859.5,0.4617740471869328,0.0,0.0,0.0,15.7,5,False,False,False,False,False,True,False,,,jobs45tr_zero_suspected_missing,check
8902,320,Babcock Street #1,BAB-1,Brookline,Babcock Street,Babcock Street,Green,0.1618,5,[2072969 2072970 2072971 2072972 2072973],4502900.0,0.55,8187090.909090908,0.55,682.8571428571429,580.0,0.4102209944751381,630137.0,0.0,0.0,96.9,1,False,True,False,False,False,False,False,,,,ok
10126,57,Ball Square #1,BAL-1,Somerville,Ball Square,Ball Square,Green,0.1165,4,[1241444 1241452 1242962 1242976],1666000.0,0.32,5206250.0,0.32,745.4285714285714,311.5,0.5854189336235038,511186.0,0.0,0.0,77.7,7,False,False,False,False,False,False,False,,,,ok
10211,725,Ball Square #2,BAL-2,Medford,Ball Square,Ball Square,Green,0.5685,2,[1190585 1190586],295900.0,0.31,954516.1290322581,0.31,745.4285714285714,311.5,0.5854189336235038,510366.0,0.0,0.0,60.8,7,False,False,False,False,False,False,False,,,,ok
10123,60,Ball Square #3,BAL-3,Somerville,Ball Square,Ball Square,Green,0.0755,1,[1241480],876900.0,0.3,2923000.0,0.3,745.4285714285714,311.5,0.5854189336235038,511186.0,0.0,0.0,75.5,7,False,False,False,False,False,False,False,,,,ok
10143,64,Ball Square #4,BAL-4,Somerville,Ball Square,Ball Square,Green,0.5384,1,[1242874],854800.0,0.28,3052857.1428571427,0.28,745.4285714285714,311.5,0.5854189336235038,735911.0,0.0,0.0,67.6,7,False,False,False,False,False,False,False,,,,ok
10230,722,Ball Square #5,BAL-5,Medford,Ball Square,Ball Square,Green,0.6466,3,[1190561 1190562 1190563],743900.0,0.28,2656785.714285714,0.28,745.4285714285714,311.5,0.5854189336235038,510366.0,0.0,0.0,62.0,7,False,False,False,False,False,False,False,,,,ok
10140,69,Ball Square #6,BAL-6,Somerville,Ball Square,Ball Square,Green,0.1226,2,[1191058 1243044],766500.0,0.27,2838888.8888888885,0.27,745.4285714285714,311.5,0.5854189336235038,510366.0,0.0,0.0,57.5,7,False,False,False,False,False,False,False,,,,ok
10231,727,Ball Square #7,BAL-7,Medford,Ball Square,Ball Square,Green,0.6724,3,[1190545 1190548 1190549],787500.0,0.27,2916666.6666666665,0.27,745.4285714285714,311.5,0.5854189336235038,431598.0,0.0,0.0,57.3,7,False,False,False,False,False,False,False,,,,ok
5973,1145,Braintree #1,BRA-1,Braintree,Braintree,Braintree,Red,0.7854,2,[2060307 2060618],6310500.0,17.35,363717.57925072045,13.3,5210.714285714285,3032.5,0.47550147977638935,39255.0,23.3,1.4,84.1,9,True,True,False,False,False,False,False,,,,ok
6019,1146,Braintree #2,BRA-2,Braintree,Braintree,Braintree,Red,0.3964,3,[2059919 2060086 2060100],4959600.0,11.49,431644.908616188,8.74,5210.714285714285,3032.5,0.47550147977638935,78818.0,24.0,14.4,82.2,9,False,True,False,False,False,False,False,,,,ok
5966,1154,Braintree #3,BRA-3,Braintree,Braintree,Braintree,Red,0.6715,2,[2060351 2060353],713400.0,1.08,660555.5555555555,1.08,5210.714285714285,3032.5,0.47550147977638935,78818.0,0.0,0.0,54.1,9,False,False,False,False,False,False,False,,,,ok
5965,1153,Braintree #4,BRA-4,Braintree,Braintree,Braintree,Red,0.7565,2,[2060371 2060380],501500.0,0.92,545108.6956521738,0.92,5210.714285714285,3032.5,0.47550147977638935,78818.0,0.0,0.0,54.5,9,False,False,False,False,False,False,False,,,,ok
5982,1151,Braintree #5,BRA-5,Braintree,Braintree,Braintree,Red,0.592,3,[2060194 2060200 2060228],698800.0,0.86,812558.1395348838,0.86,5210.714285714285,3032.5,0.47550147977638935,78818.0,0.0,0.0,59.8,9,False,False,False,False,False,False,False,,,,ok
5999,1171,Braintree #6,BRA-6,Braintree,Braintree,Braintree,Red,0.5232,1,[2060116],289200.0,0.46,628695.652173913,0.46,5210.714285714285,3032.5,0.47550147977638935,78818.0,0.0,0.0,24.9,9,False,False,False,False,False,False,False,,,,ok
5992,1157,Braintree #7,BRA-7,Braintree,Braintree,Braintree,Red,0.605,0,2060165,476700.0,0.4,1191750.0,0.4,5210.714285714285,3032.5,0.47550147977638935,78818.0,0.0,0.0,49.8,9,False,False,True,False,False,False,False,,,nparcels_zero_meaning_unknown,unknown
5967,1172,Braintree #8,BRA-8,Braintree,Braintree,Braintree,Red,0.6887,5,[2060348 2060354 2060359 2060373 2060386],501100.0,0.31,1616451.612903226,0.31,5210.714285714285,3032.5,0.47550147977638935,78818.0,0.0,0.0,22.5,9,False,False,False,False,False,False,False,,,,ok
5991,1183,Braintree #9,BRA-9,Braintree,Braintree,Braintree,Red,0.5713,1,[2060166],164200.0,0.25,656800.0,0.25,5210.714285714285,3032.5,0.47550147977638935,78818.0,0.0,0.0,7.6,9,False,False,False,False,False,False,False,,,,ok
8476,330,Brookline Hills #1,BRH-1,Brookline,Brookline Hills,Brookline Hills,Green,0.4128,1,[2069033],1875600.0,0.75,2500800.0,0.75,507.85714285714283,365.0,0.536283185840708,544621.0,0.0,0.0,93.7,5,False,False,False,False,False,False,False,,,,ok
8399,328,Brookline Hills #2,BRH-2,Brookline,Brookline Hills,Brookline Hills,Green,0.128,1,[2067866],1924900.0,0.62,3104677.419354839,0.62,507.85714285714283,365.0,0.536283185840708,617706.0,0.0,0.0,93.9,5,False,False,False,False,False,False,False,,,,ok
8383,336,Brookline Hills #3,BRH-3,Brookline,Brookline Hills,Brookline Hills,Green,0.1863,2,[2067735 2067741],1164900.0,0.54,2157222.222222222,0.54,507.85714285714283,365.0,0.536283185840708,560637.0,0.0,0.0,90.1,5,False,False,False,False,False,False,False,,,,ok
8487,324,Brookline Hills #4,BRH-4,Brookline,Brookline Hills,Brookline Hills,Green,0.5053,1,[2069199],1755000.0,0.48,3656250.0,0.48,507.85714285714283,365.0,0.536283185840708,544621.0,0.0,0.0,95.4,5,False,False,False,False,False,False,False,,,,ok
8411,347,Brookline Hills #5,BRH-5,Brookline,Brookline Hills,Brookline Hills,Green,0.2347,1,[2067889],528100.0,0.46,1148043.4782608696,0.46,507.85714285714283,365.0,0.536283185840708,620767.0,0.0,0.0,80.5,5,False,False,False,False,False,False,False,,,,ok
8452,317,Brookline Village #1,BRV-1,Brookline,Brookline Village,Brookline Village,Green,0.0951,1,[2068490],5853200.0,1.31,4468091.603053435,1.31,999.4285714285714,768.0,0.5009157509157509,673768.0,0.0,0.0,98.5,5,False,False,False,False,False,False,False,,,,ok
8527,309,Brookline Village #2,BRV-2,Brookline,Brookline Village,Brookline Village,Green,0.5362,1,[2069811],2906000.0,0.99,2935353.5353535353,0.99,999.4285714285714,768.0,0.5009157509157509,600323.0,0.0,0.0,99.5,5,False,False,False,False,False,False,False,,,,ok
8466,314,Brookline Village #3,BRV-3,Brookline,Brookline Village,Brookline Village,Green,0.2256,5,[2068650 2068653 2068670 2068706 2068816],6754000.0,0.94,7185106.382978723,0.94,999.4285714285714,768.0,0.5009157509157509,544621.0,0.0,0.0,98.9,5,False,False,False,False,False,False,False,,,,ok
8486,340,Brookline Village #4,BRV-4,Brookline,Brookline Village,Brookline Village,Green,0.3757,1,[2069190],2311700.0,0.37,6247837.837837838,0.37,999.4285714285714,768.0,0.5009157509157509,544621.0,0.0,0.0,87.6,5,False,False,False,False,False,False,False,,,,ok
8419,342,Brookline Village #5,BRV-5,Brookline,Brookline Village,Brookline Village,Green,0.1656,1,[2068150],1017200.0,0.28,3632857.1428571427,0.28,999.4285714285714,768.0,0.5009157509157509,560637.0,0.0,0.0,85.2,5,False,False,False,False,False,False,False,,,,ok
9289,84,Central #1,CEN-1,Cambridge,Central,Central,Red,0.3476,1,[2082061],1018800.0,0.61,1670163.9344262294,0.61,19337.0,15784.5,0.49156951536756915,803175.0,0.0,0.0,97.4,7,True,True,False,False,False,False,False,,,,ok
9206,83,Central #2,CEN-2,Cambridge,Central,Central,Red,0.0368,1,[2083114],2232500.0,0.5,4465000.0,0.5,19337.0,15784.5,0.49156951536756915,849654.0,0.0,0.0,97.5,7,False,True,False,False,False,False,False,,,,ok
9179,86,Central #3,CEN-3,Cambridge,Central,Central,Red,0.1565,4,[2083324 2083345 2083349 2083364],3039500.0,0.45,6754444.444444444,0.45,19337.0,15784.5,0.49156951536756915,809223.0,0.0,0.0,96.9,7,False,False,False,False,False,False,False,,,,ok
9168,92,Central #4,CEN-4,Cambridge,Central,Central,Red,0.2225,2,[2083422 2083456],1529300.0,0.41,3730000.0,0.41,19337.0,15784.5,0.49156951536756915,809223.0,0.0,0.0,94.9,7,False,True,False,False,False,False,False,,,,ok
9237,103,Central #5,CEN-5,Cambridge,Central,Central,Red,0.1117,1,[2082806],955200.0,0.36,2653333.3333333335,0.36,19337.0,15784.5,0.49156951536756915,821261.0,0.0,0.0,89.1,7,False,True,False,False,False,False,False,,,,ok
9208,91,Central #6,CEN-6,Cambridge,Central,Central,Red,0.111,1,[2083101],2459200.0,0.31,7932903.225806451,0.31,19337.0,15784.5,0.49156951536756915,821261.0,0.0,0.0,94.8,7,False,False,False,False,False,False,False,,,,ok
9239,99,Central #7,CEN-7,Cambridge,Central,Central,Red,0.2068,1,[2082802],1468300.0,0.26,5647307.692307692,0.26,19337.0,15784.5,0.49156951536756915,849243.0,0.0,0.0,91.4,7,False,False,False,False,False,False,False,,,,ok
8298,471,Chestnut Hill #1,CHE-1,Newton,Chestnut Hill,Chestnut Hill,Green,0.571,2,[504048 519584],28219300.0,14.93,1890107.1667782988,13.93,568.0,433.0,0.5273311897106109,121705.0,6.7,0.0,94.6,4,True,True,False,False,False,False,False,,,,ok
8281,329,Chestnut Hill #2,CHE-2,Brookline,Chestnut Hill,Chestnut Hill,Green,0.3668,1,[2066518],3257900.0,0.85,3832823.529411765,0.85,568.0,433.0,0.5273311897106109,133759.0,0.0,0.0,93.7,4,False,False,False,False,False,False,False,,,,ok
8255,348,Chestnut Hill #3,CHE-3,Brookline,Chestnut Hill,Chestnut Hill,Green,0.45,1,[2066455],2619500.0,0.45,5821111.111111111,0.45,568.0,433.0,0.5273311897106109,133759.0,0.0,0.0,79.3,4,False,False,False,False,False,False,False,,,,ok
8274,349,Chestnut Hill #4,CHE-4,Brookline,Chestnut Hill,Chestnut Hill,Green,0.4236,1,[2066501],1462900.0,0.36,4063611.1111111115,0.36,568.0,433.0,0.5273311897106109,214384.0,0.0,0.0,77.3,4,False,False,False,False,False,False,False,,,,ok
8547,307,Coolidge Corner #1,COO-1,Brookline,Coolidge Corner,Coolidge Corner,Green,0.4638,1,[2070358],3590300.0,2.22,1617252.252252252,1.85,1973.5714285714287,1842.5,0.48815399802566634,600323.0,16.9,0.0,99.9,12,False,True,False,False,False,False,False,,,,ok
8611,344,Coolidge Corner #10,COO-10,Brookline,Coolidge Corner,Coolidge Corner,Green,0.0796,1,[2071144],3392600.0,0.36,9423888.88888889,0.36,1973.5714285714287,1842.5,0.48815399802566634,583332.0,0.0,0.0,83.0,12,False,False,False,False,False,False,False,,,,ok
8600,352,Coolidge Corner #11,COO-11,Brookline,Coolidge Corner,Coolidge Corner,Green,0.1192,1,[2070953],2899300.0,0.3,9664333.333333334,0.3,1973.5714285714287,1842.5,0.48815399802566634,583332.0,0.0,0.0,66.6,12,False,False,False,False,False,False,False,,,,ok
8624,351,Coolidge Corner #12,COO-12,Brookline,Coolidge Corner,Saint Paul Street,Green,0.1287,1,[2071258],3316200.0,0.28,11843571.428571427,0.28,1973.5714285714287,1842.5,0.48815399802566634,632698.0,0.0,0.0,71.7,12,False,False,False,False,False,False,True,,,,ok
8617,318,Coolidge Corner #2,COO-2,Brookline,Coolidge Corner,Coolidge Corner,Green,0.0697,2,[2071184 2071198],7300700.0,1.29,5659457.364341085,1.29,1973.5714285714287,1842.5,0.48815399802566634,632698.0,0.0,0.0,98.2,12,False,False,False,False,False,False,False,,,,ok
8640,311,Coolidge Corner #3,COO-3,Brookline,Coolidge Corner,Coolidge Corner,Green,0.0567,3,[2071337 2071353 2071381],10411700.0,1.22,8534180.327868853,1.22,1973.5714285714287,1842.5,0.48815399802566634,632698.0,0.0,0.0,99.2,12,False,False,False,False,False,False,False,,,,ok
8650,310,Coolidge Corner #4,COO-4,Brookline,Coolidge Corner,Coolidge Corner,Green,0.1716,4,[2071407 2071438 2071455 2071475],8888000.0,0.98,9069387.75510204,0.98,1973.5714285714287,1842.5,0.48815399802566634,632698.0,0.0,0.0,99.1,12,False,False,False,False,False,False,False,,,,ok
8626,331,Coolidge Corner #5,COO-5,Brookline,Coolidge Corner,Coolidge Corner,Green,0.1243,3,[2071196 2071206 2071272],7882900.0,0.89,8857191.011235954,0.89,1973.5714285714287,1842.5,0.48815399802566634,554692.0,0.0,0.0,93.1,12,False,False,False,False,False,False,False,,,,ok
8649,338,Coolidge Corner #6,COO-6,Brookline,Coolidge Corner,Coolidge Corner,Green,0.2414,3,[2071041 2071406 2071428],4924400.0,0.74,6654594.594594595,0.74,1973.5714285714287,1842.5,0.48815399802566634,554692.0,0.0,0.0,89.7,12,False,False,False,False,False,False,False,,,,ok
8657,334,Coolidge Corner #7,COO-7,Brookline,Coolidge Corner,Coolidge Corner,Green,0.2728,1,[2071559],3153800.0,0.48,6570416.666666667,0.48,1973.5714285714287,1842.5,0.48815399802566634,555350.0,0.0,0.0,90.8,12,False,False,False,False,False,False,False,,,,ok
8647,325,Coolidge Corner #8,COO-8,Brookline,Coolidge Corner,Coolidge Corner,Green,0.112,1,[2071433],2892800.0,0.43,6727441.860465117,0.43,1973.5714285714287,1842.5,0.48815399802566634,632698.0,0.0,0.0,94.7,12,False,False,False,False,False,False,False,,,,ok
8593,326,Coolidge Corner #9,COO-9,Brookline,Coolidge Corner,Coolidge Corner,Green,0.173,1,[2070875],3166000.0,0.38,8331578.947368421,0.38,1973.5714285714287,1842.5,0.48815399802566634,583332.0,0.0,0.0,94.4,12,False,False,False,False,False,False,False,,,,ok
10038,11,Davis #1,DAV-1,Somerville,Davis,Davis,Red,0.1928,5,[1244579 1244750 1244854 1245316 1245577],7437100.0,1.1,6760999.999999999,1.1,11228.142857142857,8913.5,0.5234490702649334,707621.0,0.0,0.0,98.4,16,False,True,False,False,False,False,False,,,,ok
10054,31,Davis #10,DAV-10,Somerville,Davis,Davis,Red,0.1207,3,[1240772 1244683 1244701],2910100.0,0.38,7658157.894736842,0.38,11228.142857142857,8913.5,0.5234490702649334,696341.0,0.0,0.0,91.7,16,False,False,False,False,False,False,False,,,,ok
10015,110,Davis #11,DAV-11,Cambridge,Davis,Davis,Red,0.4267,3,[2073868 2073885 2073904],763800.0,0.37,2064324.3243243243,0.37,11228.142857142857,8913.5,0.5234490702649334,653437.0,0.0,0.0,83.1,16,False,False,False,False,False,False,False,,,,ok
10118,42,Davis #12,DAV-12,Somerville,Davis,Davis,Red,0.2671,2,[1240251 1243746],2371500.0,0.29,8177586.206896552,0.29,11228.142857142857,8913.5,0.5234490702649334,665958.0,0.0,0.0,86.6,16,False,False,False,False,False,False,False,,,,ok
10017,109,Davis #13,DAV-13,Cambridge,Davis,Davis,Red,0.4995,1,[2084828],596900.0,0.29,2058275.8620689656,0.29,11228.142857142857,8913.5,0.5234490702649334,593353.0,0.0,0.0,83.2,16,False,False,False,False,False,False,False,,,,ok
10065,55,Davis #14,DAV-14,Somerville,Davis,Davis,Red,0.0156,2,[1244364 1244426],2338400.0,0.29,8063448.27586207,0.29,11228.142857142857,8913.5,0.5234490702649334,735911.0,0.0,0.0,80.1,16,False,False,False,False,False,False,False,,,,ok
10042,45,Davis #15,DAV-15,Somerville,Davis,Davis,Red,0.4441,1,[1240155],1099400.0,0.45,2443111.111111111,0.28,11228.142857142857,8913.5,0.5234490702649334,696341.0,37.4,0.0,85.3,16,False,False,False,False,False,False,False,,,,ok
10060,126,Davis #16,DAV-16,Cambridge,Davis,Davis,Red,0.6041,1,[2073432],575100.0,0.26,2211923.076923077,0.26,11228.142857142857,8913.5,0.5234490702649334,593353.0,0.0,0.0,59.2,16,False,False,False,False,False,False,False,,,,ok
10018,21,Davis #2,DAV-2,Somerville,Davis,Davis,Red,0.2962,3,[1245701 1245790 1245832],4029200.0,0.64,6295625.0,0.64,11228.142857142857,8913.5,0.5234490702649334,707621.0,0.0,0.0,95.7,16,False,True,False,False,False,False,False,,,,ok
10034,25,Davis #3,DAV-3,Somerville,Davis,Davis,Red,0.1602,3,[1244783 1244870 1245349],4079500.0,0.59,6914406.7796610175,0.59,11228.142857142857,8913.5,0.5234490702649334,707621.0,0.0,0.0,94.2,16,False,False,False,False,False,False,False,,,,ok
9975,95,Davis #4,DAV-4,Cambridge,Davis,Davis,Red,0.5564,2,[2074330 2074361],1140200.0,0.51,2235686.274509804,0.51,11228.142857142857,8913.5,0.5234490702649334,610651.0,0.0,0.0,93.6,16,False,False,False,False,False,False,False,,,,ok
10040,22,Davis #5,DAV-5,Somerville,Davis,Davis,Red,0.1574,2,[1240163 1240549],2742200.0,0.49,5596326.530612245,0.49,11228.142857142857,8913.5,0.5234490702649334,707621.0,0.0,0.0,95.4,16,False,False,False,False,False,False,False,,,,ok
10043,39,Davis #6,DAV-6,Somerville,Davis,Davis,Red,0.2482,1,[1240024],2003100.0,0.44,4552500.0,0.44,11228.142857142857,8913.5,0.5234490702649334,672859.0,0.0,0.0,88.6,16,False,False,False,False,False,False,False,,,,ok
10116,112,Davis #7,DAV-7,Cambridge,Davis,Davis,Red,0.7658,2,[2073248 2073304],856700.0,0.44,1947045.4545454546,0.44,11228.142857142857,8913.5,0.5234490702649334,440565.0,0.0,0.0,80.3,16,False,False,False,False,False,False,False,,,,ok
10021,28,Davis #8,DAV-8,Somerville,Davis,Davis,Red,0.2473,2,[1245667 1245715],2910600.0,0.43,6768837.209302326,0.43,11228.142857142857,8913.5,0.5234490702649334,707621.0,0.0,0.0,92.7,16,False,False,False,False,False,False,False,,,,ok
10046,46,Davis #9,DAV-9,Somerville,Davis,Davis,Red,0.111,1,[1242289],4330700.0,0.41,10562682.92682927,0.41,11228.142857142857,8913.5,0.5234490702649334,707621.0,0.0,0.0,84.7,16,False,False,False,False,False,False,False,,,,ok
9475,1,East Somerville #1,EAS-1,Somerville,East Somerville,Washington Street,Green,0.6536,1,[1252601],31775500.0,11.59,2741630.716134599,11.46,457.85714285714283,225.0,0.5063520871143375,702779.0,1.1,0.0,100.0,6,False,True,False,False,False,False,True,,,,ok
9653,15,East Somerville #2,EAS-2,Somerville,East Somerville,Washington Street,Green,0.1633,1,[1251489],1228600.0,0.94,1307021.2765957448,0.94,457.85714285714283,225.0,0.5063520871143375,702779.0,0.0,0.0,97.4,6,False,True,False,False,False,False,True,,,,ok
9588,9,East Somerville #3,EAS-3,Somerville,East Somerville,Washington Street,Green,0.3072,1,[1251875],1613200.0,0.72,2240555.5555555555,0.72,457.85714285714283,225.0,0.5063520871143375,702421.0,0.0,0.0,98.7,6,False,False,False,False,False,False,True,,,,ok
9667,36,East Somerville #4,EAS-4,Somerville,East Somerville,Washington Street,Green,0.1066,1,[1246534],783400.0,0.51,1536078.431372549,0.51,457.85714285714283,225.0,0.5063520871143375,702779.0,0.0,0.0,89.3,6,False,False,False,False,False,False,True,,,,ok
9548,26,East Somerville #5,EAS-5,Somerville,East Somerville,Washington Street,Green,0.3637,1,[1252141],1081500.0,0.32,3379687.5,0.32,457.85714285714283,225.0,0.5063520871143375,702779.0,0.0,0.0,94.1,6,False,False,False,False,False,False,True,,,,ok
9628,61,East Somerville #6,EAS-6,Somerville,East Somerville,Washington Street,Green,0.2737,1,[1251737],925700.0,0.3,3085666.666666667,0.3,457.85714285714283,225.0,0.5063520871143375,702421.0,0.0,0.0,71.8,6,False,False,False,False,False,False,True,,,,ok
8165,473,Eliot #1,ELI-1,Newton,Eliot,Eliot,Green,0.4061,4,[519735 519736 521752 521939],4659800.0,3.82,1219842.9319371728,3.76,344.0,216.5,0.5721518987341773,66445.0,1.5,0.0,93.8,9,False,False,False,False,False,False,False,,,,ok
8128,468,Eliot #2,ELI-2,Newton,Eliot,Eliot,Green,0.7013,7,[522662 525982 525983 525987 525994 525995 525996],7437200.0,3.72,1999247.311827957,3.72,344.0,216.5,0.5721518987341773,90535.0,0.0,0.0,97.6,9,False,False,False,False,False,False,False,,,,ok
8136,494,Eliot #3,ELI-3,Newton,Eliot,Eliot,Green,0.6008,1,[525981],2055900.0,1.33,1545789.4736842103,1.33,344.0,216.5,0.5721518987341773,90535.0,0.0,0.0,74.4,9,False,False,False,False,False,False,False,,,,ok
8102,514,Eliot #4,ELI-4,Newton,Eliot,Eliot,Green,0.7449,2,[523107 523173],3078000.0,2.28,1350000.0,1.27,344.0,216.5,0.5721518987341773,90535.0,44.4,44.4,53.9,9,False,False,False,False,False,False,False,,,,ok
8140,479,Eliot #5,ELI-5,Newton,Eliot,Eliot,Green,0.6572,4,[522403 522535 525992 525993],2570800.0,1.13,2275044.2477876106,1.13,344.0,216.5,0.5721518987341773,90535.0,0.0,0.0,90.2,9,False,False,False,False,False,False,False,,,,ok
8116,483,Eliot #6,ELI-6,Newton,Eliot,Eliot,Green,0.6626,1,[522906],1221300.0,0.92,1327500.0,0.91,344.0,216.5,0.5721518987341773,90535.0,1.2,0.0,87.9,9,False,False,False,False,False,False,False,,,,ok
8115,518,Eliot #7,ELI-7,Newton,Eliot,Eliot,Green,0.7275,4,[522223 522912 522919 522962],2039400.0,0.88,2317500.0,0.67,344.0,216.5,0.5721518987341773,90535.0,23.8,23.8,48.4,9,False,False,False,False,False,False,False,,,,ok
8175,500,Eliot #8,ELI-8,Newton,Eliot,Eliot,Green,0.2152,1,[521665],629700.0,0.39,1614615.3846153845,0.39,344.0,216.5,0.5721518987341773,123828.0,0.0,0.0,69.3,9,False,False,False,False,False,False,False,,,,ok
8169,523,Eliot #9,ELI-9,Newton,Eliot,Newton Highlands,Green,0.5242,1,[521711],562500.0,0.3,1875000.0,0.3,344.0,216.5,0.5721518987341773,66445.0,0.0,0.0,41.7,9,False,False,False,False,False,False,True,,,,ok
9986,6,Gilman Square #1,GIL-1,Somerville,Gilman Square,Gilman Square,Green,0.6417,4,[1242292 1243209 1246858 1246907],2988400.0,2.72,1098676.4705882352,2.72,1544.857142857143,562.0,0.5510835913312694,578332.0,0.0,0.0,99.0,11,False,True,False,False,False,False,False,,,,ok
9867,62,Gilman Square #10,GIL-10,Somerville,Gilman Square,Gilman Square,Green,0.5359,1,[1248915],587900.0,0.29,2027241.379310345,0.29,1544.857142857143,562.0,0.5510835913312694,507699.0,0.0,0.0,70.5,11,False,False,False,False,False,False,False,,,,ok
9850,51,Gilman Square #11,GIL-11,Somerville,Gilman Square,Gilman Square,Green,0.201,1,[1246489],552200.0,0.26,2123846.153846154,0.26,1544.857142857143,562.0,0.5510835913312694,594369.0,0.0,0.0,80.7,11,False,False,False,False,False,False,False,,,,ok
10006,37,Gilman Square #2,GIL-2,Somerville,Gilman Square,Gilman Square,Green,0.6725,1,[1246248],1101600.0,1.27,867401.5748031496,1.27,1544.857142857143,562.0,0.5510835913312694,595520.0,0.0,0.0,89.7,11,False,True,False,False,False,False,False,,,,ok
9989,59,Gilman Square #3,GIL-3,Somerville,Gilman Square,Gilman Square,Green,0.6334,1,[1240353],1351500.0,0.61,2215573.7704918035,0.61,1544.857142857143,562.0,0.5510835913312694,595520.0,0.0,0.0,77.3,11,False,False,False,False,False,False,False,,,,ok
9877,47,Gilman Square #4,GIL-4,Somerville,Gilman Square,Gilman Square,Green,0.5133,2,[1245879 1249010],1645900.0,0.43,3827674.418604651,0.43,1544.857142857143,562.0,0.5510835913312694,507699.0,0.0,0.0,84.8,11,False,False,False,False,False,False,False,,,,ok
9976,65,Gilman Square #5,GIL-5,Somerville,Gilman Square,Gilman Square,Green,0.548,1,[1243329],672800.0,0.42,1601904.761904762,0.42,1544.857142857143,562.0,0.5510835913312694,579709.0,0.0,0.0,68.3,11,False,False,False,False,False,False,False,,,,ok
9872,63,Gilman Square #6,GIL-6,Somerville,Gilman Square,Gilman Square,Green,0.5844,1,[1249108],713800.0,0.41,1740975.6097560977,0.41,1544.857142857143,562.0,0.5510835913312694,504626.0,0.0,0.0,71.3,11,False,False,False,False,False,False,False,,,,ok
9905,38,Gilman Square #7,GIL-7,Somerville,Gilman Square,Gilman Square,Green,0.67,1,[1243543],983700.0,0.32,3074062.5,0.32,1544.857142857143,562.0,0.5510835913312694,648967.0,0.0,0.0,88.5,11,False,False,False,False,False,False,False,,,,ok
9887,71,Gilman Square #8,GIL-8,Somerville,Gilman Square,Gilman Square,Green,0.096,1,[1248706],608800.0,0.3,2029333.3333333335,0.3,1544.857142857143,562.0,0.5510835913312694,516401.0,0.0,0.0,54.5,11,False,False,False,False,False,False,False,,,,ok
9890,58,Gilman Square #9,GIL-9,Somerville,Gilman Square,Gilman Square,Green,0.7583,1,[1245464],565800.0,0.29,1951034.4827586208,0.29,1544.857142857143,562.0,0.5510835913312694,651214.0,0.0,0.0,77.4,11,False,False,False,False,False,False,False,,,,ok
9397,79,Harvard #1,HAR-1,Cambridge,Harvard,Harvard,Red,0.2026,5,[2079904 2079908 2079933 2079959 2080030],17026900.0,0.7,24324142.85714286,0.7,25122.85714285714,23455.0,0.4559519193485847,771194.0,0.0,0.0,99.4,4,True,True,False,False,False,False,False,,,,ok
9441,80,Harvard #2,HAR-2,Cambridge,Harvard,Harvard,Red,0.1251,2,[2079187 2079233],12716900.0,0.6,21194833.333333336,0.6,25122.85714285714,23455.0,0.4559519193485847,765727.0,0.0,0.0,99.3,4,True,True,False,False,False,False,False,,,,ok
9325,85,Harvard #3,HAR-3,Cambridge,Harvard,Central,Red,0.7816,1,[2081316],2793400.0,0.54,5172962.962962963,0.54,25122.85714285714,23455.0,0.4559519193485847,751404.0,0.0,0.0,97.1,4,True,True,False,False,False,False,True,,,,ok
9447,106,Harvard #4,HAR-4,Cambridge,Harvard,Harvard,Red,0.5098,1,[2079132],682300.0,0.32,2132187.5,0.32,25122.85714285714,23455.0,0.4559519193485847,772196.0,0.0,0.0,85.8,4,True,True,False,False,False,False,False,,,,ok
8787,308,Harvard Avenue #1,HAV-1,Brookline,Harvard Avenue,Harvard Avenue,Green,0.2754,1,[2072760],5390200.0,2.54,2122125.9842519686,2.27,1916.142857142857,1534.0,0.42435959400676654,476181.0,10.7,0.0,99.8,2,False,True,False,False,False,False,False,,,,ok
8728,319,Harvard Avenue #2,HAV-2,Brookline,Harvard Avenue,Harvard Avenue,Green,0.4233,2,[2072311 2072452],2769700.0,0.84,3297261.904761905,0.84,1916.142857142857,1534.0,0.42435959400676654,476181.0,0.0,0.0,97.9,2,False,False,False,False,False,False,False,,,,ok
9457,8,Lechmere #1,LEC-1,Somerville,Lechmere,Lechmere,Green,0.5945,2,[1252486 1252510],2983400.0,1.12,2663749.9999999995,1.12,2060.8571428571427,728.0,0.4548959136468774,702779.0,0.0,0.0,98.8,3,False,True,False,False,False,False,False,,,,ok
9298,101,Lechmere #2,LEC-2,Cambridge,Lechmere,Lechmere,Green,0.3588,2,[2081884 2081986],877000.0,0.6,1461666.6666666667,0.6,2060.8571428571427,728.0,0.4548959136468774,757650.0,0.0,0.0,89.2,3,False,True,False,False,False,False,False,,,,ok
9278,96,Lechmere #3,LEC-3,Cambridge,Lechmere,Lechmere,Green,0.451,1,[2084888],894300.0,0.39,2293076.923076923,0.39,2060.8571428571427,728.0,0.4548959136468774,757650.0,0.0,0.0,93.0,3,False,False,False,False,False,False,False,,,,ok
10059,50,Magoun Square #1,MAG-1,Somerville,Magoun Square,Lowell Street,Green,0.3964,6,[1240451 1242256 1244531 1244558 1244620 1244697],1873800.0,0.59,3175932.203389831,0.59,672.8571428571429,322.5,0.5166051660516605,493384.0,0.0,0.0,81.7,3,False,False,False,False,False,False,True,,,,ok
10064,54,Magoun Square #2,MAG-2,Somerville,Magoun Square,Lowell Street,Green,0.3852,4,[1242252 1244393 1244523 1244630],1581900.0,0.56,2824821.428571428,0.56,672.8571428571429,322.5,0.5166051660516605,494333.0,0.0,0.0,81.4,3,False,False,False,False,False,False,True,,,,ok
10031,68,Magoun Square #3,MAG-3,Somerville,Magoun Square,Gilman Square,Green,0.768,3,[1244861 1244915 1245567],1056100.0,0.26,4061923.076923077,0.26,672.8571428571429,322.5,0.5166051660516605,595520.0,0.0,0.0,60.2,3,False,False,False,False,False,False,True,,,,ok
10667,388,Malden Center #1,MAL-1,Malden,Malden Center,Malden Center,Orange,0.3854,2,[1795865 1795897],5970100.0,10.02,595818.3632734531,10.02,13356.142857142857,8474.0,0.481742765693383,431396.0,0.0,0.0,99.1,16,True,True,False,False,False,False,False,,,,ok
10710,405,Malden Center #10,MAL-10,Malden,Malden Center,Malden Center,Orange,0.2424,1,[1796992],311900.0,0.53,588490.5660377358,0.53,13356.142857142857,8474.0,0.481742765693383,523607.0,0.0,0.0,82.1,16,False,True,False,False,False,False,False,,,,ok
10701,412,Malden Center #11,MAL-11,Malden,Malden Center,Malden Center,Orange,0.208,1,[1796634],358600.0,0.47,762978.7234042553,0.47,13356.142857142857,8474.0,0.481742765693383,523607.0,0.0,0.0,73.7,16,False,False,False,False,False,False,False,,,,ok
10696,413,Malden Center #12,MAL-12,Malden,Malden Center,Malden Center,Orange,0.4809,2,[1796484 1796506],523800.0,0.37,1415675.6756756757,0.37,13356.142857142857,8474.0,0.481742765693383,522427.0,0.0,0.0,74.2,16,False,False,False,False,False,False,False,,,,ok
10670,410,Malden Center #13,MAL-13,Malden,Malden Center,Malden Center,Orange,0.6889,1,[1796014],312600.0,0.33,947272.7272727272,0.33,13356.142857142857,8474.0,0.481742765693383,431396.0,0.0,0.0,75.8,16,False,False,False,False,False,False,False,,,,ok
10657,406,Malden Center #14,MAL-14,Malden,Malden Center,Malden Center,Orange,0.2238,1,[1795735],370100.0,0.35,1057428.5714285716,0.3,13356.142857142857,8474.0,0.481742765693383,431396.0,12.3,0.0,80.7,16,False,False,False,False,False,False,False,,,,ok
10676,425,Malden Center #15,MAL-15,Malden,Malden Center,Malden Center,Orange,0.6069,1,[1796139],255100.0,0.28,911071.4285714285,0.28,13356.142857142857,8474.0,0.481742765693383,431396.0,0.0,0.0,58.6,16,False,False,False,False,False,False,False,,,,ok
10618,429,Malden Center #16,MAL-16,Malden,Malden Center,Malden Center,Orange,0.6211,1,[1794994],242200.0,0.27,897037.037037037,0.27,13356.142857142857,8474.0,0.481742765693383,422519.0,0.0,0.0,47.7,16,False,False,False,False,False,False,False,,,,ok
10616,391,Malden Center #2,MAL-2,Malden,Malden Center,Malden Center,Orange,0.551,2,[1794644 1794977],4001600.0,6.85,584175.1824817519,6.06,13356.142857142857,8474.0,0.481742765693383,431396.0,11.6,0.0,95.7,16,True,True,False,False,False,False,False,,,,ok
10664,392,Malden Center #3,MAL-3,Malden,Malden Center,Malden Center,Orange,0.5303,3,[1795646 1795848 1795854],1494000.0,1.95,766153.8461538461,1.95,13356.142857142857,8474.0,0.481742765693383,431396.0,0.0,0.0,94.2,16,False,False,False,False,False,False,False,,,,ok
10665,393,Malden Center #4,MAL-4,Malden,Malden Center,Malden Center,Orange,0.6711,2,[1795830 1795856],948700.0,1.66,571506.0240963856,1.66,13356.142857142857,8474.0,0.481742765693383,431396.0,0.0,0.0,93.0,16,True,True,False,False,False,False,False,,,,ok
10682,389,Malden Center #5,MAL-5,Malden,Malden Center,Malden Center,Orange,0.7461,1,[1796302],810800.0,1.25,648640.0,1.25,13356.142857142857,8474.0,0.481742765693383,431396.0,0.0,0.0,99.1,16,False,False,False,False,False,False,False,,,,ok
10648,398,Malden Center #6,MAL-6,Malden,Malden Center,Malden Center,Orange,0.7049,2,[1795317 1795491],571700.0,0.93,614731.1827956989,0.93,13356.142857142857,8474.0,0.481742765693383,431396.0,0.0,0.0,88.1,16,False,False,False,False,False,False,False,,,,ok
10687,402,Malden Center #7,MAL-7,Malden,Malden Center,Malden Center,Orange,0.3955,2,[1796424 1796435],630400.0,0.7,900571.4285714286,0.7,13356.142857142857,8474.0,0.481742765693383,431396.0,0.0,0.0,84.2,16,False,False,False,False,False,False,False,,,,ok
10692,423,Malden Center #8,MAL-8,Malden,Malden Center,Malden Center,Orange,0.2831,1,[1796474],372200.0,0.64,581562.5,0.64,13356.142857142857,8474.0,0.481742765693383,431396.0,0.0,0.0,63.2,16,False,False,False,False,False,False,False,,,,ok
10691,396,Malden Center #9,MAL-9,Malden,Malden Center,Malden Center,Orange,0.5532,5,[1796409 1796419 1796462 1796470 1803149],1114500.0,0.6,1857500.0,0.6,13356.142857142857,8474.0,0.481742765693383,522427.0,0.0,0.0,89.3,16,False,True,False,False,False,False,False,,,,ok
10364,700,Medford/Tufts #1,MED-1,Medford,Medford/Tufts,College Avenue,Green,0.4406,7,[1188792 1188793 1188794 1188795 1188796 1188797 1188798],1725800.0,1.23,1403089.430894309,1.12,1394.857142857143,417.0,0.44568868980963045,407624.0,8.8,0.0,90.6,3,False,True,False,False,False,False,True,,,,ok
10366,719,Medford/Tufts #2,MED-2,Medford,Medford/Tufts,College Avenue,Green,0.5689,3,[1188752 1188753 1188754],735000.0,0.41,1792682.9268292685,0.41,1394.857142857143,417.0,0.44568868980963045,431232.0,0.0,0.0,65.7,3,False,False,False,False,False,False,True,,,,ok
10316,733,Medford/Tufts #3,MED-3,Medford,Medford/Tufts,College Avenue,Green,0.6189,2,[1189704 1189714],517100.0,0.28,1846785.714285714,0.28,1394.857142857143,417.0,0.44568868980963045,451299.0,0.0,0.0,50.1,3,False,False,False,False,False,False,True,,,,ok
8427,478,Newton Centre #1,NEC-1,Newton,Newton Centre,Newton Centre,Green,0.206,3,[516882 517379 517513],3666800.0,1.46,2511506.8493150687,1.46,571.8571428571429,414.0,0.521259842519685,161995.0,0.0,0.0,91.8,11,False,False,False,False,False,False,False,,,,ok
8500,509,Newton Centre #10,NEC-10,Newton,Newton Centre,Newton Centre,Green,0.7639,1,[516272],836900.0,0.3,2789666.666666667,0.3,571.8571428571429,414.0,0.521259842519685,161995.0,0.0,0.0,58.6,11,False,False,False,False,False,False,False,,,,ok
8394,536,Newton Centre #11,NEC-11,Newton,Newton Centre,Newton Centre,Green,0.2729,1,[516620],800600.0,0.26,3079230.769230769,0.26,571.8571428571429,414.0,0.521259842519685,149233.0,0.0,0.0,30.7,11,False,False,False,False,False,False,False,,,,ok
8385,495,Newton Centre #2,NEC-2,Newton,Newton Centre,Newton Centre,Green,0.0779,3,[503897 517472 517934],2743800.0,0.96,2858125.0,0.96,571.8571428571429,414.0,0.521259842519685,184739.0,0.0,0.0,75.4,11,False,False,False,False,False,False,False,,,,ok
8400,530,Newton Centre #3,NEC-3,Newton,Newton Centre,Newton Centre,Green,0.2341,1,[517643],1736200.0,0.74,2346216.2162162163,0.74,571.8571428571429,414.0,0.521259842519685,107241.0,0.0,0.0,37.1,11,False,False,False,False,False,False,False,,,,ok
8379,501,Newton Centre #4,NEC-4,Newton,Newton Centre,Newton Centre,Green,0.1556,1,[506052],1367000.0,0.62,2204838.709677419,0.62,571.8571428571429,414.0,0.521259842519685,184739.0,0.0,0.0,68.3,11,False,False,False,False,False,False,False,,,,ok
8407,504,Newton Centre #5,NEC-5,Newton,Newton Centre,Newton Centre,Green,0.1573,3,[517003 517585 517624],1708800.0,0.53,3224150.943396226,0.53,571.8571428571429,414.0,0.521259842519685,161995.0,0.0,0.0,62.2,11,False,False,False,False,False,False,False,,,,ok
8410,513,Newton Centre #6,NEC-6,Newton,Newton Centre,Newton Centre,Green,0.2576,6,[505004 506054 517000 517623 517740 517762],2403500.0,0.51,4712745.098039215,0.51,571.8571428571429,414.0,0.521259842519685,149233.0,0.0,0.0,53.0,11,False,False,False,False,False,False,False,,,,ok
8388,506,Newton Centre #7,NEC-7,Newton,Newton Centre,Newton Centre,Green,0.07,2,[503900 517894],1510800.0,0.48,3147500.0,0.48,571.8571428571429,414.0,0.521259842519685,184739.0,0.0,0.0,60.0,11,False,False,False,False,False,False,False,,,,ok
8418,521,Newton Centre #8,NEC-8,Newton,Newton Centre,Newton Centre,Green,0.3001,1,[517450],1282200.0,0.46,2787391.304347826,0.46,571.8571428571429,414.0,0.521259842519685,149233.0,0.0,0.0,46.3,11,False,False,False,False,False,False,False,,,,ok
8408,511,Newton Centre #9,NEC-9,Newton,Newton Centre,Newton Centre,Green,0.192,2,[517577 517613],1037900.0,0.31,3348064.5161290322,0.31,571.8571428571429,414.0,0.521259842519685,161995.0,0.0,0.0,55.6,11,False,False,False,False,False,False,False,,,,ok
8159,496,Newton Highlands #1,NEH-1,Newton,Newton Highlands,Newton Highlands,Green,0.5585,3,[521913 521949 521962],2508100.0,1.23,2039105.6910569107,1.13,477.57142857142856,266.5,0.5533807829181495,90535.0,8.0,0.0,73.6,7,False,False,False,False,False,False,False,,,,ok
8205,486,Newton Highlands #2,NEH-2,Newton,Newton Highlands,Newton Highlands,Green,0.2251,2,[521143 521177],1524200.0,0.91,1674945.054945055,0.91,477.57142857142856,266.5,0.5533807829181495,244733.0,0.0,0.0,85.4,7,False,False,False,False,False,False,False,,,,ok
8229,499,Newton Highlands #3,NEH-3,Newton,Newton Highlands,Newton Highlands,Green,0.1786,2,[520086 520177],2193900.0,0.85,2581058.823529412,0.85,477.57142857142856,266.5,0.5533807829181495,150122.0,0.0,0.0,68.9,7,False,False,False,False,False,False,False,,,,ok
8214,528,Newton Highlands #4,NEH-4,Newton,Newton Highlands,Newton Highlands,Green,0.1897,2,[505120 520166],804600.0,0.4,2011500.0,0.4,477.57142857142856,266.5,0.5533807829181495,244733.0,2.0,0.0,39.9,7,False,False,False,False,False,False,False,,,,ok
8143,510,Newton Highlands #5,NEH-5,Newton,Newton Highlands,Newton Highlands,Green,0.6953,2,[522173 522174],933600.0,0.37,2523243.243243243,0.37,477.57142857142856,266.5,0.5533807829181495,90535.0,0.0,0.0,59.3,7,False,False,False,False,False,False,False,,,,ok
8213,532,Newton Highlands #6,NEH-6,Newton,Newton Highlands,Newton Highlands,Green,0.1459,1,[520162],505900.0,0.28,1806785.714285714,0.28,477.57142857142856,266.5,0.5533807829181495,244733.0,0.0,0.0,34.6,7,False,False,False,False,False,False,False,,,,ok
8217,534,Newton Highlands #7,NEH-7,Newton,Newton Highlands,Newton Highlands,Green,0.1411,1,[520863],481700.0,0.26,1852692.3076923075,0.25,477.57142857142856,266.5,0.5533807829181495,244733.0,2.1,0.0,31.5,7,False,False,False,False,False,False,False,,,,ok
7487,845,North Quincy #1,NOR-1,Quincy,North Quincy,North Quincy,Red,0.3064,2,[634361 634364],1565700.0,2.34,669102.5641025641,2.34,7065.142857142857,4083.0,0.5035117461855171,385177.0,0.0,0.0,85.6,10,False,False,False,False,False,False,False,,,,ok
7360,903,North Quincy #10,NOR-10,Quincy,North Quincy,North Quincy,Red,0.5013,3,[634198 634199 634200],708800.0,0.33,2147878.7878787876,0.33,7065.142857142857,4083.0,0.5035117461855171,381308.0,0.0,0.0,49.9,10,False,False,False,False,False,False,False,,,,ok
7529,850,North Quincy #2,NOR-2,Quincy,North Quincy,North Quincy,Red,0.6784,2,[637582 637588],884300.0,1.87,472887.7005347593,1.47,7065.142857142857,4083.0,0.5035117461855171,199950.0,21.1,20.3,82.6,10,True,True,False,False,False,False,False,,,,ok
7424,842,North Quincy #3,NOR-3,Quincy,North Quincy,North Quincy,Red,0.238,1,[634276],583000.0,0.98,594897.9591836735,0.96,7065.142857142857,4083.0,0.5035117461855171,385177.0,1.9,0.0,87.3,10,False,False,False,False,False,False,False,,,,ok
7338,880,North Quincy #4,NOR-4,Quincy,North Quincy,North Quincy,Red,0.5206,2,[633349 633359],597900.0,0.76,786710.5263157894,0.76,7065.142857142857,4083.0,0.5035117461855171,268434.0,0.0,0.0,64.6,10,False,False,False,False,False,False,False,,,,ok
7340,848,North Quincy #5,NOR-5,Quincy,North Quincy,North Quincy,Red,0.4264,3,[634282 634283 634299],970100.0,0.68,1426617.6470588234,0.68,7065.142857142857,4083.0,0.5035117461855171,381308.0,0.0,0.0,82.9,10,False,False,False,False,False,False,False,,,,ok
7346,870,North Quincy #6,NOR-6,Quincy,North Quincy,North Quincy,Red,0.4566,3,[634205 634209 634210],859100.0,0.61,1408360.655737705,0.61,7065.142857142857,4083.0,0.5035117461855171,381308.0,0.0,0.0,71.1,10,False,False,False,False,False,False,False,,,,ok
7310,869,North Quincy #7,NOR-7,Quincy,North Quincy,North Quincy,Red,0.4534,1,[636091],416900.0,0.51,817450.9803921569,0.4,7065.142857142857,4083.0,0.5035117461855171,320797.0,19.9,19.9,72.9,10,False,False,False,False,False,False,False,,,,ok
7329,878,North Quincy #8,NOR-8,Quincy,North Quincy,North Quincy,Red,0.4883,3,[633325 633328 633333],820000.0,0.36,2277777.777777778,0.36,7065.142857142857,4083.0,0.5035117461855171,381308.0,0.0,0.0,66.2,10,False,False,False,False,False,False,False,,,,ok
7241,888,North Quincy #9,NOR-9,Quincy,North Quincy,North Quincy,Red,0.7409,1,[636518],242400.0,0.36,673333.3333333334,0.36,7065.142857142857,4083.0,0.5035117461855171,320797.0,0.0,0.0,59.6,10,False,False,False,False,False,False,False,,,,ok
10779,403,Oak Grove #1,OAK-1,Malden,Oak Grove,Oak Grove,Orange,0.4281,2,[1799656 1799814],478900.0,0.5,957800.0,0.5,7995.285714285715,4891.0,0.5575403269459781,403997.0,0.0,0.0,83.4,2,False,False,False,False,False,False,False,,,,ok
10771,404,Oak Grove #2,OAK-2,Malden,Oak Grove,Oak Grove,Orange,0.4992,1,[1799310],302800.0,0.48,630833.3333333334,0.48,7995.285714285715,4891.0,0.5575403269459781,403997.0,0.0,0.0,81.9,2,False,False,False,False,False,False,False,,,,ok
9921,74,Porter #1,POR-1,Cambridge,Porter,Porter,Red,0.1457,1,[2086091],23087300.0,5.18,4457007.722007723,5.18,9779.714285714286,7829.0,0.5170454545454546,707974.0,0.0,0.0,100.0,12,False,True,False,False,False,False,False,,,,ok
9957,120,Porter #10,POR-10,Cambridge,Porter,Porter,Red,0.5167,2,[2074496 2074525],562200.0,0.29,1938620.6896551726,0.29,9779.714285714286,7829.0,0.5170454545454546,610651.0,0.0,0.0,69.7,12,False,False,False,False,False,False,False,,,,ok
9704,121,Porter #11,POR-11,Cambridge,Porter,Porter,Red,0.7096,2,[2076695 2076740],1067200.0,0.29,3680000.0000000005,0.29,9779.714285714286,7829.0,0.5170454545454546,678386.0,0.0,0.0,68.7,12,False,False,False,False,False,False,False,,,,ok
9784,122,Porter #12,POR-12,Cambridge,Porter,Porter,Red,0.4235,1,[2075785],1046600.0,0.29,3608965.5172413797,0.29,9779.714285714286,7829.0,0.5170454545454546,678386.0,0.0,0.0,67.1,12,False,False,False,False,False,False,False,,,,ok
9766,5,Porter #2,POR-2,Somerville,Porter,Porter,Red,0.8025,1,[1250640],2618400.0,2.07,1264927.5362318843,2.07,9779.714285714286,7829.0,0.5170454545454546,604928.0,0.0,0.0,99.5,12,False,True,False,False,False,False,False,,,,ok
9768,88,Porter #3,POR-3,Cambridge,Porter,Porter,Red,0.5051,2,[2075960 2076157],2598700.0,0.74,3511756.756756757,0.74,9779.714285714286,7829.0,0.5170454545454546,678386.0,0.0,0.0,95.9,12,False,True,False,False,False,False,False,,,,ok
9817,29,Porter #4,POR-4,Somerville,Porter,Porter,Red,0.4597,1,[1249629],1111800.0,0.45,2470666.6666666665,0.45,9779.714285714286,7829.0,0.5170454545454546,702868.0,0.0,0.0,92.3,12,False,False,False,False,False,False,False,,,,ok
9808,114,Porter #5,POR-5,Cambridge,Porter,Porter,Red,0.2697,1,[2075377],1366900.0,0.37,3694324.3243243243,0.37,9779.714285714286,7829.0,0.5170454545454546,734064.0,0.0,0.0,78.4,12,False,False,False,False,False,False,False,,,,ok
9895,102,Porter #6,POR-6,Cambridge,Porter,Porter,Red,0.1546,1,[2074900],1214200.0,0.33,3679393.9393939395,0.33,9779.714285714286,7829.0,0.5170454545454546,739444.0,0.0,0.0,89.4,12,False,False,False,False,False,False,False,,,,ok
9919,117,Porter #7,POR-7,Cambridge,Porter,Porter,Red,0.237,1,[2074713],1144500.0,0.32,3576562.5,0.32,9779.714285714286,7829.0,0.5170454545454546,739444.0,0.0,0.0,75.6,12,False,False,False,False,False,False,False,,,,ok
9706,104,Porter #8,POR-8,Cambridge,Porter,Porter,Red,0.696,1,[2076683],1589200.0,0.3,5297333.333333334,0.3,9779.714285714286,7829.0,0.5170454545454546,682614.0,0.0,0.0,87.1,12,False,False,False,False,False,False,False,,,,ok
9862,107,Porter #9,POR-9,Cambridge,Porter,Porter,Red,0.0746,1,[2075061],909200.0,0.3,3030666.666666667,0.3,9779.714285714286,7829.0,0.5170454545454546,734064.0,0.0,0.0,85.7,12,False,False,False,False,False,False,False,,,,ok
6474,911,Quincy Adams #1,QUA-1,Quincy,Quincy Adams,Quincy Adams,Red,0.6727,1,[624943],315000.0,0.94,335106.38297872344,0.94,3705.1428571428573,2100.5,0.49873475960432484,96126.0,0.0,0.0,44.7,3,True,True,False,False,False,False,False,,,,ok
6472,875,Quincy Adams #2,QUA-2,Quincy,Quincy Adams,Quincy Adams,Red,0.6253,2,[625038 625039],488100.0,0.7,697285.7142857143,0.7,3705.1428571428573,2100.5,0.49873475960432484,129609.0,0.0,0.0,68.1,3,False,False,False,False,False,False,False,,,,ok
6465,919,Quincy Adams #3,QUA-3,Quincy,Quincy Adams,Quincy Adams,Red,0.6921,1,[625800],212400.0,0.26,816923.0769230769,0.26,3705.1428571428573,2100.5,0.49873475960432484,94671.0,0.0,0.0,38.5,3,False,False,False,False,False,False,False,,,,ok
6760,835,Quincy Center #1,QUC-1,Quincy,Quincy Center,Quincy Center,Red,0.5686,2,[621246 621247],3273400.0,5.13,638089.6686159844,5.13,7972.285714285715,5115.5,0.4712013165112452,245645.0,0.0,0.0,93.2,14,True,True,False,False,False,False,False,,,,ok
6710,854,Quincy Center #10,QUC-10,Quincy,Quincy Center,Quincy Center,Red,0.7632,1,[620788],759900.0,0.78,974230.7692307692,0.61,7972.285714285715,5115.5,0.4712013165112452,245645.0,21.3,0.0,81.5,14,False,False,False,False,False,False,False,,,,ok
6857,872,Quincy Center #11,QUC-11,Quincy,Quincy Center,Quincy Center,Red,0.0936,1,[621049],783600.0,0.57,1374736.8421052634,0.57,7972.285714285715,5115.5,0.4712013165112452,332219.0,0.0,0.0,70.2,14,False,False,False,False,False,False,False,,,,ok
6886,837,Quincy Center #12,QUC-12,Quincy,Quincy Center,Quincy Center,Red,0.1946,1,[620856],765700.0,0.52,1472500.0,0.52,7972.285714285715,5115.5,0.4712013165112452,332219.0,0.0,0.0,92.1,14,False,False,False,False,False,False,False,,,,ok
6762,887,Quincy Center #13,QUC-13,Quincy,Quincy Center,Quincy Center,Red,0.5198,1,[621040],499500.0,0.47,1062765.9574468085,0.45,7972.285714285715,5115.5,0.4712013165112452,245645.0,6.0,0.0,62.1,14,False,False,False,False,False,False,False,,,,ok
6781,894,Quincy Center #14,QUC-14,Quincy,Quincy Center,Quincy Center,Red,0.4886,3,[637808 637809 637812],1135600.0,0.28,4055714.2857142854,0.28,7972.285714285715,5115.5,0.4712013165112452,245645.0,0.0,0.0,57.4,14,False,False,False,False,False,False,False,,,,ok
6730,833,Quincy Center #2,QUC-2,Quincy,Quincy Center,Quincy Center,Red,0.7855,3,[637815 637816 637817],1719800.0,1.33,1293082.7067669171,1.27,7972.285714285715,5115.5,0.4712013165112452,245645.0,4.3,0.0,96.1,14,False,False,False,False,False,False,False,,,,ok
6782,838,Quincy Center #3,QUC-3,Quincy,Quincy Center,Quincy Center,Red,0.4634,4,[620793 620794 620796 620799],2049900.0,1.11,1846756.7567567567,1.11,7972.285714285715,5115.5,0.4712013165112452,245645.0,0.0,0.0,90.2,14,False,False,False,False,False,False,False,,,,ok
6771,834,Quincy Center #4,QUC-4,Quincy,Quincy Center,Quincy Center,Red,0.431,2,[621279 621316],723200.0,0.84,860952.380952381,0.83,7972.285714285715,5115.5,0.4712013165112452,247507.0,1.3,0.0,95.8,14,False,True,False,False,False,False,False,,,,ok
6736,862,Quincy Center #5,QUC-5,Quincy,Quincy Center,Quincy Center,Red,0.6452,1,[620798],557700.0,0.78,715000.0,0.78,7972.285714285715,5115.5,0.4712013165112452,245645.0,0.0,0.0,77.6,14,False,False,False,False,False,False,False,,,,ok
6758,855,Quincy Center #6,QUC-6,Quincy,Quincy Center,Quincy Center,Red,0.6396,6,[621019 621020 621021 621022 621024 621026],2047300.0,0.73,2804520.5479452056,0.73,7972.285714285715,5115.5,0.4712013165112452,245645.0,0.0,0.0,81.2,14,False,False,False,True,False,False,False,6766 (Quincy Center #8),,parcel_id_also_in_another_site,check
6729,856,Quincy Center #7,QUC-7,Quincy,Quincy Center,Quincy Center,Red,0.648,1,[621221],483200.0,0.65,743384.6153846154,0.65,7972.285714285715,5115.5,0.4712013165112452,245645.0,0.0,0.0,78.9,14,False,False,False,False,False,False,False,,,,ok
6766,836,Quincy Center #8,QUC-8,Quincy,Quincy Center,Quincy Center,Red,0.5785,0,621026,432800.0,0.62,698064.5161290322,0.62,7972.285714285715,5115.5,0.4712013165112452,245645.0,0.0,0.0,92.1,14,False,False,True,True,False,False,False,6758 (Quincy Center #6),,nparcels_zero_meaning_unknown;parcel_id_also_in_another_site,unknown
6755,852,Quincy Center #9,QUC-9,Quincy,Quincy Center,Quincy Center,Red,0.4918,1,[621278],384000.0,0.62,619354.8387096775,0.62,7972.285714285715,5115.5,0.4712013165112452,103011.0,0.0,0.0,81.0,14,False,False,False,False,False,False,False,,,,ok
10369,782,Revere Beach #1,REV-1,Revere,Revere Beach,Revere Beach,Blue,0.7057,1,[663613],3788200.0,5.03,753121.2723658051,4.94,5289.285714285715,3835.0,0.3830693237949242,314846.0,1.8,0.8,95.0,7,True,True,False,False,False,False,False,,,,ok
10358,789,Revere Beach #2,REV-2,Revere,Revere Beach,Revere Beach,Blue,0.6158,1,[659023],523900.0,0.62,845000.0,0.62,5289.285714285715,3835.0,0.3830693237949242,482051.0,0.0,0.0,88.8,7,False,True,False,False,False,False,False,,,,ok
10273,802,Revere Beach #3,REV-3,Revere,Revere Beach,Revere Beach,Blue,0.0849,3,[659217 659555 659601],469200.0,0.43,1091162.7906976745,0.43,5289.285714285715,3835.0,0.3830693237949242,514784.0,0.0,0.0,62.8,7,False,True,False,False,False,False,False,,,,ok
10326,797,Revere Beach #4,REV-4,Revere,Revere Beach,Revere Beach,Blue,0.6114,1,[660185],424400.0,0.35,1212571.4285714286,0.35,5289.285714285715,3835.0,0.3830693237949242,507841.0,0.0,0.0,69.8,7,False,False,False,False,False,False,False,,,,ok
10281,805,Revere Beach #5,REV-5,Revere,Revere Beach,Revere Beach,Blue,0.1875,2,[659646 659657],318400.0,0.3,1061333.3333333335,0.3,5289.285714285715,3835.0,0.3830693237949242,514784.0,0.0,0.0,49.9,7,False,True,False,False,False,False,False,,,,ok
10262,806,Revere Beach #6,REV-6,Revere,Revere Beach,Revere Beach,Blue,0.1365,3,[663215 663217 663218],757200.0,0.42,1802857.142857143,0.28,5289.285714285715,3835.0,0.3830693237949242,399857.0,33.9,25.6,49.6,7,False,False,False,False,False,False,False,,,,ok
10285,808,Revere Beach #7,REV-7,Revere,Revere Beach,Revere Beach,Blue,0.331,2,[658913 658919],314000.0,0.28,1121428.5714285714,0.28,5289.285714285715,3835.0,0.3830693237949242,514784.0,0.0,0.0,48.0,7,False,False,False,False,False,False,False,,,,ok
8704,316,Saint Mary's Street #1,SAI-1,Brookline,Saint Mary's Street,Saint Marys Street,Green,0.0769,3,[2072213 2072219 2072239],3651300.0,0.83,4399156.626506024,0.83,822.7142857142857,729.5,0.4697674418604651,733121.0,0.0,0.0,98.6,3,False,True,False,False,False,False,True,,,,ok
8708,322,Saint Mary's Street #2,SAI-2,Brookline,Saint Mary's Street,Saint Marys Street,Green,0.0527,1,[2072268],3266300.0,0.57,5730350.877192983,0.57,822.7142857142857,729.5,0.4697674418604651,733121.0,0.0,0.0,97.0,3,False,False,False,False,False,False,True,,,,ok
8685,332,Saint Mary's Street #3,SAI-3,Brookline,Saint Mary's Street,Saint Marys Street,Green,0.0482,2,[2072031 2072086],2005300.0,0.33,6076666.666666666,0.33,822.7142857142857,729.5,0.4697674418604651,737088.0,0.0,0.0,91.6,3,False,False,False,False,False,False,True,,,,ok
9863,32,Sullivan Square #1,SUL-1,Somerville,Sullivan Square,Sullivan Square,Orange,0.749,1,[1243581],801200.0,0.66,1213939.3939393938,0.66,8268.57142857143,5782.5,0.44920652056569144,704348.0,0.0,0.0,92.0,5,True,True,False,False,False,False,False,,,,ok
9810,40,Sullivan Square #2,SUL-2,Somerville,Sullivan Square,Sullivan Square,Orange,0.237,2,[1249684 1249732],1686900.0,0.57,2959473.6842105268,0.57,8268.57142857143,5782.5,0.44920652056569144,771434.0,0.0,0.0,87.2,5,False,True,False,False,False,False,False,,,,ok
9818,67,Sullivan Square #3,SUL-3,Somerville,Sullivan Square,Sullivan Square,Orange,0.3172,1,[1245254],619500.0,0.31,1998387.0967741935,0.31,8268.57142857143,5782.5,0.44920652056569144,771434.0,0.0,0.0,61.9,5,False,True,False,False,False,False,False,,,,ok
9842,56,Sullivan Square #4,SUL-4,Somerville,Sullivan Square,Sullivan Square,Orange,0.5346,3,[1239827 1249516 1249543],914300.0,0.28,3265357.1428571427,0.28,8268.57142857143,5782.5,0.44920652056569144,741001.0,0.0,0.0,79.9,5,False,False,False,False,False,False,False,,,,ok
9845,66,Sullivan Square #5,SUL-5,Somerville,Sullivan Square,Sullivan Square,Orange,0.5834,1,[1241387],1075700.0,0.26,4137307.692307692,0.26,8268.57142857143,5782.5,0.44920652056569144,704348.0,0.0,0.0,65.4,5,False,False,False,False,False,False,False,,,,ok
8672,327,Summit Avenue #1,SUM-1,Brookline,Summit Avenue,Summit Ave/Winchester St,Green,0.4708,4,[2071742 2071766 2071812 2071887],3531700.0,0.45,7848222.222222222,0.45,594.1428571428571,444.5,0.5519877675840978,554692.0,0.0,0.0,94.4,4,False,False,False,False,False,False,True,,,,ok
8596,333,Summit Avenue #2,SUM-2,Brookline,Summit Avenue,Summit Ave/Winchester St,Green,0.0915,1,[2070925],2957600.0,0.36,8215555.555555556,0.36,594.1428571428571,444.5,0.5519877675840978,539350.0,0.0,0.0,91.2,4,False,False,False,False,False,False,True,,,,ok
8680,337,Summit Avenue #3,SUM-3,Brookline,Summit Avenue,Summit Ave/Winchester St,Green,0.5192,2,[2071949 2072011],1944200.0,0.32,6075625.0,0.32,594.1428571428571,444.5,0.5519877675840978,555350.0,0.0,0.0,90.1,4,False,False,False,False,False,False,True,,,,ok
8598,343,Summit Avenue #4,SUM-4,Brookline,Summit Avenue,Summit Ave/Winchester St,Green,0.0965,2,[2070906 2070942],2107400.0,0.28,7526428.571428571,0.25,594.1428571428571,444.5,0.5519877675840978,506374.0,8.6,0.0,85.1,4,False,False,False,False,False,False,True,,,,ok
8539,313,Tappan Street #1,TAP-1,Brookline,Tappan Street,Tappan Street,Green,0.1139,1,[2070186],3028600.0,1.15,2633565.2173913047,1.15,539.0,414.0,0.5398981324278438,510070.0,0.0,0.0,99.0,2,False,False,False,False,False,False,False,,,,ok
8555,345,Tappan Street #2,TAP-2,Brookline,Tappan Street,Tappan Street,Green,0.0432,1,[2069535],1476700.0,0.26,5679615.384615384,0.26,539.0,414.0,0.5398981324278438,442993.0,0.0,0.0,82.3,2,False,False,False,False,False,False,False,,,,ok
9577,2,Union Square #1,UNI-1,Somerville,Union Square,Washington Street,Green,0.3258,1,[1252026],7341100.0,7.69,954629.3888166449,7.69,769.5714285714286,533.5,0.5254629629629629,702421.0,0.0,0.0,99.8,20,False,True,False,False,False,False,True,,,,ok
9608,24,Union Square #10,UNI-10,Somerville,Union Square,Union Square,Green,0.1983,2,[1251816 1251827],1428400.0,0.42,3400952.380952381,0.42,769.5714285714286,533.5,0.5254629629629629,702421.0,0.0,0.0,94.6,20,False,False,False,False,False,False,False,,,,ok
9640,30,Union Square #11,UNI-11,Somerville,Union Square,Union Square,Green,0.3061,2,[1247769 1251724],1422300.0,0.41,3469024.390243903,0.41,769.5714285714286,533.5,0.5254629629629629,679229.0,0.0,0.0,92.1,20,False,False,False,False,False,False,False,,,,ok
9639,48,Union Square #12,UNI-12,Somerville,Union Square,Union Square,Green,0.378,2,[1247781 1251622],1299200.0,0.36,3608888.888888889,0.36,769.5714285714286,533.5,0.5254629629629629,619365.0,0.0,0.0,85.0,20,False,False,False,False,False,False,False,,,,ok
9406,108,Union Square #13,UNI-13,Cambridge,Union Square,Union Square,Green,0.5074,1,[2079684],684500.0,0.36,1901388.888888889,0.36,769.5714285714286,533.5,0.5254629629629629,744873.0,0.0,0.0,84.5,20,False,False,False,False,False,False,False,,,,ok
9643,35,Union Square #14,UNI-14,Somerville,Union Square,Union Square,Green,0.3597,2,[1247774 1251562],1273800.0,0.34,3746470.588235294,0.34,769.5714285714286,533.5,0.5254629629629629,620888.0,0.0,0.0,90.1,20,False,False,False,False,False,False,False,,,,ok
9463,41,Union Square #15,UNI-15,Somerville,Union Square,Union Square,Green,0.5514,3,[1248449 1248536 1252492],1985300.0,0.34,5839117.647058823,0.34,769.5714285714286,533.5,0.5254629629629629,702421.0,0.0,0.0,87.3,20,False,False,False,False,False,False,False,,,,ok
9438,116,Union Square #16,UNI-16,Cambridge,Union Square,Union Square,Green,0.5224,2,[2079229 2079253],164200.0,0.34,482941.1764705882,0.34,769.5714285714286,533.5,0.5254629629629629,734966.0,0.0,0.0,76.3,20,False,True,False,False,False,False,False,,,,ok
9449,100,Union Square #17,UNI-17,Cambridge,Union Square,Union Square,Green,0.5948,4,[2079080 2079197 2085314 2085315],534800.0,0.33,1620606.0606060605,0.33,769.5714285714286,533.5,0.5254629629629629,734966.0,0.0,0.0,90.9,20,False,False,False,False,False,False,False,,,,ok
9696,44,Union Square #18,UNI-18,Somerville,Union Square,Union Square,Green,0.6879,3,[1248501 1251220 1251236],1473000.0,0.33,4463636.363636363,0.33,769.5714285714286,533.5,0.5254629629629629,619365.0,0.0,0.0,86.4,20,False,False,False,False,False,False,False,,,,ok
9700,43,Union Square #19,UNI-19,Somerville,Union Square,Union Square,Green,0.7383,3,[1246562 1246573 1251183],1259900.0,0.3,4199666.666666667,0.3,769.5714285714286,533.5,0.5254629629629629,619365.0,0.0,0.0,87.0,20,False,False,False,False,False,False,False,,,,ok
9695,4,Union Square #2,UNI-2,Somerville,Union Square,Union Square,Green,0.7367,1,[1251240],4197200.0,3.37,1245459.940652819,3.37,769.5714285714286,533.5,0.5254629629629629,619365.0,0.0,0.0,99.5,20,False,False,False,False,False,False,False,,,,ok
9382,98,Union Square #20,UNI-20,Cambridge,Union Square,Union Square,Green,0.7054,2,[2080105 2080261],548900.0,0.29,1892758.6206896552,0.29,769.5714285714286,533.5,0.5254629629629629,788100.0,0.0,0.0,91.3,20,False,False,False,False,False,False,False,,,,ok
9679,12,Union Square #3,UNI-3,Somerville,Union Square,Union Square,Green,0.4935,8,[1246541 1247763 1248781 1251146 1251154 1251430 1251455 1251462],4716100.0,1.41,3344751.7730496456,1.41,769.5714285714286,533.5,0.5254629629629629,619365.0,0.0,0.0,98.3,20,False,False,False,False,False,False,False,,,,ok
9620,16,Union Square #4,UNI-4,Somerville,Union Square,Union Square,Green,0.2538,5,[1251783 1251785 1251786 1251788 1251804],3378300.0,1.07,3157289.7196261683,1.07,769.5714285714286,533.5,0.5254629629629629,702421.0,0.0,0.0,97.3,20,False,False,False,False,False,False,False,,,,ok
9427,77,Union Square #5,UNI-5,Cambridge,Union Square,Union Square,Green,0.5975,3,[2079398 2079561 2084935],1714100.0,0.9,1904555.5555555555,0.9,769.5714285714286,533.5,0.5254629629629629,765534.0,0.0,0.0,99.6,20,False,True,False,False,False,False,False,,,,ok
9525,18,Union Square #6,UNI-6,Somerville,Union Square,Union Square,Green,0.7183,1,[1252239],1203200.0,0.67,1795820.895522388,0.67,769.5714285714286,533.5,0.5254629629629629,699283.0,0.0,0.0,96.5,20,False,False,False,False,False,False,False,,,,ok
9471,19,Union Square #7,UNI-7,Somerville,Union Square,Union Square,Green,0.736,1,[1252439],1180500.0,0.56,2108035.714285714,0.56,769.5714285714286,533.5,0.5254629629629629,699283.0,0.0,0.0,96.6,20,False,False,False,False,False,False,False,,,,ok
9591,27,Union Square #8,UNI-8,Somerville,Union Square,Union Square,Green,0.2014,2,[1251715 1251866],1018400.0,0.52,1958461.5384615385,0.52,769.5714285714286,533.5,0.5254629629629629,702421.0,0.0,0.0,92.6,20,False,False,False,False,False,False,False,,,,ok
9660,17,Union Square #9,UNI-9,Somerville,Union Square,Union Square,Green,0.5143,1,[1251431],1142600.0,0.49,2331836.7346938774,0.49,769.5714285714286,533.5,0.5254629629629629,619365.0,0.0,0.0,97.4,20,False,False,False,False,False,False,False,,,,ok
8341,502,Waban #1,WAB-1,Newton,Waban,Waban,Green,0.1201,1,[517222],1531100.0,1.24,1234758.064516129,1.04,286.0,183.5,0.5688073394495413,131090.0,16.1,0.0,67.5,1,False,False,False,False,False,False,False,,,,ok
8568,312,Washington Square #1,WAS-1,Brookline,Washington Square,Washington Square,Green,0.098,3,[2070582 2070621 2070668],5378100.0,0.95,5661157.894736842,0.95,659.2857142857143,477.5,0.5327868852459017,442993.0,0.0,0.0,99.0,4,False,False,False,False,False,False,False,,,,ok
8553,323,Washington Square #2,WAS-2,Brookline,Washington Square,Washington Square,Green,0.1006,3,[2070384 2070412 2070440],4739800.0,0.6,7899666.666666667,0.6,659.2857142857143,477.5,0.5327868852459017,464618.0,0.0,0.0,96.4,4,False,False,False,False,False,False,False,,,,ok
8558,341,Washington Square #3,WAS-3,Brookline,Washington Square,Washington Square,Green,0.0419,5,[2070453 2070481 2070487 2070493 2070496],5463100.0,0.47,11623617.021276597,0.46,659.2857142857143,477.5,0.5327868852459017,464618.0,1.6,0.0,87.9,4,False,False,False,False,False,False,False,,,,ok
8575,335,Washington Square #4,WAS-4,Brookline,Washington Square,Washington Square,Green,0.0568,1,[2070699],2410700.0,0.34,7090294.117647058,0.34,659.2857142857143,477.5,0.5327868852459017,442993.0,0.0,0.0,89.9,4,False,False,False,False,False,False,False,,,,ok
10236,695,Wellington #1,WEL-1,Medford,Wellington,Wellington,Orange,0.4912,2,[1190371 1190372],959900.0,1.34,716343.2835820895,1.34,8481.285714285714,4994.5,0.5147833130822195,356397.0,0.0,0.0,94.5,2,False,False,False,False,False,False,False,,,,ok
10200,707,Wellington #2,WEL-2,Medford,Wellington,Wellington,Orange,0.2708,1,[1177287],1111100.0,0.83,1338674.6987951808,0.83,8481.285714285714,4994.5,0.5147833130822195,356397.0,0.0,0.0,80.9,2,False,False,False,False,False,False,False,,,,ok
7300,857,Wollaston #1,WOL-1,Quincy,Wollaston,Wollaston,Red,0.6678,3,[631183 633322 633324],4739100.0,10.19,465073.6015701669,10.19,5372.285714285715,3305.5,0.47572189062752057,381308.0,0.0,0.0,78.8,10,True,True,False,False,False,False,False,,,,ok
7088,918,Wollaston #10,WOL-10,Quincy,Wollaston,Wollaston,Red,0.6383,1,[631819],253400.0,0.29,873793.103448276,0.29,5372.285714285715,3305.5,0.47572189062752057,236962.0,0.0,0.0,37.9,10,False,False,False,False,False,False,False,,,,ok
7173,847,Wollaston #2,WOL-2,Quincy,Wollaston,Wollaston,Red,0.1889,2,[631012 631026],925500.0,2.37,390506.32911392406,2.37,5372.285714285715,3305.5,0.47572189062752057,288233.0,0.0,0.0,83.8,10,True,True,False,False,False,False,False,,,,ok
7196,853,Wollaston #3,WOL-3,Quincy,Wollaston,Wollaston,Red,0.4069,2,[629674 629683],711000.0,0.67,1061194.0298507463,0.67,5372.285714285715,3305.5,0.47572189062752057,246007.0,0.0,0.0,80.8,10,False,False,False,False,False,False,False,,,,ok
7180,864,Wollaston #4,WOL-4,Quincy,Wollaston,Wollaston,Red,0.3688,2,[631022 631029],715700.0,0.59,1213050.847457627,0.59,5372.285714285715,3305.5,0.47572189062752057,288233.0,0.0,0.0,76.0,10,False,False,False,False,False,False,False,,,,ok
7176,849,Wollaston #5,WOL-5,Quincy,Wollaston,Wollaston,Red,0.4062,2,[631024 631030],724100.0,0.57,1270350.8771929825,0.57,5372.285714285715,3305.5,0.47572189062752057,288233.0,0.0,0.0,82.6,10,False,False,False,False,False,False,False,,,,ok
7163,906,Wollaston #6,WOL-6,Quincy,Wollaston,Wollaston,Red,0.4166,1,[630928],392000.0,0.49,800000.0,0.49,5372.285714285715,3305.5,0.47572189062752057,288233.0,0.0,0.0,46.8,10,False,False,False,False,False,False,False,,,,ok
7190,931,Wollaston #7,WOL-7,Quincy,Wollaston,Wollaston,Red,0.3441,1,[631039],481500.0,0.45,1070000.0,0.45,5372.285714285715,3305.5,0.47572189062752057,288233.0,0.0,0.0,27.4,10,False,False,False,False,False,False,False,,,,ok
7183,901,Wollaston #8,WOL-8,Quincy,Wollaston,Wollaston,Red,0.2436,2,[631048 631057],423800.0,0.4,1059500.0,0.4,5372.285714285715,3305.5,0.47572189062752057,306663.0,0.0,0.0,51.0,10,False,False,False,False,False,False,False,,,,ok
7194,932,Wollaston #9,WOL-9,Quincy,Wollaston,Wollaston,Red,0.3156,2,[631079 631080],578600.0,0.37,1563783.783783784,0.37,5372.285714285715,3305.5,0.47572189062752057,306663.0,0.0,0.0,25.6,10,False,False,False,False,False,False,False,,,,ok
10381,791,Wonderland #1,WON-1,Revere,Wonderland,Revere Beach,Blue,0.5736,1,[660600],567200.0,1.41,402269.5035460993,0.75,8363.285714285714,5689.0,0.46718965334464113,482051.0,46.9,46.9,87.1,2,True,True,False,False,False,False,True,,,,ok
10520,800,Wonderland #2,WON-2,Revere,Wonderland,Wonderland,Blue,0.5506,1,[663396],414500.0,0.32,1295312.5,0.32,8363.285714285714,5689.0,0.46718965334464113,482051.0,0.2,0.2,63.6,2,False,False,False,False,False,False,False,,,,ok
