case,dropped,setting,baseline,after,entering,leaving
drop the four nparcels = 0 records,Assembly #1 Assembly #2 Quincy Center #8 Braintree #7,frontier 4 ind,22,21,Assembly #3,
drop the four nparcels = 0 records,Assembly #1 Assembly #2 Quincy Center #8 Braintree #7,frontier 5 ind,54,54,Assembly #3 Brookline Village #1,
drop the four nparcels = 0 records,Assembly #1 Assembly #2 Quincy Center #8 Braintree #7,4ind_mixed_equal,Malden Center #1,Malden Center #1,,
drop the four nparcels = 0 records,Assembly #1 Assembly #2 Quincy Center #8 Braintree #7,4ind_uniform_equal,Malden Center #1 = Malden Center #2,Malden Center #1 = Malden Center #2,,
drop the four nparcels = 0 records,Assembly #1 Assembly #2 Quincy Center #8 Braintree #7,5ind_mixed_equal,Malden Center #1,Malden Center #1,,
drop the four nparcels = 0 records,Assembly #1 Assembly #2 Quincy Center #8 Braintree #7,5ind_uniform_equal,Sullivan Square #1,Sullivan Square #1,,
keep one of the duplicated Assembly pair,Assembly #2,frontier 4 ind,22,21,,
keep one of the duplicated Assembly pair,Assembly #2,frontier 5 ind,54,53,,
keep one of the duplicated Assembly pair,Assembly #2,4ind_mixed_equal,Malden Center #1,Malden Center #1,,
keep one of the duplicated Assembly pair,Assembly #2,4ind_uniform_equal,Malden Center #1 = Malden Center #2,Malden Center #1 = Malden Center #2,,
keep one of the duplicated Assembly pair,Assembly #2,5ind_mixed_equal,Malden Center #1,Malden Center #1,,
keep one of the duplicated Assembly pair,Assembly #2,5ind_uniform_equal,Sullivan Square #1,Sullivan Square #1,,
drop the two jobs45tr = 0 records,Assembly #4 Assembly #5,frontier 4 ind,22,21,,
drop the two jobs45tr = 0 records,Assembly #4 Assembly #5,frontier 5 ind,54,53,,
drop the two jobs45tr = 0 records,Assembly #4 Assembly #5,4ind_mixed_equal,Malden Center #1,Malden Center #1,,
drop the two jobs45tr = 0 records,Assembly #4 Assembly #5,4ind_uniform_equal,Malden Center #1 = Malden Center #2,Malden Center #1 = Malden Center #2,,
drop the two jobs45tr = 0 records,Assembly #4 Assembly #5,5ind_mixed_equal,Malden Center #1,Malden Center #1,,
drop the two jobs45tr = 0 records,Assembly #4 Assembly #5,5ind_uniform_equal,Sullivan Square #1,Sullivan Square #1,,
drop every flagged record,Assembly #1 Assembly #3 Assembly #2 Assembly #4 Assembly #5 Quincy Center #8 Quincy Center #6 Braintree #7,frontier 4 ind,22,19,,
drop every flagged record,Assembly #1 Assembly #3 Assembly #2 Assembly #4 Assembly #5 Quincy Center #8 Quincy Center #6 Braintree #7,frontier 5 ind,54,53,Brookline Village #1 Coolidge Corner #2,
drop every flagged record,Assembly #1 Assembly #3 Assembly #2 Assembly #4 Assembly #5 Quincy Center #8 Quincy Center #6 Braintree #7,4ind_mixed_equal,Malden Center #1,Malden Center #1,,
drop every flagged record,Assembly #1 Assembly #3 Assembly #2 Assembly #4 Assembly #5 Quincy Center #8 Quincy Center #6 Braintree #7,4ind_uniform_equal,Malden Center #1 = Malden Center #2,Malden Center #1 = Malden Center #2,,
drop every flagged record,Assembly #1 Assembly #3 Assembly #2 Assembly #4 Assembly #5 Quincy Center #8 Quincy Center #6 Braintree #7,5ind_mixed_equal,Malden Center #1,Malden Center #1,,
drop every flagged record,Assembly #1 Assembly #3 Assembly #2 Assembly #4 Assembly #5 Quincy Center #8 Quincy Center #6 Braintree #7,5ind_uniform_equal,Sullivan Square #1,Sullivan Square #1,,
