site_oid,sid,code,municipal,station,line,membership,frontier4,frontier5,ppa,buildar_ac,daily,peak_share,jobs45tr,n_dominators_4ind,dominated_4ind_by,rank_4ind_mixed_equal,rank_5ind_mixed_equal,rank_5ind_uniform_equal,quality_flags,pct_mixed_ppa,pct_mixed_buildar_ac,pct_mixed_daily,pct_mixed_peak_share,pct_mixed_jobs45tr,pct_uniform_ppa,pct_uniform_buildar_ac,pct_uniform_daily,pct_uniform_peak_share,pct_uniform_jobs45tr
6019,Braintree #2,BRA-2,Braintree,Braintree,Red,added_in_5,False,True,431644.908616188,8.74,5210.714285714285,0.47550147977638935,78818.0,1,Braintree #1,5,11,38,,64.88,94.52,51.0,79.68,72.39,98.41,97.21,51.0,79.68,1.99
10710,Malden Center #10,MAL-10,Malden,Malden Center,Orange,added_in_5,False,True,588490.5660377358,0.53,13356.142857142857,0.481742765693383,523607.0,3,Malden Center #2 Malden Center #4 Malden Center #8,18,17,11,,49.18,35.5,89.24,72.11,92.7,95.22,52.59,89.24,72.11,53.39
10358,Revere Beach #2,REV-2,Revere,Revere Beach,Blue,added_in_5,False,True,845000.0,0.62,5289.285714285715,0.3830693237949242,482051.0,1,Revere Beach #1,35,28,28,,31.72,41.51,54.58,100.0,91.08,84.86,61.75,54.58,100.0,44.62
8787,Harvard Avenue #1,HAV-1,Brookline,Harvard Avenue,Green,added_in_5,False,True,2122125.9842519686,2.27,1916.142857142857,0.42435959400676654,476181.0,1,Revere Beach #1,37,29,41,,8.61,79.89,43.03,96.02,90.95,52.19,92.03,43.03,96.02,43.82
6771,Quincy Center #4,QUC-4,Quincy,Quincy Center,Red,added_in_5,False,True,860952.380952381,0.83,7972.285714285715,0.4712013165112452,247507.0,1,Quincy Center #1,29,31,33,,31.11,52.21,65.34,85.26,84.11,84.46,71.71,65.34,85.26,24.7
9766,Porter #2,POR-2,Somerville,Porter,Red,added_in_5,False,True,1264927.5362318843,2.07,9779.714285714286,0.5170454545454546,604928.0,2,Malden Center #1 Malden Center #2,41,34,21,,18.77,78.24,77.29,46.61,94.82,73.31,90.84,77.29,46.61,64.14
9921,Porter #1,POR-1,Cambridge,Porter,Red,added_in_5,False,True,4457007.722007723,5.18,9779.714285714286,0.5170454545454546,707974.0,2,Malden Center #1 Malden Center #2,44,36,37,,2.22,90.16,77.29,46.61,98.05,21.12,96.02,77.29,46.61,87.65
9810,Sullivan Square #2,SUL-2,Somerville,Sullivan Square,Orange,added_in_5,False,True,2959473.6842105268,0.57,8268.57142857143,0.44920652056569144,771434.0,1,Sullivan Square #1,49,43,19,,4.68,38.18,71.71,94.02,99.21,37.45,55.78,71.71,94.02,95.62
9457,Lechmere #1,LEC-1,Somerville,Lechmere,Green,added_in_5,False,True,2663749.9999999995,1.12,2060.8571428571427,0.4548959136468774,702779.0,1,Revere Beach #1,50,46,27,,5.75,62.05,48.61,92.03,97.49,41.83,82.07,48.61,92.03,82.07
10691,Malden Center #9,MAL-9,Malden,Malden Center,Orange,added_in_5,False,True,1857500.0,0.6,13356.142857142857,0.481742765693383,522427.0,8,Malden Center #1 Malden Center #5 Malden Center #2 Malden Center #3 Malden Center #4 Malden Center #6 Malden Center #7 Malden Center #8,45,47,32,,10.63,40.42,89.24,72.11,92.64,59.76,58.57,89.24,72.11,52.59
10364,Medford/Tufts #1,MED-1,Medford,Medford/Tufts,Green,added_in_5,False,True,1403089.430894309,1.12,1394.857142857143,0.44568868980963045,407624.0,1,Revere Beach #1,46,49,48,,16.99,62.05,37.45,95.22,89.0,69.72,82.07,37.45,95.22,35.06
9298,Lechmere #2,LEC-2,Cambridge,Lechmere,Green,added_in_5,False,True,1461666.6666666667,0.6,2060.8571428571427,0.4548959136468774,757650.0,3,Sullivan Square #1 Revere Beach #1 Revere Beach #2,64,50,12,,16.01,40.42,48.61,92.03,98.98,68.13,58.57,48.61,92.03,93.63
10273,Revere Beach #3,REV-3,Revere,Revere Beach,Blue,added_in_5,False,True,1091162.7906976745,0.43,5289.285714285715,0.3830693237949242,514784.0,2,Revere Beach #1 Revere Beach #2,56,51,45,,22.44,25.1,54.58,100.0,92.04,77.69,39.84,54.58,100.0,51.0
8547,Coolidge Corner #1,COO-1,Brookline,Coolidge Corner,Green,added_in_5,False,True,1617252.252252252,1.85,1973.5714285714287,0.48815399802566634,600323.0,9,Malden Center #1 Malden Center #2 Malden Center #3 Revere Beach #1 Quincy Center #1 Wollaston #2 Wollaston #1 Braintree #1 Braintree #2,63,52,40,,13.52,75.79,43.82,65.74,94.58,64.54,90.04,43.82,65.74,63.35
9206,Central #2,CEN-2,Cambridge,Central,Red,added_in_5,False,True,4465000.0,0.5,19337.0,0.49156951536756915,849654.0,1,Central #1,74,54,42,,2.15,32.86,95.62,60.96,99.97,20.32,49.8,95.62,60.96,99.6
8865,Amory Street #1,AMO-1,Brookline,Amory Street,Green,added_in_5,False,True,4306272.189349112,1.69,608.4285714285714,0.4208955223880597,685730.0,1,Revere Beach #1,73,58,62,,2.29,73.75,19.52,96.81,96.8,21.91,89.64,19.52,96.81,76.1
9818,Sullivan Square #3,SUL-3,Somerville,Sullivan Square,Orange,added_in_5,False,True,1998387.0967741935,0.31,8268.57142857143,0.44920652056569144,771434.0,1,Sullivan Square #1,80,66,30,,9.52,10.34,71.71,94.02,99.21,55.78,18.73,71.71,94.02,95.62
9168,Central #4,CEN-4,Cambridge,Central,Red,added_in_5,False,True,3730000.0,0.41,19337.0,0.49156951536756915,809223.0,1,Central #1,83,72,50,,2.89,23.25,95.62,60.96,99.6,26.69,37.05,95.62,60.96,97.61
10038,Davis #1,DAV-1,Somerville,Davis,Red,added_in_5,False,True,6760999.999999999,1.1,11228.142857142857,0.5234490702649334,707621.0,5,Malden Center #1 Malden Center #5 Malden Center #2 Malden Center #3 Malden Center #4,84,76,72,,1.08,61.59,82.07,37.45,97.85,9.96,81.27,82.07,37.45,85.26
9237,Central #5,CEN-5,Cambridge,Central,Red,added_in_5,False,True,2653333.3333333335,0.36,19337.0,0.49156951536756915,821261.0,1,Central #1,86,77,43,,5.82,17.34,95.62,60.96,99.7,42.63,28.29,95.62,60.96,98.41
10281,Revere Beach #5,REV-5,Revere,Revere Beach,Blue,added_in_5,False,True,1061333.3333333335,0.3,5289.285714285715,0.3830693237949242,514784.0,2,Revere Beach #1 Revere Beach #2,79,78,68,,23.11,8.55,54.58,100.0,92.04,78.88,14.34,54.58,100.0,51.0
9577,Union Square #1,UNI-1,Somerville,Union Square,Green,added_in_5,False,True,954629.3888166449,7.69,769.5714285714286,0.5254629629629629,702421.0,4,Malden Center #1 Wollaston #1 Braintree #1 Braintree #2,90,82,53,,26.44,93.56,26.29,31.08,97.26,81.27,96.81,26.29,31.08,79.28
8704,Saint Mary's Street #1,SAI-1,Brookline,Saint Mary's Street,Green,added_in_5,False,True,4399156.626506024,0.83,822.7142857142857,0.4697674418604651,733121.0,7,Assembly #1 Lechmere #1 Assembly #2 Harvard Avenue #1 Harvard Avenue #2 Medford/Tufts #1 Revere Beach #1,94,83,65,,2.25,52.21,34.26,86.45,98.18,21.51,71.71,34.26,86.45,88.05
9768,Porter #3,POR-3,Cambridge,Porter,Red,added_in_5,False,True,3511756.756756757,0.74,9779.714285714286,0.5170454545454546,678386.0,7,Porter #2 Malden Center #1 Malden Center #5 Malden Center #2 Malden Center #3 Malden Center #4 Malden Center #6,93,87,70,,3.3,48.51,77.29,46.61,96.57,30.28,68.92,77.29,46.61,74.1
10018,Davis #2,DAV-2,Somerville,Davis,Red,added_in_5,False,True,6295625.0,0.64,11228.142857142857,0.5234490702649334,707621.0,8,Malden Center #1 Malden Center #5 Malden Center #2 Malden Center #3 Malden Center #4 Malden Center #6 Malden Center #7 Malden Center #8,110,100,93,,1.28,43.1,82.07,37.45,97.85,11.95,63.75,82.07,37.45,85.26
9986,Gilman Square #1,GIL-1,Somerville,Gilman Square,Green,added_in_5,False,True,1098676.4705882352,2.72,1544.857142857143,0.5510835913312694,578332.0,7,Malden Center #1 Malden Center #2 Revere Beach #1 Quincy Center #1 Wollaston #1 Braintree #1 Braintree #2,114,112,88,,22.27,82.86,38.65,17.13,93.86,77.29,93.23,38.65,17.13,58.96
9475,East Somerville #1,EAS-1,Somerville,East Somerville,Green,added_in_5,False,True,2741630.716134599,11.46,457.85714285714283,0.5063520871143375,702779.0,1,Braintree #1,122,113,100,,5.55,96.1,3.98,51.0,97.49,41.43,98.41,3.98,51.0,82.07
8902,Babcock Street #1,BAB-1,Brookline,Babcock Street,Green,added_in_5,False,True,8187090.909090908,0.55,682.8571428571429,0.4102209944751381,630137.0,2,Revere Beach #1 Revere Beach #2,121,115,134,,0.64,36.59,23.11,97.21,95.61,5.18,54.58,23.11,97.21,68.92
10006,Gilman Square #2,GIL-2,Somerville,Gilman Square,Green,added_in_5,False,True,867401.5748031496,1.27,1544.857142857143,0.5510835913312694,595520.0,13,Malden Center #1 Malden Center #2 Malden Center #3 Malden Center #4 Wellington #1 Revere Beach #1 Quincy Center #1 North Quincy #1 Wollaston #2 North Quincy #2 Wollaston #1 Braintree #1 Braintree #2,128,121,85,,30.74,65.75,38.65,17.13,94.39,84.06,84.86,38.65,17.13,62.15
9438,Union Square #16,UNI-16,Cambridge,Union Square,Green,added_in_5,False,True,482941.1764705882,0.34,769.5714285714286,0.5254629629629629,734966.0,7,Wonderland #1 Wollaston #2 North Quincy #2 Wollaston #1 Quincy Adams #1 Braintree #1 Braintree #2,155,144,112,,59.37,14.96,26.29,31.08,98.51,97.21,26.29,26.29,31.08,89.64
9653,East Somerville #2,EAS-2,Somerville,East Somerville,Green,added_in_5,False,True,1307021.2765957448,0.94,457.85714285714283,0.5063520871143375,702779.0,17,Malden Center #1 Malden Center #5 Malden Center #2 Malden Center #3 Malden Center #4 Revere Beach #1 Quincy Center #2 Quincy Center #1 North Quincy #3 North Quincy #1 Wollaston #2 North Quincy #2 Wollaston #1 Quincy Adams #1 Braintree #1 Braintree #2 Braintree #3,159,150,86,,18.2,56.31,3.98,51.0,97.49,71.71,76.89,3.98,51.0,82.07
9427,Union Square #5,UNI-5,Cambridge,Union Square,Green,added_in_5,False,True,1904555.5555555555,0.9,769.5714285714286,0.5254629629629629,765534.0,26,Union Square #1 Union Square #2 Porter #2 Coolidge Corner #1 Malden Center #1 Malden Center #5 Malden Center #2 Malden Center #3 Malden Center #4 Malden Center #6 Wellington #1 Medford/Tufts #1 Revere Beach #1 Quincy Center #2 Quincy Center #1 Quincy Center #3 North Quincy #3 North Quincy #1 Wollaston #2 North Quincy #2 Wollaston #1 Quincy Adams #1 Braintree #1 Braintree #2 Braintree #4 Braintree #3,164,158,89,,10.12,54.85,26.29,31.08,99.11,57.77,74.9,26.29,31.08,94.42
10667,Malden Center #1,MAL-1,Malden,Malden Center,Orange,both,True,True,595818.3632734531,10.02,13356.142857142857,0.481742765693383,431396.0,0,,1,1,2,,48.5,95.18,89.24,72.11,89.56,94.42,97.61,89.24,72.11,36.25
10616,Malden Center #2,MAL-2,Malden,Malden Center,Orange,both,True,True,584175.1824817519,6.06,13356.142857142857,0.481742765693383,431396.0,0,,2,2,2,,49.61,91.55,89.24,72.11,89.56,95.62,96.41,89.24,72.11,36.25
7300,Wollaston #1,WOL-1,Quincy,Wollaston,Red,both,True,True,465073.6015701669,10.19,5372.285714285715,0.47572189062752057,381308.0,0,,4,3,13,,61.42,95.34,57.37,76.1,88.14,98.01,98.01,57.37,76.1,31.08
10665,Malden Center #4,MAL-4,Malden,Malden Center,Orange,both,True,True,571506.0240963856,1.66,13356.142857142857,0.481742765693383,431396.0,0,,7,4,4,,50.82,73.18,89.24,72.11,89.56,96.41,89.24,89.24,72.11,36.25
7173,Wollaston #2,WOL-2,Quincy,Wollaston,Red,both,True,True,390506.32911392406,2.37,5372.285714285715,0.47572189062752057,288233.0,0,,8,5,23,,69.96,80.65,57.37,76.1,85.3,99.2,92.83,57.37,76.1,25.5
10381,Wonderland #1,WON-1,Revere,Wonderland,Blue,both,True,True,402269.5035460993,0.75,8363.285714285714,0.46718965334464113,482051.0,0,,10,6,7,,68.38,48.91,73.71,87.25,91.08,98.8,70.12,73.71,87.25,44.62
6760,Quincy Center #1,QUC-1,Quincy,Quincy Center,Red,both,True,True,638089.6686159844,5.13,7972.285714285715,0.4712013165112452,245645.0,0,,6,7,16,,45.04,90.06,65.34,85.26,83.52,92.43,95.62,65.34,85.26,20.32
10369,Revere Beach #1,REV-1,Revere,Revere Beach,Blue,both,True,True,753121.2723658051,4.94,5289.285714285715,0.3830693237949242,314846.0,0,,9,8,10,,36.9,89.7,54.58,100.0,85.87,88.05,95.22,54.58,100.0,28.29
5973,Braintree #1,BRA-1,Braintree,Braintree,Red,both,True,True,363717.57925072045,13.3,5210.714285714285,0.47550147977638935,39255.0,0,,3,10,35,,73.16,96.7,51.0,79.68,62.42,99.6,98.8,51.0,79.68,0.8
9967,Assembly #1,ASM-1,Somerville,Assembly,Orange,both,True,True,3774355.5555555555,2.25,8828.42857142857,0.4617740471869328,700445.0,0,,16,14,14,duplicate_record_suspected;nparcels_zero_meaning_unknown;parcel_id_also_in_another_site,2.76,79.76,75.3,89.24,97.09,25.5,91.24,75.3,89.24,78.09
9971,Assembly #2,ASM-2,Somerville,Assembly,Orange,both,True,True,3774355.5555555555,2.25,8828.42857142857,0.4617740471869328,700445.0,0,,16,14,14,duplicate_record_suspected;nparcels_zero_meaning_unknown;parcel_id_also_in_another_site,2.76,79.76,75.3,89.24,97.09,25.5,91.24,75.3,89.24,78.09
9397,Harvard #1,HAR-1,Cambridge,Harvard,Red,both,True,True,24324142.85714286,0.7,25122.85714285714,0.4559519193485847,771194.0,0,,26,19,22,,0.07,46.57,98.41,90.84,99.17,0.4,66.93,98.41,90.84,95.22
9441,Harvard #2,HAR-2,Cambridge,Harvard,Red,both,True,True,21194833.333333336,0.6,25122.85714285714,0.4559519193485847,765727.0,0,,33,20,29,,0.1,40.42,98.41,90.84,99.14,0.8,58.57,98.41,90.84,94.82
7529,North Quincy #2,NOR-2,Quincy,North Quincy,Red,both,True,True,472887.7005347593,1.47,7065.142857142857,0.5035117461855171,199950.0,0,,15,21,49,,60.68,70.18,61.35,54.98,81.11,97.61,88.45,61.35,54.98,16.73
9863,Sullivan Square #1,SUL-1,Somerville,Sullivan Square,Orange,both,True,True,1213939.3939393938,0.66,8268.57142857143,0.44920652056569144,704348.0,0,,34,23,1,,19.74,44.12,71.71,94.02,97.72,74.9,64.94,71.71,94.02,84.46
9325,Harvard #3,HAR-3,Cambridge,Harvard,Red,both,True,True,5172962.962962963,0.54,25122.85714285714,0.4559519193485847,751404.0,0,,38,25,20,,1.95,36.03,98.41,90.84,98.94,18.33,53.39,98.41,90.84,93.23
6474,Quincy Adams #1,QUA-1,Quincy,Quincy Adams,Red,both,True,True,335106.38297872344,0.94,3705.1428571428573,0.49873475960432484,96126.0,0,,19,37,76,,76.08,56.31,49.8,58.17,73.94,100.0,76.89,49.8,58.17,8.76
9289,Central #1,CEN-1,Cambridge,Central,Red,both,True,True,1670163.9344262294,0.61,19337.0,0.49156951536756915,803175.0,0,,47,41,5,,12.75,40.92,95.62,60.96,99.47,63.75,60.16,95.62,60.96,97.21
9447,Harvard #4,HAR-4,Cambridge,Harvard,Red,both,True,True,2132187.5,0.32,25122.85714285714,0.4559519193485847,772196.0,0,,48,42,17,,8.54,11.86,98.41,90.84,99.27,51.39,21.12,98.41,90.84,96.41
9965,Alewife #1,ALE-1,Cambridge,Alewife,Red,both,True,True,1467479.3388429752,16.89,12830.0,0.5727989037341555,242978.0,0,,52,59,99,,15.84,97.69,88.45,3.59,83.19,67.73,99.6,88.45,3.59,17.93
8298,Chestnut Hill #1,CHE-1,Newton,Chestnut Hill,Green,both,True,True,1890107.1667782988,13.93,568.0,0.5273311897106109,121705.0,0,,137,161,176,,10.36,96.86,11.95,23.11,75.89,58.96,99.2,11.95,23.11,9.96
10012,Assembly #4,ASM-4,Somerville,Assembly,Orange,both,True,True,3749814.8148148144,0.54,8828.42857142857,0.4617740471869328,0.0,0,,55,171,144,jobs45tr_zero_suspected_missing,2.83,36.03,75.3,89.24,0.0,25.9,53.39,75.3,89.24,0.0
