site_oid,sid,municipal,frontier4,frontier5,quality_flags,rank_4ind_mixed_developer,rank_4ind_mixed_city,rank_4ind_mixed_transit,rank_4ind_mixed_placemaking,rank_4ind_mixed_equal,rank_5ind_mixed_equal,rank_4ind_uniform_developer,rank_4ind_uniform_city,rank_4ind_uniform_transit,rank_4ind_uniform_placemaking,rank_4ind_uniform_equal,rank_5ind_uniform_equal,first_share_4ind_mixed,first_share_4ind_uniform,first_share_5ind_mixed,first_share_5ind_uniform
10667,Malden Center #1,Malden,True,True,,5,1,1,2,1,1,2,1,1,2,1,2,0.3108,0.2652,0.3425,0.1463
10616,Malden Center #2,Malden,True,True,,6,3,2,4,2,2,1,2,1,3,1,2,0.0265,0.2077,0.0207,0.118
5973,Braintree #1,Braintree,True,True,,1,2,15,3,3,10,4,7,31,8,11,35,0.3341,0.0924,0.1208,0.0104
7300,Wollaston #1,Quincy,True,True,,4,4,17,7,4,3,5,6,21,11,10,13,0.0,0.0,0.0561,0.0134
6760,Quincy Center #1,Quincy,True,True,,10,6,11,5,6,7,8,4,9,4,5,16,0.0,0.0,0.0,0.0
10665,Malden Center #4,Malden,True,True,,9,9,3,8,7,4,3,3,3,5,3,4,0.0043,0.0366,0.0026,0.0095
7173,Wollaston #2,Quincy,True,True,,3,7,21,9,8,5,7,11,27,12,13,23,0.0,0.0,0.0132,0.0002
10369,Revere Beach #1,Revere,True,True,,12,8,13,1,9,8,13,9,12,1,6,10,0.144,0.2697,0.1305,0.1104
10381,Wonderland #1,Revere,True,True,,7,21,7,10,10,6,12,19,8,7,9,7,0.1018,0.0536,0.1671,0.0499
9967,Assembly #1,Somerville,True,True,duplicate_record_suspected;nparcels_zero_meaning_unknown;parcel_id_also_in_another_site,40,16,18,12,16,14,90,27,29,20,39,14,0.0,0.0,0.005,0.0145
9971,Assembly #2,Somerville,True,True,duplicate_record_suspected;nparcels_zero_meaning_unknown;parcel_id_also_in_another_site,40,16,18,12,16,14,90,27,29,20,39,14,0.0,0.0,0.005,0.0145
10710,Malden Center #10,Malden,False,True,,19,41,14,34,18,17,22,44,11,33,17,11,0.0,0.0,0.0014,0.0126
9397,Harvard #1,Cambridge,True,True,,70,42,6,18,26,19,158,66,17,36,67,22,0.0592,0.037,0.0965,0.1111
9863,Sullivan Square #1,Somerville,True,True,,44,51,25,22,34,23,36,41,13,14,21,1,0.0,0.0,0.0014,0.0917
9921,Porter #1,Cambridge,False,True,,48,14,62,57,44,36,110,36,82,83,81,37,0.0,0.0,0.003,0.0244
9289,Central #1,Cambridge,True,True,,61,57,29,65,47,41,53,51,23,56,41,5,0.0,0.0003,0.0007,0.1108
9447,Harvard #4,Cambridge,True,True,,97,112,16,45,48,42,97,124,14,54,60,17,0.0138,0.0327,0.0231,0.0915
9298,Lechmere #2,Cambridge,False,True,,74,82,77,50,64,50,62,67,66,42,52,12,0.0,0.0,0.0002,0.0198
9577,Union Square #1,Somerville,False,True,,38,24,156,116,90,82,41,34,145,113,85,53,0.0,0.0,0.0006,0.0197
9438,Union Square #16,Cambridge,False,True,,45,161,163,176,155,144,75,163,162,175,140,112,0.0,0.0,0.0005,0.0122
