site_oid,sid,code,municipal,station,line,frontier4,frontier5,quality_flags,ppa,buildar_ac,daily,peak_share,jobs45tr,pct_mixed_ppa,pct_mixed_buildar_ac,pct_mixed_daily,pct_mixed_peak_share,pct_mixed_jobs45tr,pct_uniform_ppa,pct_uniform_buildar_ac,pct_uniform_daily,pct_uniform_peak_share,pct_uniform_jobs45tr,score_4ind_mixed_developer,rank_4ind_mixed_developer,score_4ind_mixed_city,rank_4ind_mixed_city,score_4ind_mixed_transit,rank_4ind_mixed_transit,score_4ind_mixed_placemaking,rank_4ind_mixed_placemaking,score_4ind_mixed_equal,rank_4ind_mixed_equal,score_5ind_mixed_equal,rank_5ind_mixed_equal,score_4ind_uniform_developer,rank_4ind_uniform_developer,score_4ind_uniform_city,rank_4ind_uniform_city,score_4ind_uniform_transit,rank_4ind_uniform_transit,score_4ind_uniform_placemaking,rank_4ind_uniform_placemaking,score_4ind_uniform_equal,rank_4ind_uniform_equal,score_5ind_uniform_equal,rank_5ind_uniform_equal,frontier4_within_quincy,frontier5_within_quincy
7300,Wollaston #1,WOL-1,Quincy,Wollaston,Red,True,True,,465073.6015701669,10.19,5372.285714285715,0.47572189062752057,381308.0,61.4194,95.3435,57.3705,76.0956,88.144,98.008,98.008,57.3705,76.0956,31.0757,70.7607,4,79.0393,4,69.2913,17,74.9611,7,72.5573,4,75.6746,3,89.7211,5,87.6892,6,75.1793,21,81.1155,11,82.3705,10,72.1116,13,True,True
6760,Quincy Center #1,QUC-1,Quincy,Quincy Center,Red,True,True,,638089.6686159844,5.13,7972.285714285715,0.4712013165112452,245645.0,45.0387,90.0594,65.3386,85.259,83.5205,92.4303,95.6175,65.3386,85.259,20.3187,63.3609,10,75.6311,6,71.9779,11,76.442,5,71.4239,6,73.8432,7,88.4462,8,87.8884,4,79.9203,9,84.9402,4,84.6614,5,71.7928,16,True,True
7173,Wollaston #2,WOL-2,Quincy,Wollaston,Red,True,True,,390506.32911392406,2.37,5372.285714285715,0.47572189062752057,288233.0,69.963,80.6473,57.3705,76.0956,85.3038,99.2032,92.8287,57.3705,76.0956,25.498,71.3585,3,73.3999,7,68.3684,21,72.5686,9,71.0191,8,73.8761,5,89.0239,7,85.3386,11,74.5817,27,80.0,12,81.3745,13,70.1992,23,True,True
7529,North Quincy #2,NOR-2,Quincy,North Quincy,Red,True,True,,472887.7005347593,1.47,7065.142857142857,0.5035117461855171,199950.0,60.6794,70.1783,61.3546,54.9801,81.1096,97.6096,88.4462,61.3546,54.9801,16.7331,62.5855,11,64.994,15,60.6645,46,60.9094,40,61.7981,15,65.6604,21,85.6175,14,81.5139,14,68.9442,52,71.0159,43,75.5976,25,63.8247,49,True,True
6474,Quincy Adams #1,QUA-1,Quincy,Quincy Adams,Red,True,True,,335106.38297872344,0.94,3705.1428571428573,0.49873475960432484,96126.0,76.0848,56.3078,49.8008,58.1673,73.9432,100.0,76.8924,49.8008,58.1673,8.7649,65.4062,8,59.1477,26,57.2294,69,58.7168,51,60.0902,19,62.8608,37,82.51,18,74.2231,32,63.9044,77,67.4502,61,71.2151,36,58.7251,76,True,True
6736,Quincy Center #5,QUC-5,Quincy,Quincy Center,Red,False,False,,715000.0,0.78,7972.285714285715,0.4712013165112452,245645.0,39.2533,50.3633,65.3386,85.259,83.5205,89.243,71.3147,65.3386,85.259,20.3187,50.5442,24,54.6259,38,65.1556,26,65.6501,23,60.0535,20,64.7469,26,80.7769,23,75.0996,24,75.7968,18,78.3865,17,77.7888,15,66.2948,33,False,False
7487,North Quincy #1,NOR-1,Quincy,North Quincy,Red,False,False,,669102.5641025641,2.34,7065.142857142857,0.5035117461855171,385177.0,42.9196,80.5482,61.3546,54.9801,88.3752,90.8367,92.4303,61.3546,54.9801,33.0677,56.2981,16,66.627,12,59.556,56,60.8379,41,59.9506,21,65.6355,22,83.2271,16,82.1514,12,68.5259,54,70.996,44,74.9004,28,66.5339,31,False,True
6755,Quincy Center #9,QUC-9,Quincy,Quincy Center,Red,False,False,,619354.8387096775,0.62,7972.285714285715,0.4712013165112452,103011.0,46.5187,41.5125,65.3386,85.259,74.7688,93.6255,61.753,65.3386,85.259,9.1633,51.9642,23,51.6536,43,64.9178,28,64.5273,27,59.6572,23,62.6795,38,80.5777,24,71.1952,41,75.0199,25,76.6534,24,76.494,20,63.0279,52,True,True
6730,Quincy Center #2,QUC-2,Quincy,Quincy Center,Red,False,False,,1293082.7067669171,1.27,7972.285714285715,0.4712013165112452,245645.0,18.3989,65.753,65.3386,85.259,83.5205,72.51,84.8606,65.3386,85.259,20.3187,43.9644,37,58.1499,27,64.3359,30,66.3694,19,58.6874,28,63.654,30,75.7968,33,78.5259,18,75.3187,20,79.2629,15,76.992,18,65.6574,38,False,False
6771,Quincy Center #4,QUC-4,Quincy,Quincy Center,Red,False,True,,860952.380952381,0.83,7972.285714285715,0.4712013165112452,247507.0,31.1134,52.2127,65.3386,85.259,84.1149,84.4622,71.7131,65.3386,85.259,24.7012,46.9365,27,53.9226,40,64.2121,31,64.8915,26,58.4809,29,63.6077,31,78.4861,28,74.3426,31,75.1394,22,77.7689,19,76.6932,19,66.2948,33,False,True
6766,Quincy Center #8,QUC-8,Quincy,Quincy Center,Red,False,False,nparcels_zero_meaning_unknown;parcel_id_also_in_another_site,698064.5161290322,0.62,7972.285714285715,0.4712013165112452,245645.0,40.5651,41.5125,65.3386,85.259,83.5205,89.6414,61.753,65.3386,85.259,20.3187,48.9874,25,50.4629,50,64.0248,32,63.6342,33,58.1688,30,63.2391,33,78.5857,27,70.3984,44,74.4223,28,76.0558,27,75.498,26,64.4622,47,False,False
6729,Quincy Center #7,QUC-7,Quincy,Quincy Center,Red,False,False,,743384.6153846154,0.65,7972.285714285715,0.4712013165112452,245645.0,37.5042,43.5601,65.3386,85.259,83.5205,88.4462,64.5418,65.3386,85.259,20.3187,47.9688,26,50.8745,49,63.8728,33,63.687,31,57.9155,31,63.0365,35,78.6853,26,71.5538,39,74.6614,26,76.5737,25,75.8964,22,64.7809,44,False,False
6782,Quincy Center #3,QUC-3,Quincy,Quincy Center,Red,False,False,,1846756.7567567567,1.11,7972.285714285715,0.4712013165112452,245645.0,10.8644,61.79,65.3386,85.259,83.5205,60.9562,81.6733,65.3386,85.259,20.3187,39.2064,52,54.6615,37,62.6113,39,64.2485,28,55.813,39,61.3545,45,69.2231,48,74.6215,30,73.1076,35,76.7331,23,73.3068,31,62.7092,55,False,False
7424,North Quincy #3,NOR-3,Quincy,North Quincy,Red,False,False,,594897.9591836735,0.96,7065.142857142857,0.5035117461855171,385177.0,48.6377,57.1995,61.3546,54.9801,88.3752,94.8207,78.4861,61.3546,54.9801,33.0677,53.3199,20,56.0962,31,56.9114,72,55.8585,64,55.543,40,62.1094,40,81.7331,20,75.9761,22,67.0319,63,68.1076,56,72.4104,34,64.5418,46,False,True
6710,Quincy Center #10,QUC-10,Quincy,Quincy Center,Red,False,False,,974230.7692307692,0.61,7972.285714285715,0.4712013165112452,245645.0,25.8325,40.9181,65.3386,85.259,83.5205,80.4781,60.1594,65.3386,85.259,20.3187,41.4725,42,47.2192,63,61.7257,44,61.2757,39,54.337,42,60.1737,48,73.6056,37,67.7689,52,72.8088,36,74.2829,32,72.8088,32,62.3108,56,False,False
6857,Quincy Center #11,QUC-11,Quincy,Quincy Center,Red,False,False,,1374736.8421052634,0.57,7972.285714285715,0.4712013165112452,332219.0,17.3562,38.177,65.3386,85.259,86.2616,70.1195,55.7769,65.3386,85.259,29.4821,36.549,64,44.1534,73,60.0431,51,59.319,49,51.5327,51,58.4785,53,67.3307,54,63.506,60,70.5976,42,71.6335,39,69.1235,44,61.1952,59,False,True
6758,Quincy Center #6,QUC-6,Quincy,Quincy Center,Red,False,False,parcel_id_also_in_another_site,2804520.5479452056,0.73,7972.285714285715,0.4712013165112452,245645.0,5.2472,48.1176,65.3386,85.259,83.5205,40.239,68.5259,65.3386,85.259,20.3187,32.9797,85,46.7019,66,59.7179,55,59.9878,47,50.9906,54,57.4966,60,55.5777,94,63.9044,59,68.0279,57,70.3386,46,64.8406,63,55.9363,96,False,False
7196,Wollaston #3,WOL-3,Quincy,Wollaston,Red,False,False,,1061194.0298507463,0.67,5372.285714285715,0.47572189062752057,246007.0,23.1416,44.4518,57.3705,76.0956,83.9498,79.2829,65.3386,57.3705,76.0956,24.3028,38.8989,55,45.9379,69,55.9159,74,56.4965,59,50.2649,58,57.0019,64,72.1912,40,67.6096,53,67.4701,59,70.1394,49,69.5219,43,60.4781,64,False,False
6886,Quincy Center #12,QUC-12,Quincy,Quincy Center,Red,False,False,,1472500.0,0.52,7972.285714285715,0.4712013165112452,332219.0,15.7417,34.6103,65.3386,85.259,86.2616,67.3307,51.7928,65.3386,85.259,29.4821,34.8501,73,42.0471,85,59.2659,59,58.1851,53,50.2374,59,57.4422,61,64.9402,65,60.9562,72,69.5817,49,70.2191,48,67.4303,49,59.8406,66,False,False
6762,Quincy Center #13,QUC-13,Quincy,Quincy Center,Red,False,False,,1062765.9574468085,0.45,7972.285714285715,0.4712013165112452,245645.0,22.9734,27.2787,65.3386,85.259,83.5205,78.4861,42.6295,65.3386,85.259,20.3187,36.6331,63,39.8277,94,59.251,60,57.437,55,50.2124,60,56.874,68,68.2271,49,58.6056,84,69.8805,47,69.6016,51,67.9283,47,58.4064,78,False,False
7338,North Quincy #4,NOR-4,Quincy,North Quincy,Red,False,False,,786710.5263157894,0.76,7065.142857142857,0.5035117461855171,268434.0,34.8806,49.5046,61.3546,54.9801,84.5773,86.8526,70.9163,61.3546,54.9801,25.0996,44.5176,35,49.4974,52,53.6936,85,51.8712,86,50.18,61,57.0594,63,75.8566,32,70.5976,43,64.7012,74,65.0199,68,68.5259,45,59.8406,66,False,False
7163,Wollaston #6,WOL-6,Quincy,Wollaston,Red,False,False,,800000.0,0.49,5372.285714285715,0.47572189062752057,288233.0,34.0061,32.1004,57.3705,76.0956,85.3038,86.4542,48.6056,57.3705,76.0956,25.498,41.2433,43,41.9351,87,55.6929,76,55.0384,68,49.8931,62,56.9753,65,71.5936,42,60.6773,73,66.0359,67,67.0319,64,67.1315,51,58.8048,75,False,False
6472,Quincy Adams #2,QUA-2,Quincy,Quincy Adams,Red,False,False,,697285.7142857143,0.7,3705.1428571428573,0.49873475960432484,129609.0,40.7669,46.5654,49.8008,58.1673,76.7834,90.0398,66.9323,49.8008,58.1673,10.757,45.3117,33,47.213,64,50.4704,100,50.9835,90,48.8251,67,54.4168,88,75.0398,35,67.251,54,60.9163,88,63.4661,75,66.2351,56,55.1394,104,False,False
7180,Wollaston #4,WOL-4,Quincy,Wollaston,Red,False,False,,1213050.847457627,0.59,5372.285714285715,0.47572189062752057,288233.0,19.8116,39.6962,57.3705,76.0956,85.3038,75.2988,57.3705,57.3705,76.0956,25.498,36.045,65,42.8941,79,54.7031,81,54.8081,70,48.2435,72,55.6556,79,68.2072,50,62.8287,63,65.6773,70,67.5498,60,66.5339,54,58.3267,80,False,False
7176,Wollaston #5,WOL-5,Quincy,Wollaston,Red,False,False,,1270350.8771929825,0.57,5372.285714285715,0.47572189062752057,288233.0,18.668,38.177,57.3705,76.0956,85.3038,72.9084,55.7769,57.3705,76.0956,25.498,35.0934,71,41.9058,88,54.3036,83,54.2568,71,47.5778,77,55.123,81,66.6135,58,61.5538,69,65.0797,72,66.7928,65,65.5378,59,57.5299,84,False,False
7190,Wollaston #7,WOL-7,Quincy,Wollaston,Red,False,False,,1070000.0,0.45,5372.285714285715,0.47572189062752057,288233.0,22.8052,27.2787,57.3705,76.0956,85.3038,78.0876,42.6295,57.3705,76.0956,25.498,34.4374,75,37.2841,105,53.2895,88,52.1528,82,45.8875,82,53.7708,91,65.9163,60,56.0159,93,63.8845,78,64.2829,72,63.5458,69,55.9363,96,False,False
7183,Wollaston #8,WOL-8,Quincy,Wollaston,Red,False,False,,1059500.0,0.4,5372.285714285715,0.47572189062752057,306663.0,23.2089,21.9947,57.3705,76.0956,85.6671,79.6813,35.4582,57.3705,76.0956,27.49,33.3183,83,34.7228,121,52.5574,91,50.8924,91,44.6674,87,52.8674,96,64.9203,66,52.749,110,63.0478,79,62.7291,77,62.1514,74,55.2191,102,False,False
7340,North Quincy #5,NOR-5,Quincy,North Quincy,Red,False,False,,1426617.6470588234,0.68,7065.142857142857,0.5035117461855171,381308.0,16.6162,45.2444,61.3546,54.9801,88.144,68.5259,66.5339,61.3546,54.9801,31.0757,34.3204,77,43.7144,75,50.3149,101,48.0665,105,44.5488,88,53.2678,95,65.5976,61,64.741,58,61.2948,86,61.1753,84,62.8486,71,56.494,92,False,False
7241,North Quincy #9,NOR-9,Quincy,North Quincy,Red,False,False,,673333.3333333334,0.36,7065.142857142857,0.5035117461855171,320797.0,42.5832,17.3382,61.3546,54.9801,85.9313,90.4382,28.2869,61.3546,54.9801,28.6853,40.3274,47,34.9547,119,50.0241,104,44.985,118,44.064,92,52.4375,99,66.992,56,50.0,121,58.8446,101,54.9004,109,58.7649,86,52.749,120,False,False
7346,North Quincy #6,NOR-6,Quincy,North Quincy,Red,False,False,,1408360.655737705,0.61,7065.142857142857,0.5035117461855171,381308.0,16.9189,40.9181,61.3546,54.9801,88.144,69.3227,60.1594,61.3546,54.9801,31.0757,33.3902,82,41.6118,90,49.7114,106,47.0303,107,43.5429,98,52.4631,98,64.4024,67,61.7131,68,60.4582,90,59.7012,87,61.4542,77,55.3785,100,False,False
7310,North Quincy #7,NOR-7,Quincy,North Quincy,Red,False,False,,817450.9803921569,0.4,7065.142857142857,0.5035117461855171,320797.0,33.0979,21.9947,61.3546,54.9801,85.9313,85.259,35.4582,61.3546,54.9801,28.6853,36.7488,62,35.3859,114,49.2997,108,44.7263,119,42.8568,100,51.4717,108,66.1952,59,52.5498,113,59.1434,97,55.9163,101,59.2629,83,53.1474,118,False,False
7088,Wollaston #10,WOL-10,Quincy,Wollaston,Red,False,False,,873793.103448276,0.29,5372.285714285715,0.47572189062752057,236962.0,30.2725,6.605,57.3705,76.0956,82.8269,83.6653,10.3586,57.3705,76.0956,17.5299,33.0026,84,28.4407,158,51.3085,92,48.1045,104,42.5859,102,50.6341,114,60.6375,82,40.996,162,59.8805,94,57.0518,95,56.8725,91,49.004,139,False,False
7194,Wollaston #9,WOL-9,Quincy,Wollaston,Red,False,False,,1563783.783783784,0.37,5372.285714285715,0.47572189062752057,306663.0,14.3626,18.8904,57.3705,76.0956,85.6671,66.1355,31.4741,57.3705,76.0956,27.49,28.119,108,31.4014,141,50.7648,96,48.7893,98,41.6798,108,50.4772,117,57.1514,88,48.0478,131,60.4183,92,59.7012,87,57.7689,89,51.7131,124,False,False
6781,Quincy Center #14,QUC-14,Quincy,Quincy Center,Red,False,False,,4055714.2857142854,0.28,7972.285714285715,0.4712013165112452,245645.0,2.4891,4.7226,65.3386,85.259,83.5205,23.9044,5.5777,65.3386,85.259,20.3187,20.7519,168,24.4527,185,52.7949,89,48.7253,99,39.4523,119,48.2659,130,31.6733,200,29.1633,208,56.1355,109,52.1514,116,45.0199,142,40.0797,181,False,False
6465,Quincy Adams #3,QUA-3,Quincy,Quincy Adams,Red,False,False,,816923.0769230769,0.26,3705.1428571428573,0.49873475960432484,94671.0,33.1315,0.9247,49.8008,58.1673,73.9102,85.6574,1.1952,49.8008,58.1673,8.3665,30.0838,101,22.8655,197,42.479,142,38.428,138,35.5061,138,43.1869,162,56.4143,89,33.506,190,50.3984,134,46.3745,137,48.7052,121,40.6375,176,False,False
7329,North Quincy #8,NOR-8,Quincy,North Quincy,Red,False,False,,2277777.777777778,0.36,7065.142857142857,0.5035117461855171,381308.0,7.5345,17.3382,61.3546,54.9801,88.144,47.8088,28.2869,61.3546,54.9801,31.0757,22.803,147,27.9449,160,44.7668,138,39.7277,131,35.3018,140,45.8703,147,45.6773,137,41.4741,159,52.4502,124,48.506,130,48.1076,124,44.7012,163,False,False
7360,North Quincy #10,NOR-10,Quincy,North Quincy,Red,False,False,,2147878.7878787876,0.33,7065.142857142857,0.5035117461855171,381308.0,8.409,13.4082,61.3546,54.9801,88.144,50.996,23.9044,61.3546,54.9801,31.0757,22.2578,151,26.1548,170,44.3084,140,38.8763,136,34.538,146,45.2592,152,46.1753,134,39.9203,167,52.2709,125,47.8884,133,47.8088,127,44.4622,165,False,False
