setting,indicators,reference,weights,first_all,first_all_municipal,first_quincy,first_quincy_rank_in_all,first_quincy_score,first_all_score,sites_above_best_quincy,quincy_top3,all_top10_outside_quincy,all_top10_in_quincy
4ind_mixed_developer,4,mixed,ppa=0.5 buildar_ac=0.25 daily=0.15 peak_share=0.1,Braintree #1,Braintree,Wollaston #2,3,71.36,76.37,2,Wollaston #2; Wollaston #1; Quincy Adams #1,Braintree #1; Braintree #2; Malden Center #1; Malden Center #2; Wonderland #1; Malden Center #4,4
4ind_mixed_city,4,mixed,buildar_ac=0.5 ppa=0.2 daily=0.2 peak_share=0.1,Malden Center #1,Malden,Wollaston #1,4,79.04,82.35,3,Wollaston #1; Quincy Center #1; Wollaston #2,Malden Center #1; Braintree #1; Malden Center #2; Braintree #2; Revere Beach #1; Malden Center #4; Malden Center #3,3
4ind_mixed_transit,4,mixed,daily=0.4 peak_share=0.3 ppa=0.15 buildar_ac=0.15,Malden Center #1,Malden,Quincy Center #1,11,71.98,78.88,10,Quincy Center #1; Wollaston #1; Wollaston #2,Malden Center #1; Malden Center #2; Malden Center #4; Malden Center #3; Malden Center #5; Harvard #1; Wonderland #1; Malden Center #6; Harvard #2; Harvard #3,0
4ind_mixed_placemaking,4,mixed,peak_share=0.4 buildar_ac=0.25 daily=0.2 ppa=0.15,Revere Beach #1,Revere,Quincy Center #1,5,76.44,78.88,4,Quincy Center #1; Wollaston #1; Wollaston #2,Revere Beach #1; Malden Center #1; Braintree #1; Malden Center #2; Braintree #2; Malden Center #4; Wonderland #1,3
4ind_mixed_equal,4,mixed,ppa=0.25 buildar_ac=0.25 daily=0.25 peak_share=0.25,Malden Center #1,Malden,Wollaston #1,4,72.56,76.26,3,Wollaston #1; Quincy Center #1; Wollaston #2,Malden Center #1; Malden Center #2; Braintree #1; Braintree #2; Malden Center #4; Revere Beach #1; Wonderland #1,3
5ind_mixed_equal,5,mixed,ppa=0.2 buildar_ac=0.2 daily=0.2 peak_share=0.2 jobs45tr=0.2,Malden Center #1,Malden,Wollaston #1,3,75.67,78.92,2,Wollaston #1; Wollaston #2; Quincy Center #1,Malden Center #1; Malden Center #2; Malden Center #4; Wonderland #1; Revere Beach #1; Malden Center #3; Braintree #1,3
4ind_uniform_developer,4,uniform,ppa=0.5 buildar_ac=0.25 daily=0.15 peak_share=0.1,Malden Center #2,Malden,Wollaston #1,5,89.72,92.51,4,Wollaston #1; Wollaston #2; Quincy Center #1,Malden Center #2; Malden Center #1; Malden Center #4; Braintree #1; Braintree #2; Malden Center #5; Malden Center #3,3
4ind_uniform_city,4,uniform,buildar_ac=0.5 ppa=0.2 daily=0.2 peak_share=0.1,Malden Center #1,Malden,Quincy Center #1,4,87.89,92.75,3,Quincy Center #1; Wollaston #1; Wollaston #2,Malden Center #1; Malden Center #2; Malden Center #4; Malden Center #3; Braintree #1; Braintree #2; Revere Beach #1; Malden Center #5,2
4ind_uniform_transit,4,uniform,daily=0.4 peak_share=0.3 ppa=0.15 buildar_ac=0.15,Malden Center #1 = Malden Center #2,Malden,Quincy Center #1,9,79.92,86.14,8,Quincy Center #1; Quincy Center #5; Quincy Center #2,Malden Center #1; Malden Center #2; Malden Center #4; Malden Center #3; Malden Center #5; Malden Center #6; Malden Center #8; Wonderland #1; Malden Center #7,1
4ind_uniform_placemaking,4,uniform,peak_share=0.4 buildar_ac=0.25 daily=0.2 ppa=0.15,Revere Beach #1,Revere,Quincy Center #1,4,84.94,87.93,3,Quincy Center #1; Wollaston #1; Wollaston #2,Revere Beach #1; Malden Center #1; Malden Center #2; Malden Center #4; Malden Center #3; Wonderland #1; Braintree #1; Malden Center #5; Braintree #2,1
4ind_uniform_equal,4,uniform,ppa=0.25 buildar_ac=0.25 daily=0.25 peak_share=0.25,Malden Center #1 = Malden Center #2,Malden,Quincy Center #1,5,84.66,88.35,4,Quincy Center #1; Wollaston #1; Wollaston #2,Malden Center #1; Malden Center #2; Malden Center #4; Malden Center #3; Malden Center #5; Revere Beach #1; Malden Center #6; Wonderland #1,2
5ind_uniform_equal,5,uniform,ppa=0.2 buildar_ac=0.2 daily=0.2 peak_share=0.2 jobs45tr=0.2,Sullivan Square #1,Somerville,Wollaston #1,13,72.11,78.01,12,Wollaston #1; Quincy Center #1; Wollaston #2,Sullivan Square #1; Malden Center #1; Malden Center #2; Malden Center #4; Central #1; Malden Center #3; Wonderland #1; Malden Center #5; Malden Center #6; Revere Beach #1,0
