setting,indicators,reference,weights,rank,sid,site_oid,municipal,score,tied
4ind_mixed_developer,4,mixed,ppa=0.5 buildar_ac=0.25 daily=0.15 peak_share=0.1,1,Braintree #1,5973,Braintree,76.371,False
4ind_mixed_developer,4,mixed,ppa=0.5 buildar_ac=0.25 daily=0.15 peak_share=0.1,2,Braintree #2,6019,Braintree,71.689,False
4ind_mixed_developer,4,mixed,ppa=0.5 buildar_ac=0.25 daily=0.15 peak_share=0.1,3,Wollaston #2,7173,Quincy,71.358,False
4ind_mixed_developer,4,mixed,ppa=0.5 buildar_ac=0.25 daily=0.15 peak_share=0.1,4,Wollaston #1,7300,Quincy,70.761,False
4ind_mixed_developer,4,mixed,ppa=0.5 buildar_ac=0.25 daily=0.15 peak_share=0.1,5,Malden Center #1,10667,Malden,68.644,False
4ind_mixed_developer,4,mixed,ppa=0.5 buildar_ac=0.25 daily=0.15 peak_share=0.1,6,Malden Center #2,10616,Malden,68.291,False
4ind_mixed_developer,4,mixed,ppa=0.5 buildar_ac=0.25 daily=0.15 peak_share=0.1,7,Wonderland #1,10381,Revere,66.199,False
4ind_mixed_developer,4,mixed,ppa=0.5 buildar_ac=0.25 daily=0.15 peak_share=0.1,8,Quincy Adams #1,6474,Quincy,65.406,False
4ind_mixed_developer,4,mixed,ppa=0.5 buildar_ac=0.25 daily=0.15 peak_share=0.1,9,Malden Center #4,10665,Malden,64.306,False
4ind_mixed_developer,4,mixed,ppa=0.5 buildar_ac=0.25 daily=0.15 peak_share=0.1,10,Quincy Center #1,6760,Quincy,63.361,False
4ind_mixed_city,4,mixed,buildar_ac=0.5 ppa=0.2 daily=0.2 peak_share=0.1,1,Malden Center #1,10667,Malden,82.35,False
4ind_mixed_city,4,mixed,buildar_ac=0.5 ppa=0.2 daily=0.2 peak_share=0.1,2,Braintree #1,5973,Braintree,81.148,False
4ind_mixed_city,4,mixed,buildar_ac=0.5 ppa=0.2 daily=0.2 peak_share=0.1,3,Malden Center #2,10616,Malden,80.755,False
4ind_mixed_city,4,mixed,buildar_ac=0.5 ppa=0.2 daily=0.2 peak_share=0.1,4,Wollaston #1,7300,Quincy,79.039,False
4ind_mixed_city,4,mixed,buildar_ac=0.5 ppa=0.2 daily=0.2 peak_share=0.1,5,Braintree #2,6019,Braintree,78.403,False
4ind_mixed_city,4,mixed,buildar_ac=0.5 ppa=0.2 daily=0.2 peak_share=0.1,6,Quincy Center #1,6760,Quincy,75.631,False
4ind_mixed_city,4,mixed,buildar_ac=0.5 ppa=0.2 daily=0.2 peak_share=0.1,7,Wollaston #2,7173,Quincy,73.4,False
4ind_mixed_city,4,mixed,buildar_ac=0.5 ppa=0.2 daily=0.2 peak_share=0.1,8,Revere Beach #1,10369,Revere,73.144,False
4ind_mixed_city,4,mixed,buildar_ac=0.5 ppa=0.2 daily=0.2 peak_share=0.1,9,Malden Center #4,10665,Malden,71.816,False
4ind_mixed_city,4,mixed,buildar_ac=0.5 ppa=0.2 daily=0.2 peak_share=0.1,10,Malden Center #3,10664,Malden,70.746,False
4ind_mixed_transit,4,mixed,daily=0.4 peak_share=0.3 ppa=0.15 buildar_ac=0.15,1,Malden Center #1,10667,Malden,78.883,False
4ind_mixed_transit,4,mixed,daily=0.4 peak_share=0.3 ppa=0.15 buildar_ac=0.15,2,Malden Center #2,10616,Malden,78.504,False
4ind_mixed_transit,4,mixed,daily=0.4 peak_share=0.3 ppa=0.15 buildar_ac=0.15,3,Malden Center #4,10665,Malden,75.932,False
4ind_mixed_transit,4,mixed,daily=0.4 peak_share=0.3 ppa=0.15 buildar_ac=0.15,4,Malden Center #3,10664,Malden,74.282,False
4ind_mixed_transit,4,mixed,daily=0.4 peak_share=0.3 ppa=0.15 buildar_ac=0.15,5,Malden Center #5,10682,Malden,73.749,False
4ind_mixed_transit,4,mixed,daily=0.4 peak_share=0.3 ppa=0.15 buildar_ac=0.15,6,Harvard #1,9397,Cambridge,73.608,False
4ind_mixed_transit,4,mixed,daily=0.4 peak_share=0.3 ppa=0.15 buildar_ac=0.15,7,Wonderland #1,10381,Revere,73.251,False
4ind_mixed_transit,4,mixed,daily=0.4 peak_share=0.3 ppa=0.15 buildar_ac=0.15,8,Malden Center #6,10648,Malden,72.751,False
4ind_mixed_transit,4,mixed,daily=0.4 peak_share=0.3 ppa=0.15 buildar_ac=0.15,9,Harvard #2,9441,Cambridge,72.692,False
4ind_mixed_transit,4,mixed,daily=0.4 peak_share=0.3 ppa=0.15 buildar_ac=0.15,10,Harvard #3,9325,Cambridge,72.311,False
4ind_mixed_placemaking,4,mixed,peak_share=0.4 buildar_ac=0.25 daily=0.2 ppa=0.15,1,Revere Beach #1,10369,Revere,78.875,False
4ind_mixed_placemaking,4,mixed,peak_share=0.4 buildar_ac=0.25 daily=0.2 ppa=0.15,2,Malden Center #1,10667,Malden,77.763,False
4ind_mixed_placemaking,4,mixed,peak_share=0.4 buildar_ac=0.25 daily=0.2 ppa=0.15,3,Braintree #1,5973,Braintree,77.22,False
4ind_mixed_placemaking,4,mixed,peak_share=0.4 buildar_ac=0.25 daily=0.2 ppa=0.15,4,Malden Center #2,10616,Malden,77.022,False
4ind_mixed_placemaking,4,mixed,peak_share=0.4 buildar_ac=0.25 daily=0.2 ppa=0.15,5,Quincy Center #1,6760,Quincy,76.442,False
4ind_mixed_placemaking,4,mixed,peak_share=0.4 buildar_ac=0.25 daily=0.2 ppa=0.15,6,Braintree #2,6019,Braintree,75.434,False
4ind_mixed_placemaking,4,mixed,peak_share=0.4 buildar_ac=0.25 daily=0.2 ppa=0.15,7,Wollaston #1,7300,Quincy,74.961,False
4ind_mixed_placemaking,4,mixed,peak_share=0.4 buildar_ac=0.25 daily=0.2 ppa=0.15,8,Malden Center #4,10665,Malden,72.613,False
4ind_mixed_placemaking,4,mixed,peak_share=0.4 buildar_ac=0.25 daily=0.2 ppa=0.15,9,Wollaston #2,7173,Quincy,72.569,False
4ind_mixed_placemaking,4,mixed,peak_share=0.4 buildar_ac=0.25 daily=0.2 ppa=0.15,10,Wonderland #1,10381,Revere,72.126,False
4ind_mixed_equal,4,mixed,ppa=0.25 buildar_ac=0.25 daily=0.25 peak_share=0.25,1,Malden Center #1,10667,Malden,76.259,False
4ind_mixed_equal,4,mixed,ppa=0.25 buildar_ac=0.25 daily=0.25 peak_share=0.25,2,Malden Center #2,10616,Malden,75.628,False
4ind_mixed_equal,4,mixed,ppa=0.25 buildar_ac=0.25 daily=0.25 peak_share=0.25,3,Braintree #1,5973,Braintree,75.133,False
4ind_mixed_equal,4,mixed,ppa=0.25 buildar_ac=0.25 daily=0.25 peak_share=0.25,4,Wollaston #1,7300,Quincy,72.557,False
4ind_mixed_equal,4,mixed,ppa=0.25 buildar_ac=0.25 daily=0.25 peak_share=0.25,5,Braintree #2,6019,Braintree,72.52,False
4ind_mixed_equal,4,mixed,ppa=0.25 buildar_ac=0.25 daily=0.25 peak_share=0.25,6,Quincy Center #1,6760,Quincy,71.424,False
4ind_mixed_equal,4,mixed,ppa=0.25 buildar_ac=0.25 daily=0.25 peak_share=0.25,7,Malden Center #4,10665,Malden,71.341,False
4ind_mixed_equal,4,mixed,ppa=0.25 buildar_ac=0.25 daily=0.25 peak_share=0.25,8,Wollaston #2,7173,Quincy,71.019,False
4ind_mixed_equal,4,mixed,ppa=0.25 buildar_ac=0.25 daily=0.25 peak_share=0.25,9,Revere Beach #1,10369,Revere,70.294,False
4ind_mixed_equal,4,mixed,ppa=0.25 buildar_ac=0.25 daily=0.25 peak_share=0.25,10,Wonderland #1,10381,Revere,69.562,False
5ind_mixed_equal,5,mixed,ppa=0.2 buildar_ac=0.2 daily=0.2 peak_share=0.2 jobs45tr=0.2,1,Malden Center #1,10667,Malden,78.92,False
5ind_mixed_equal,5,mixed,ppa=0.2 buildar_ac=0.2 daily=0.2 peak_share=0.2 jobs45tr=0.2,2,Malden Center #2,10616,Malden,78.415,False
5ind_mixed_equal,5,mixed,ppa=0.2 buildar_ac=0.2 daily=0.2 peak_share=0.2 jobs45tr=0.2,3,Wollaston #1,7300,Quincy,75.675,False
5ind_mixed_equal,5,mixed,ppa=0.2 buildar_ac=0.2 daily=0.2 peak_share=0.2 jobs45tr=0.2,4,Malden Center #4,10665,Malden,74.985,False
5ind_mixed_equal,5,mixed,ppa=0.2 buildar_ac=0.2 daily=0.2 peak_share=0.2 jobs45tr=0.2,5,Wollaston #2,7173,Quincy,73.876,False
5ind_mixed_equal,5,mixed,ppa=0.2 buildar_ac=0.2 daily=0.2 peak_share=0.2 jobs45tr=0.2,6,Wonderland #1,10381,Revere,73.866,False
5ind_mixed_equal,5,mixed,ppa=0.2 buildar_ac=0.2 daily=0.2 peak_share=0.2 jobs45tr=0.2,7,Quincy Center #1,6760,Quincy,73.843,False
5ind_mixed_equal,5,mixed,ppa=0.2 buildar_ac=0.2 daily=0.2 peak_share=0.2 jobs45tr=0.2,8,Revere Beach #1,10369,Revere,73.408,False
5ind_mixed_equal,5,mixed,ppa=0.2 buildar_ac=0.2 daily=0.2 peak_share=0.2 jobs45tr=0.2,9,Malden Center #3,10664,Malden,72.785,False
5ind_mixed_equal,5,mixed,ppa=0.2 buildar_ac=0.2 daily=0.2 peak_share=0.2 jobs45tr=0.2,10,Braintree #1,5973,Braintree,72.59,False
4ind_uniform_developer,4,uniform,ppa=0.5 buildar_ac=0.25 daily=0.15 peak_share=0.1,1,Malden Center #2,10616,Malden,92.51,False
4ind_uniform_developer,4,uniform,ppa=0.5 buildar_ac=0.25 daily=0.15 peak_share=0.1,2,Malden Center #1,10667,Malden,92.211,False
4ind_uniform_developer,4,uniform,ppa=0.5 buildar_ac=0.25 daily=0.15 peak_share=0.1,3,Malden Center #4,10665,Malden,91.116,False
4ind_uniform_developer,4,uniform,ppa=0.5 buildar_ac=0.25 daily=0.15 peak_share=0.1,4,Braintree #1,5973,Braintree,90.12,False
4ind_uniform_developer,4,uniform,ppa=0.5 buildar_ac=0.25 daily=0.15 peak_share=0.1,5,Wollaston #1,7300,Quincy,89.721,False
4ind_uniform_developer,4,uniform,ppa=0.5 buildar_ac=0.25 daily=0.15 peak_share=0.1,6,Braintree #2,6019,Braintree,89.124,False
4ind_uniform_developer,4,uniform,ppa=0.5 buildar_ac=0.25 daily=0.15 peak_share=0.1,7,Wollaston #2,7173,Quincy,89.024,False
4ind_uniform_developer,4,uniform,ppa=0.5 buildar_ac=0.25 daily=0.15 peak_share=0.1,8,Quincy Center #1,6760,Quincy,88.446,False
4ind_uniform_developer,4,uniform,ppa=0.5 buildar_ac=0.25 daily=0.15 peak_share=0.1,9,Malden Center #5,10682,Malden,87.729,False
4ind_uniform_developer,4,uniform,ppa=0.5 buildar_ac=0.25 daily=0.15 peak_share=0.1,10,Malden Center #3,10664,Malden,86.833,False
4ind_uniform_city,4,uniform,buildar_ac=0.5 ppa=0.2 daily=0.2 peak_share=0.1,1,Malden Center #1,10667,Malden,92.749,False
4ind_uniform_city,4,uniform,buildar_ac=0.5 ppa=0.2 daily=0.2 peak_share=0.1,2,Malden Center #2,10616,Malden,92.39,False
4ind_uniform_city,4,uniform,buildar_ac=0.5 ppa=0.2 daily=0.2 peak_share=0.1,3,Malden Center #4,10665,Malden,88.964,False
4ind_uniform_city,4,uniform,buildar_ac=0.5 ppa=0.2 daily=0.2 peak_share=0.1,4,Quincy Center #1,6760,Quincy,87.888,False
4ind_uniform_city,4,uniform,buildar_ac=0.5 ppa=0.2 daily=0.2 peak_share=0.1,5,Malden Center #3,10664,Malden,87.729,False
4ind_uniform_city,4,uniform,buildar_ac=0.5 ppa=0.2 daily=0.2 peak_share=0.1,6,Wollaston #1,7300,Quincy,87.689,False
4ind_uniform_city,4,uniform,buildar_ac=0.5 ppa=0.2 daily=0.2 peak_share=0.1,7,Braintree #1,5973,Braintree,87.49,False
4ind_uniform_city,4,uniform,buildar_ac=0.5 ppa=0.2 daily=0.2 peak_share=0.1,8,Braintree #2,6019,Braintree,86.454,False
4ind_uniform_city,4,uniform,buildar_ac=0.5 ppa=0.2 daily=0.2 peak_share=0.1,9,Revere Beach #1,10369,Revere,86.135,False
4ind_uniform_city,4,uniform,buildar_ac=0.5 ppa=0.2 daily=0.2 peak_share=0.1,10,Malden Center #5,10682,Malden,85.697,False
4ind_uniform_transit,4,uniform,daily=0.4 peak_share=0.3 ppa=0.15 buildar_ac=0.15,1,Malden Center #1,10667,Malden,86.135,True
4ind_uniform_transit,4,uniform,daily=0.4 peak_share=0.3 ppa=0.15 buildar_ac=0.15,1,Malden Center #2,10616,Malden,86.135,True
4ind_uniform_transit,4,uniform,daily=0.4 peak_share=0.3 ppa=0.15 buildar_ac=0.15,3,Malden Center #4,10665,Malden,85.179,False
4ind_uniform_transit,4,uniform,daily=0.4 peak_share=0.3 ppa=0.15 buildar_ac=0.15,4,Malden Center #3,10664,Malden,83.984,False
4ind_uniform_transit,4,uniform,daily=0.4 peak_share=0.3 ppa=0.15 buildar_ac=0.15,5,Malden Center #5,10682,Malden,83.805,False
4ind_uniform_transit,4,uniform,daily=0.4 peak_share=0.3 ppa=0.15 buildar_ac=0.15,6,Malden Center #6,10648,Malden,82.908,False
4ind_uniform_transit,4,uniform,daily=0.4 peak_share=0.3 ppa=0.15 buildar_ac=0.15,7,Malden Center #8,10692,Malden,81.295,False
4ind_uniform_transit,4,uniform,daily=0.4 peak_share=0.3 ppa=0.15 buildar_ac=0.15,8,Wonderland #1,10381,Revere,80.996,False
4ind_uniform_transit,4,uniform,daily=0.4 peak_share=0.3 ppa=0.15 buildar_ac=0.15,9,Quincy Center #1,6760,Quincy,79.92,False
4ind_uniform_transit,4,uniform,daily=0.4 peak_share=0.3 ppa=0.15 buildar_ac=0.15,10,Malden Center #7,10687,Malden,79.801,False
4ind_uniform_placemaking,4,uniform,peak_share=0.4 buildar_ac=0.25 daily=0.2 ppa=0.15,1,Revere Beach #1,10369,Revere,87.928,False
4ind_uniform_placemaking,4,uniform,peak_share=0.4 buildar_ac=0.25 daily=0.2 ppa=0.15,2,Malden Center #1,10667,Malden,85.259,False
4ind_uniform_placemaking,4,uniform,peak_share=0.4 buildar_ac=0.25 daily=0.2 ppa=0.15,3,Malden Center #2,10616,Malden,85.139,False
4ind_uniform_placemaking,4,uniform,peak_share=0.4 buildar_ac=0.25 daily=0.2 ppa=0.15,4,Quincy Center #1,6760,Quincy,84.94,False
4ind_uniform_placemaking,4,uniform,peak_share=0.4 buildar_ac=0.25 daily=0.2 ppa=0.15,5,Malden Center #4,10665,Malden,83.466,False
4ind_uniform_placemaking,4,uniform,peak_share=0.4 buildar_ac=0.25 daily=0.2 ppa=0.15,6,Malden Center #3,10664,Malden,82.39,False
4ind_uniform_placemaking,4,uniform,peak_share=0.4 buildar_ac=0.25 daily=0.2 ppa=0.15,7,Wonderland #1,10381,Revere,81.992,False
4ind_uniform_placemaking,4,uniform,peak_share=0.4 buildar_ac=0.25 daily=0.2 ppa=0.15,8,Braintree #1,5973,Braintree,81.713,False
4ind_uniform_placemaking,4,uniform,peak_share=0.4 buildar_ac=0.25 daily=0.2 ppa=0.15,9,Malden Center #5,10682,Malden,81.614,False
4ind_uniform_placemaking,4,uniform,peak_share=0.4 buildar_ac=0.25 daily=0.2 ppa=0.15,10,Braintree #2,6019,Braintree,81.135,False
4ind_uniform_equal,4,uniform,ppa=0.25 buildar_ac=0.25 daily=0.25 peak_share=0.25,1,Malden Center #1,10667,Malden,88.347,True
4ind_uniform_equal,4,uniform,ppa=0.25 buildar_ac=0.25 daily=0.25 peak_share=0.25,1,Malden Center #2,10616,Malden,88.347,True
4ind_uniform_equal,4,uniform,ppa=0.25 buildar_ac=0.25 daily=0.25 peak_share=0.25,3,Malden Center #4,10665,Malden,86.753,False
4ind_uniform_equal,4,uniform,ppa=0.25 buildar_ac=0.25 daily=0.25 peak_share=0.25,4,Malden Center #3,10664,Malden,84.761,False
4ind_uniform_equal,4,uniform,ppa=0.25 buildar_ac=0.25 daily=0.25 peak_share=0.25,5,Quincy Center #1,6760,Quincy,84.661,False
4ind_uniform_equal,4,uniform,ppa=0.25 buildar_ac=0.25 daily=0.25 peak_share=0.25,6,Malden Center #5,10682,Malden,84.462,True
4ind_uniform_equal,4,uniform,ppa=0.25 buildar_ac=0.25 daily=0.25 peak_share=0.25,6,Revere Beach #1,10369,Revere,84.462,True
4ind_uniform_equal,4,uniform,ppa=0.25 buildar_ac=0.25 daily=0.25 peak_share=0.25,8,Malden Center #6,10648,Malden,82.968,False
4ind_uniform_equal,4,uniform,ppa=0.25 buildar_ac=0.25 daily=0.25 peak_share=0.25,9,Wonderland #1,10381,Revere,82.47,False
4ind_uniform_equal,4,uniform,ppa=0.25 buildar_ac=0.25 daily=0.25 peak_share=0.25,10,Wollaston #1,7300,Quincy,82.371,False
5ind_uniform_equal,5,uniform,ppa=0.2 buildar_ac=0.2 daily=0.2 peak_share=0.2 jobs45tr=0.2,1,Sullivan Square #1,9863,Somerville,78.008,False
5ind_uniform_equal,5,uniform,ppa=0.2 buildar_ac=0.2 daily=0.2 peak_share=0.2 jobs45tr=0.2,2,Malden Center #1,10667,Malden,77.928,True
5ind_uniform_equal,5,uniform,ppa=0.2 buildar_ac=0.2 daily=0.2 peak_share=0.2 jobs45tr=0.2,2,Malden Center #2,10616,Malden,77.928,True
5ind_uniform_equal,5,uniform,ppa=0.2 buildar_ac=0.2 daily=0.2 peak_share=0.2 jobs45tr=0.2,4,Malden Center #4,10665,Malden,76.653,False
5ind_uniform_equal,5,uniform,ppa=0.2 buildar_ac=0.2 daily=0.2 peak_share=0.2 jobs45tr=0.2,5,Central #1,9289,Cambridge,75.538,False
5ind_uniform_equal,5,uniform,ppa=0.2 buildar_ac=0.2 daily=0.2 peak_share=0.2 jobs45tr=0.2,6,Malden Center #3,10664,Malden,75.06,False
5ind_uniform_equal,5,uniform,ppa=0.2 buildar_ac=0.2 daily=0.2 peak_share=0.2 jobs45tr=0.2,7,Wonderland #1,10381,Revere,74.9,False
5ind_uniform_equal,5,uniform,ppa=0.2 buildar_ac=0.2 daily=0.2 peak_share=0.2 jobs45tr=0.2,8,Malden Center #5,10682,Malden,74.821,False
5ind_uniform_equal,5,uniform,ppa=0.2 buildar_ac=0.2 daily=0.2 peak_share=0.2 jobs45tr=0.2,9,Malden Center #6,10648,Malden,73.625,False
5ind_uniform_equal,5,uniform,ppa=0.2 buildar_ac=0.2 daily=0.2 peak_share=0.2 jobs45tr=0.2,10,Revere Beach #1,10369,Revere,73.227,False
