setting,sid,site_oid,seed_7,seed_11,seed_23,seed_42,seed_2026,min,max,range
4ind_mixed,Harvard #1,9397,0.0592,0.058535,0.059625,0.058125,0.058605,0.058125,0.059625,0.0014999999999999944
4ind_mixed,Alewife #1,9965,0.00175,0.001735,0.001605,0.001605,0.00169,0.001605,0.00175,0.00014499999999999995
4ind_mixed,Harvard #4,9447,0.013795,0.014145,0.01351,0.01414,0.01377,0.01351,0.014145,0.0006350000000000001
4ind_mixed,Malden Center #1,10667,0.31075,0.309535,0.307615,0.308585,0.30891,0.307615,0.31075,0.003134999999999999
4ind_mixed,Malden Center #2,10616,0.026495,0.02675,0.0261,0.026435,0.026145,0.0261,0.02675,0.0006499999999999978
4ind_mixed,Malden Center #4,10665,0.004285,0.004485,0.00495,0.004485,0.00471,0.004285,0.00495,0.0006650000000000007
4ind_mixed,Revere Beach #1,10369,0.14403,0.14592,0.1473,0.14614,0.14635,0.14403,0.1473,0.003269999999999995
4ind_mixed,Wonderland #1,10381,0.10183,0.102165,0.10316,0.10389,0.10264,0.10183,0.10389,0.0020599999999999924
4ind_mixed,Quincy Adams #1,6474,0.00372,0.00371,0.003735,0.00381,0.003635,0.003635,0.00381,0.0001749999999999998
4ind_mixed,Braintree #1,5973,0.334145,0.33302,0.3324,0.332785,0.333545,0.3324,0.334145,0.001745000000000052
4ind_uniform,Assembly #1,9967,2.5e-05,1.5e-05,2.5e-05,2e-05,1.25e-05,1.25e-05,2.5e-05,1.25e-05
4ind_uniform,Assembly #2,9971,2.5e-05,1.5e-05,2.5e-05,2e-05,1.25e-05,1.25e-05,2.5e-05,1.25e-05
4ind_uniform,Harvard #1,9397,0.036985,0.03698,0.03761,0.037035,0.03704,0.03698,0.03761,0.0006299999999999986
4ind_uniform,Alewife #1,9965,0.001325,0.00131,0.001175,0.00122,0.001345,0.001175,0.001345,0.00017
4ind_uniform,Central #1,9289,0.000295,0.00028,0.000275,0.00027,0.00021,0.00021,0.000295,8.5e-05
4ind_uniform,Harvard #3,9325,0.003495,0.003305,0.003425,0.00338,0.00347,0.003305,0.003495,0.00018999999999999963
4ind_uniform,Harvard #4,9447,0.032675,0.03318,0.032765,0.03248,0.032445,0.032445,0.03318,0.0007349999999999995
4ind_uniform,Malden Center #1,10667,0.265185,0.263235,0.261845,0.262345,0.26286,0.261845,0.265185,0.0033400000000000096
4ind_uniform,Malden Center #2,10616,0.2077,0.20916,0.207025,0.20961,0.208505,0.207025,0.20961,0.002585000000000004
4ind_uniform,Malden Center #4,10665,0.036625,0.03726,0.037515,0.03813,0.03799,0.036625,0.03813,0.0015049999999999994
4ind_uniform,Revere Beach #1,10369,0.26968,0.270645,0.272055,0.26971,0.270385,0.26968,0.272055,0.002375000000000016
4ind_uniform,Wonderland #1,10381,0.05358,0.052875,0.053765,0.053025,0.05369,0.052875,0.053765,0.0008900000000000019
4ind_uniform,Quincy Adams #1,6474,3.5e-05,2.5e-05,5e-05,2e-05,4e-05,2e-05,5e-05,3e-05
4ind_uniform,Braintree #1,5973,0.09237,0.091715,0.092445,0.092735,0.091995,0.091715,0.092735,0.0010199999999999931
5ind_mixed,East Somerville #1,9475,0.00125,0.00125,0.00125,0.00127,0.00118,0.00118,0.00127,9.000000000000002e-05
5ind_mixed,Union Square #1,9577,0.0006,0.00064,0.00066,0.0007,0.00064,0.0006,0.0007,0.00010000000000000005
5ind_mixed,Assembly #1,9967,0.004965,0.0049375,0.0048,0.00485,0.00499,0.0048,0.00499,0.00019000000000000006
5ind_mixed,Assembly #2,9971,0.004965,0.0049375,0.0048,0.00485,0.00499,0.0048,0.00499,0.00019000000000000006
5ind_mixed,Sullivan Square #3,9818,0.00011,0.00012,0.000135,8e-05,0.00013,8e-05,0.000135,5.4999999999999995e-05
5ind_mixed,Sullivan Square #1,9863,0.00139,0.001465,0.001355,0.00144,0.00147,0.001355,0.00147,0.00011499999999999987
5ind_mixed,Sullivan Square #2,9810,0.0005,0.000585,0.000435,0.00045,0.000495,0.000435,0.000585,0.00015000000000000001
5ind_mixed,Porter #1,9921,0.003035,0.003045,0.003455,0.003205,0.00301,0.00301,0.003455,0.0004450000000000001
5ind_mixed,Harvard #1,9397,0.09653,0.09732,0.09626,0.096925,0.09653,0.09626,0.09732,0.0010600000000000054
5ind_mixed,Alewife #1,9965,0.000555,0.00044,0.00047,0.000525,0.000525,0.00044,0.000555,0.00011500000000000003
5ind_mixed,Central #2,9206,4e-05,2.5e-05,3.5e-05,5.5e-05,4e-05,2.5e-05,5.5e-05,3e-05
5ind_mixed,Central #1,9289,0.000745,0.00076,0.00074,0.00078,0.00067,0.00067,0.00078,0.00010999999999999996
5ind_mixed,Lechmere #2,9298,0.00016,0.000185,0.00013,0.000175,0.0002,0.00013,0.0002,7.000000000000002e-05
5ind_mixed,Harvard #4,9447,0.023115,0.02289,0.02333,0.02239,0.022715,0.02239,0.02333,0.0009399999999999999
5ind_mixed,Union Square #16,9438,0.00048,0.000465,0.00036,0.000525,0.000515,0.00036,0.000525,0.00016499999999999994
5ind_mixed,Amory Street #1,8865,0.0018,0.001725,0.001675,0.00182,0.00183,0.001675,0.00183,0.00015499999999999997
5ind_mixed,Malden Center #1,10667,0.34254,0.342805,0.341165,0.344075,0.34328,0.341165,0.344075,0.0029100000000000237
5ind_mixed,Malden Center #2,10616,0.020705,0.020805,0.02113,0.020285,0.02024,0.02024,0.02113,0.0008899999999999984
5ind_mixed,Malden Center #4,10665,0.00259,0.0025,0.00267,0.002585,0.002615,0.0025,0.00267,0.00017
5ind_mixed,Malden Center #10,10710,0.001415,0.001345,0.001395,0.001245,0.00131,0.001245,0.001415,0.00017
5ind_mixed,Revere Beach #1,10369,0.130465,0.128475,0.1289,0.12836,0.12776,0.12776,0.130465,0.002704999999999985
5ind_mixed,Revere Beach #2,10358,0.0019,0.00203,0.00188,0.001835,0.00199,0.001835,0.00203,0.00019500000000000008
5ind_mixed,Wonderland #1,10381,0.16712,0.167755,0.167585,0.165685,0.16772,0.165685,0.167755,0.0020699999999999885
5ind_mixed,Revere Beach #3,10273,0.000125,0.0001,0.000115,8.5e-05,0.0001,8.5e-05,0.000125,3.9999999999999996e-05
5ind_mixed,Revere Beach #5,10281,1.5e-05,5e-06,1e-05,5e-06,5e-06,5e-06,1.5e-05,9.999999999999999e-06
5ind_mixed,Wollaston #2,7173,0.01316,0.012645,0.013265,0.01352,0.013425,0.012645,0.01352,0.0008750000000000008
5ind_mixed,Wollaston #1,7300,0.056135,0.056635,0.05614,0.05673,0.056875,0.056135,0.056875,0.0007400000000000045
5ind_mixed,Quincy Adams #1,6474,0.00274,0.00282,0.002835,0.002935,0.002675,0.002675,0.002935,0.00026000000000000025
5ind_mixed,Braintree #1,5973,0.12085,0.12129,0.12302,0.122615,0.122075,0.12085,0.12302,0.0021700000000000053
5ind_uniform,East Somerville #1,9475,0.00098,0.00098,0.0011,0.001,0.001115,0.00098,0.001115,0.00013500000000000014
5ind_uniform,Union Square #1,9577,0.01969,0.0204,0.02009,0.02022,0.02048,0.01969,0.02048,0.0007900000000000025
5ind_uniform,Assembly #1,9967,0.0145075,0.0141325,0.0141075,0.01395,0.013765,0.013765,0.0145075,0.0007425000000000001
5ind_uniform,Lechmere #1,9457,0.00047,0.000365,0.00042,0.00053,0.00034,0.00034,0.00053,0.00018999999999999996
5ind_uniform,Assembly #2,9971,0.0145075,0.0141325,0.0141075,0.01395,0.013765,0.013765,0.0145075,0.0007425000000000001
5ind_uniform,Sullivan Square #3,9818,0.001775,0.001875,0.001855,0.001855,0.001795,0.001775,0.001875,9.999999999999983e-05
5ind_uniform,Sullivan Square #1,9863,0.0917,0.09024,0.090725,0.08967,0.090355,0.08967,0.0917,0.002030000000000004
5ind_uniform,Sullivan Square #2,9810,0.00685,0.006755,0.00648,0.00655,0.006545,0.00648,0.00685,0.00037000000000000054
5ind_uniform,Porter #1,9921,0.024415,0.023955,0.024765,0.02472,0.024335,0.023955,0.024765,0.0008099999999999982
5ind_uniform,Union Square #5,9427,9.5e-05,6.5e-05,0.000115,0.000105,7e-05,6.5e-05,0.000115,5.000000000000001e-05
5ind_uniform,Harvard #1,9397,0.11107,0.113925,0.11137,0.11206,0.11394,0.11107,0.11394,0.0028699999999999976
5ind_uniform,Alewife #1,9965,0.00015,0.00012,0.000115,9e-05,0.00017,9e-05,0.00017,8e-05
5ind_uniform,Central #2,9206,0.001665,0.001655,0.00172,0.001605,0.00145,0.00145,0.00172,0.00027000000000000006
5ind_uniform,Central #1,9289,0.110765,0.11166,0.11163,0.111305,0.111725,0.110765,0.111725,0.0009600000000000025
5ind_uniform,Harvard #3,9325,0.0005,0.000595,0.00055,0.00063,0.000545,0.0005,0.00063,0.00013000000000000002
5ind_uniform,Lechmere #2,9298,0.01983,0.01992,0.019585,0.019795,0.019875,0.019585,0.01992,0.0003349999999999985
5ind_uniform,Harvard #4,9447,0.091525,0.090595,0.091155,0.090475,0.09043,0.09043,0.091525,0.0010949999999999988
5ind_uniform,Union Square #16,9438,0.01219,0.011705,0.01254,0.012375,0.01203,0.011705,0.01254,0.0008350000000000007
5ind_uniform,Amory Street #1,8865,0.00475,0.00452,0.00435,0.004395,0.0043,0.0043,0.00475,0.0004499999999999999
5ind_uniform,Malden Center #1,10667,0.146265,0.14611,0.14499,0.146795,0.145145,0.14499,0.146795,0.001805000000000001
5ind_uniform,Malden Center #2,10616,0.11795,0.118615,0.11889,0.11912,0.11905,0.11795,0.11912,0.0011700000000000044
5ind_uniform,Malden Center #4,10665,0.00951,0.009665,0.009225,0.009455,0.0095,0.009225,0.009665,0.0004399999999999994
5ind_uniform,Malden Center #10,10710,0.01258,0.012795,0.013445,0.013595,0.0134,0.01258,0.013595,0.0010150000000000003
5ind_uniform,Revere Beach #1,10369,0.110395,0.109765,0.110845,0.11009,0.109935,0.109765,0.110845,0.0010799999999999976
5ind_uniform,Revere Beach #2,10358,0.001765,0.00146,0.00157,0.00153,0.00167,0.00146,0.001765,0.00030500000000000015
5ind_uniform,Wonderland #1,10381,0.04988,0.050105,0.050035,0.04931,0.05011,0.04931,0.05011,0.0008000000000000021
5ind_uniform,Revere Beach #3,10273,0.0001,6e-05,0.00013,0.000145,9e-05,6e-05,0.000145,8.5e-05
5ind_uniform,Revere Beach #5,10281,1e-05,4.5e-05,2.5e-05,1e-05,3.5e-05,1e-05,4.5e-05,3.5000000000000004e-05
5ind_uniform,Wollaston #2,7173,0.00024,0.000235,0.00023,0.00026,0.0002,0.0002,0.00026,5.999999999999997e-05
5ind_uniform,Wollaston #1,7300,0.013415,0.013405,0.013545,0.014125,0.013955,0.013405,0.014125,0.0007200000000000002
5ind_uniform,Quincy Adams #1,6474,5e-06,1e-05,0.0,5e-06,5e-06,0.0,1e-05,1e-05
5ind_uniform,Braintree #1,5973,0.01045,0.010135,0.01029,0.01028,0.009875,0.009875,0.01045,0.0005749999999999991
